"","Region","site","ID","Microsite","RDM","x","y","z","bur.drip","bur.buf","max.veg.height","rdm.cov","green.cov","non.veg.cov","largewood.cov","lrgrocks.cov","AT","PF","PF.out","PF.in","RDM.date","comments","uniID","abun","H","Simpson","Species","Even"
"C1 ephedra 10","Cuyama","C1",10,"ephedra",5.0761,295,245,170,2,0,49,85,0,15,NA,NA,"Y","Y","june.28","july.1","july.1",NA,"C1 ephedra 10",16,1.24401669579289,0.625,5,0.772951032271542
"C1 ephedra 14","Cuyama","C1",14,"ephedra",2.9378,425,400,195,3,0,32,50,0,20,30,NA,NA,"Y","june.28","july.1","july.1",NA,"C1 ephedra 14",31,0.973558432602866,0.393340270551509,8,0.468182640910596
"C1 ephedra 18","Cuyama","C1",18,"ephedra",0.2944,375,365,120,1,0,20,7,0,91,NA,NA,NA,"Y","june.28","july.1","july.1",NA,"C1 ephedra 18",52,0.75097956085167,0.30991124260355,7,0.385927151475236
"C1 ephedra 2","Cuyama","C1",2,"ephedra",2.5613,410,405,210,1,0,31,80,0,5,15,NA,NA,"Y","june.28","july.1","july.1",NA,"C1 ephedra 2",74,1.46511090144071,0.664718772826881,10,0.636289579872001
"C1 ephedra 26","Cuyama","C1",26,"ephedra",1.6736,380,280,115,2,0,16,20,0,75,5,NA,NA,"Y","june.28","july.1","july.1",NA,"C1 ephedra 26",25,1.7864625479053,0.7488,10,0.775850826682096
"C1 ephedra 30","Cuyama","C1",30,"ephedra",0,425,375,190,1,0,NA,0,0,0,0,NA,NA,"Y","june.28","july.1","july.1","0 rdm","C1 ephedra 30",44,2.25712815550792,0.871900826446281,13,0.879989364679597
"C1 ephedra 6","Cuyama","C1",6,"ephedra",2.7842,225,195,160,1,0,32,45,0,55,NA,NA,"Y","Y","june.28","july.1","july.1",NA,"C1 ephedra 6",5,1.33217904021012,0.72,4,0.960964047443681
"C1 open 10","Cuyama","C1",10,"open",2.1315,NA,NA,NA,1,NA,20,40,5,55,NA,NA,NA,"Y","june.28","july.1","july.1",NA,"C1 open 10",8,1.73286795139986,0.8125,6,0.967132018086354
"C1 open 18","Cuyama","C1",18,"open",0.2734,NA,NA,NA,0,NA,7,5,0,95,NA,NA,NA,"Y","june.28","july.1","july.1",NA,"C1 open 18",23,1.9067883751654,0.816635160680529,9,0.867816787975797
"C1 open 2","Cuyama","C1",2,"open",0.6139,NA,NA,NA,1,NA,19,20,0,80,NA,NA,NA,"Y","june.28","july.1","july.1",NA,"C1 open 2",32,1.11893747454469,0.59375,5,0.69523494252252
"C1 open 21","Cuyama","C1",21,"open",3.7783,NA,NA,NA,2,NA,23,20,10,70,NA,NA,NA,"Y","june.28","july.1","july.1",NA,"C1 open 21",26,1.49702665628696,0.665680473372781,8,0.719917644367929
"C1 open 26","Cuyama","C1",26,"open",8.5927,NA,NA,NA,3,NA,12,75,0,25,NA,NA,NA,"Y","june.28","july.1","july.1",NA,"C1 open 26",27,1.63666867469966,0.735253772290809,8,0.787071260189173
"C1 open 30","Cuyama","C1",30,"open",1.6039,NA,NA,NA,0,NA,12,8,0,92,NA,NA,NA,"Y","june.28","july.1","july.1",NA,"C1 open 30",38,1.95703458016415,0.831024930747922,10,0.849929319059138
"C1 open 6","Cuyama","C1",6,"open",10.1174,NA,NA,NA,0,NA,37,85,0,15,NA,NA,NA,"Y","june.28","july.1","july.1",NA,"C1 open 6",17,2.11928092190985,0.830449826989619,11,0.883808790963846
"C2 ephedra 10","Cuyama","C2",10,"ephedra",1.9667,435,425,155,2,2,32,50,0,35,15,NA,NA,"Y","june.28","july.1","july.1",NA,"C2 ephedra 10",65,1.5297109737695,0.617278106508876,12,0.615600981992627
"C2 ephedra 14","Cuyama","C2",14,"ephedra",4.2574,265,210,180,4,0,46,80,0,20,NA,NA,NA,"Y","june.28","july.1","july.1",NA,"C2 ephedra 14",172,1.66683591087332,0.722214710654408,19,0.566096265763059
"C2 ephedra 18","Cuyama","C2",18,"ephedra",0.1271,530,510,120,0,2,11,5,0,95,NA,NA,NA,"Y","june.28","july.1","july.1",NA,"C2 ephedra 18",20,2.01124244197243,0.82,10,0.873471494318246
"C2 ephedra 2","Cuyama","C2",2,"ephedra",3.7826,295,250,150,0,0,29,70,0,10,20,NA,NA,"Y","june.28","july.1","july.1",NA,"C2 ephedra 2",34,1.77690724251337,0.695501730103806,12,0.715080078627889
"C2 ephedra 22","Cuyama","C2",22,"ephedra",2.6233,325,265,165,0,0,22,60,0,40,NA,NA,NA,"Y","june.28","july.1","july.1",NA,"C2 ephedra 22",53,1.91287825324788,0.732645069419722,16,0.689924992446263
"C2 ephedra 26","Cuyama","C2",26,"ephedra",0.7654,350,340,165,0,0,26,60,0,10,30,NA,NA,"Y","june.28","july.1","july.1",NA,"C2 ephedra 26",26,1.88289762574321,0.78698224852071,10,0.817732048849009
"C2 ephedra 29","Cuyama","C2",29,"ephedra",1.6225,430,420,195,3,0,37,80,0,20,NA,NA,"Y","Y","june.28","july.1","july.1",NA,"C2 ephedra 29",78,1.45135594639531,0.611111111111111,10,0.630315878796954
"C2 ephedra 6","Cuyama","C2",6,"ephedra",3.8107,420,375,185,1,0,33,65,0,0,35,NA,NA,"Y","june.28","july.1","july.1",NA,"C2 ephedra 6",37,1.26612527344826,0.634039444850256,7,0.650659679257506
"C2 open 10","Cuyama","C2",10,"open",0.2603,NA,NA,NA,2,NA,8,5,0,95,NA,NA,NA,"Y","june.28","july.1","july.1",NA,"C2 open 10",56,1.46538327662813,0.650510204081633,10,0.636407870912902
"C2 open 14","Cuyama","C2",14,"open",0.9522,NA,NA,NA,2,NA,12,45,0,55,NA,NA,NA,"Y","june.28","july.1","july.1",NA,"C2 open 14",25,2.13032630286671,0.8416,12,0.857306371266888
"C2 open 18","Cuyama","C2",18,"open",1.1367,NA,NA,NA,3,NA,12,6,2,92,NA,NA,NA,"Y","june.28","july.1","july.1",NA,"C2 open 18",34,1.22199642349629,0.622837370242215,6,0.682009189560896
"C2 open 2","Cuyama","C2",2,"open",4.4772,NA,NA,NA,1,NA,16,15,15,70,NA,NA,NA,"Y","june.28","july.1","july.1",NA,"C2 open 2",88,1.72373452859254,0.71797520661157,15,0.636522368710506
"C2 open 22","Cuyama","C2",22,"open",0.6583,NA,NA,NA,0,NA,9,8,0,92,NA,NA,NA,"Y","june.28","july.1","july.1",NA,"C2 open 22",66,1.99542936071698,0.826905417814509,12,0.803019848205251
"C2 open 26","Cuyama","C2",26,"open",0.2095,NA,NA,NA,3,NA,8,4,2,94,NA,NA,NA,"Y","june.28","july.1","july.1",NA,"C2 open 26",85,1.48982528528414,0.610657439446367,13,0.580840039180569
"C2 open 29","Cuyama","C2",29,"open",0.1884,NA,NA,NA,0,NA,9,3,0,97,NA,NA,NA,"Y","june.28","july.1","july.1",NA,"C2 open 29",63,1.9237443167717,0.759385235575712,16,0.693844096436216
"C2 open 6","Cuyama","C2",6,"open",0.9305,NA,NA,NA,2,NA,10,15,0,85,NA,NA,NA,"Y","june.28","july.1","july.1",NA,"C2 open 6",33,2.19896885869983,0.855831037649219,13,0.857314727210088
"C3 ephedra 14","Cuyama","C3",14,"ephedra",4.5376,315,305,155,1,0,36,75,0,25,NA,NA,NA,"Y","june.28","july.1","july.1",NA,"C3 ephedra 14",8,1.73286795139986,0.8125,6,0.967132018086354
"C3 ephedra 18","Cuyama","C3",18,"ephedra",4.2681,455,425,235,0,0,24,50,0,50,NA,NA,NA,"Y","june.28","july.1","july.1",NA,"C3 ephedra 18",9,1.88915916375402,0.839506172839506,7,0.970835762725816
"C3 ephedra 2","Cuyama","C3",2,"ephedra",1.143,310,290,165,2,0,31,45,0,55,NA,NA,NA,"Y","june.28","july.1","july.1",NA,"C3 ephedra 2",24,2.08420106672699,0.850694444444444,10,0.905157022456405
"C3 ephedra 22","Cuyama","C3",22,"ephedra",5.6561,220,210,145,0,0,39,30,0,70,NA,NA,"Y","Y","june.28","july.1","july.1",NA,"C3 ephedra 22",5,1.33217904021012,0.72,4,0.960964047443681
"C3 ephedra 26","Cuyama","C3",26,"ephedra",0.0992,360,320,200,1,0,26,20,0,80,NA,NA,NA,"Y","june.28","july.1","july.1",NA,"C3 ephedra 26",11,1.76776147228933,0.793388429752066,7,0.908449690314596
"C3 ephedra 29","Cuyama","C3",29,"ephedra",3.197,375,360,185,1,0,33,35,0,65,NA,NA,NA,"Y","june.28","july.1","july.1",NA,"C3 ephedra 29",13,1.48445753581749,0.710059171597633,6,0.828491525403818
"C3 ephedra 9","Cuyama","C3",9,"ephedra",2.7813,305,130,115,0,0,34,30,0,70,NA,NA,"Y","Y","june.28","july.1","july.1",NA,"C3 ephedra 9",22,2.26038344273221,0.880165289256198,11,0.942653112658385
"C3 open 14","Cuyama","C3",14,"open",3.7626,NA,NA,NA,2,NA,20,25,0,75,NA,NA,NA,"Y","june.28","july.1","july.1",NA,"C3 open 14",45,1.42944986716292,0.721975308641975,6,0.797791160985894
"C3 open 2","Cuyama","C3",2,"open",1.4325,NA,NA,NA,2,NA,21,30,5,65,NA,NA,NA,"Y","june.28","july.1","july.1",NA,"C3 open 2",6,1.56071040904141,0.777777777777778,5,0.969723899868247
"C3 open 22","Cuyama","C3",22,"open",15.1671,NA,NA,NA,2,NA,33,97,0,3,NA,NA,NA,"Y","june.28","july.1","july.1",NA,"C3 open 22",12,0.566085738959629,0.291666666666667,3,0.515273445235094
"C3 open 26","Cuyama","C3",26,"open",0,NA,NA,NA,0,NA,0,0,0,100,NA,NA,NA,"Y","june.28","july.1","july.1",NA,"C3 open 26",105,0.308215973734244,0.110294784580499,6,0.172018610213922
"C3 open 29","Cuyama","C3",29,"open",4.2314,NA,NA,NA,6,NA,4,2,10,88,NA,NA,NA,"Y","june.28","july.1","july.1",NA,"C3 open 29",14,1.33166431029301,0.673469387755102,5,0.827409557091281
"C3 open 9","Cuyama","C3",9,"open",4.3929,NA,NA,NA,1,NA,25,100,0,0,NA,NA,NA,"Y","june.28","july.1","july.1",NA,"C3 open 9",3,1.09861228866811,0.666666666666667,3,1
"M1 ephedra 10","Mojave","M1",10,"ephedra",1.5888,185,175,120,1,0,15,15,0,85,NA,NA,NA,"Y","july.4","july.7","july.7",NA,"M1 ephedra 10",33,2.21272724278233,0.859504132231405,13,0.862678725544978
"M1 ephedra 14","Mojave","M1",14,"ephedra",2.4993,275,210,150,0,5,40,25,0,75,NA,NA,NA,"Y","july.4","july.7","july.7",NA,"M1 ephedra 14",6,1.56071040904141,0.777777777777778,5,0.969723899868247
"M1 ephedra 18","Mojave","M1",18,"ephedra",2.9426,160,130,70,2,1,26,8,0,92,NA,NA,NA,"Y","july.4","july.7","july.7",NA,"M1 ephedra 18",6,1.79175946922805,0.833333333333333,6,1
"M1 ephedra 2","Mojave","M1",2,"ephedra",0.8236,140,140,75,0,1,34,15,0,85,NA,NA,NA,"Y","july.4","july.7","july.7",NA,"M1 ephedra 2",34,1.554751833642,0.653979238754325,10,0.675220142079683
"M1 ephedra 22","Mojave","M1",22,"ephedra",0.7263,240,225,140,6,1,25,10,0,70,20,NA,NA,"Y","july.4","july.7","july.7",NA,"M1 ephedra 22",17,2.00288304109065,0.837370242214533,9,0.911551355173181
"M1 ephedra 26","Mojave","M1",26,"ephedra",0,150,145,95,1,1,6,3,0,97,NA,NA,NA,"Y","july.4","july.7","july.7",NA,"M1 ephedra 26",23,2.16313943992515,0.858223062381853,11,0.90209921361609
"M1 ephedra 30","Mojave","M1",30,"ephedra",0,260,145,100,0,0,36,30,0,70,NA,NA,NA,"Y","july.4","july.7","july.7",NA,"M1 ephedra 30",35,1.9266733811821,0.78530612244898,12,0.775350406562142
"M1 ephedra 6","Mojave","M1",6,"ephedra",0.8026,235,205,100,0,2,23,5,0,95,NA,NA,NA,"Y","july.4","july.7","july.7",NA,"M1 ephedra 6",19,1.73983855854241,0.797783933518006,7,0.894100151225922
"M1 larrea 10","Mojave","M1",10,"larrea",0.9346,180,175,95,5,1,15,10,0,65,25,NA,NA,"Y","july.4","july.7","july.7",NA,"M1 larrea 10",19,2.17761572521185,0.875346260387812,10,0.945726493165255
"M1 larrea 14","Mojave","M1",14,"larrea",0.6417,180,150,140,0,1,5,6,0,94,NA,NA,NA,"Y","july.4","july.7","july.7",NA,"M1 larrea 14",24,1.88392969585185,0.753472222222222,11,0.78565970633625
"M1 larrea 18","Mojave","M1",18,"larrea",1.8698,170,155,145,1,1,20,20,0,80,NA,NA,NA,"Y","july.4","july.7","july.7",NA,"M1 larrea 18",25,2.05053562009555,0.8096,12,0.825196238365931
"M1 larrea 2","Mojave","M1",2,"larrea",2.5099,245,215,155,3,1,26,15,0,65,25,NA,NA,"Y","july.4","july.7","july.7",NA,"M1 larrea 2",18,2.47622064959816,0.907407407407407,13,0.96540722817577
"M1 larrea 22","Mojave","M1",22,"larrea",0,190,150,135,1,0,14,5,0,90,5,NA,NA,"Y","july.4","july.7","july.7",NA,"M1 larrea 22",74,0.511144876216281,0.201972242512783,6,0.285275387123528
"M1 larrea 26","Mojave","M1",26,"larrea",1.229,185,100,135,2,0,5,15,0,85,NA,NA,NA,"Y","july.4","july.7","july.7",NA,"M1 larrea 26",8,1.38629436111989,0.6875,5,0.861353116146786
"M1 larrea 30","Mojave","M1",30,"larrea",2.2264,335,300,250,5,1,29,20,0,0,80,NA,NA,"Y","july.4","july.7","july.7",NA,"M1 larrea 30",15,1.80650716526167,0.817777777777778,7,0.928361037707049
"M1 larrea 6","Mojave","M1",6,"larrea",0,395,270,280,0,0,30,8,0,92,NA,NA,NA,"Y","july.4","july.7","july.7",NA,"M1 larrea 6",24,2.10479457118647,0.850694444444444,10,0.914100667806205
"M1 open 10","Mojave","M1",10,"open",5.2662,NA,NA,NA,0,NA,29,4,0,96,NA,NA,NA,"Y","july.4","july.7","july.7",NA,"M1 open 10",10,1.6094379124341,0.76,6,0.898244401703927
"M1 open 14","Mojave","M1",14,"open",0,NA,NA,NA,5,NA,5,5,NA,95,NA,NA,NA,"Y","july.4","july.7","july.7",NA,"M1 open 14",19,2.37862019941021,0.864265927977839,14,0.901314333992504
"M1 open 18","Mojave","M1",18,"open",3.0682,NA,NA,NA,4,NA,15,20,0,80,NA,NA,NA,"Y","july.4","july.7","july.7",NA,"M1 open 18",35,1.82638215424222,0.765714285714286,11,0.7616605174382
"M1 open 2","Mojave","M1",2,"open",0,NA,NA,NA,2,NA,0,0,0,100,NA,NA,NA,"Y","july.4","july.7","july.7",NA,"M1 open 2",40,1.06183009145249,0.51125,6,0.592618657631517
"M1 open 22","Mojave","M1",22,"open",0.7843,NA,NA,NA,5,NA,5,3,0,97,NA,NA,NA,"Y","july.4","july.7","july.6",NA,"M1 open 22",28,1.3068894077018,0.563775510204082,8,0.628480955827236
"M1 open 26","Mojave","M1",26,"open",0.9276,NA,NA,NA,3,NA,7,5,0,95,NA,NA,NA,"Y","july.4","july.7","july.7",NA,"M1 open 26",23,1.94479468772015,0.793950850661626,11,0.811042379449104
"M1 open 30","Mojave","M1",30,"open",9.976,NA,NA,NA,0,NA,30,30,0,70,NA,NA,NA,"Y","july.4","july.7","july.7",NA,"M1 open 30",23,1.72722841661659,0.756143667296786,8,0.830621290378416
"M1 open 6","Mojave","M1",6,"open",0.228,NA,NA,NA,3,NA,4,5,0,94,NA,NA,NA,"Y","july.4","july.7","july.7",NA,"M1 open 6",4,1.38629436111989,0.75,4,1
"M2 ephedra 10","Mojave","M2",10,"ephedra",0.9115,315,180,130,0,0,27,20,0,80,NA,NA,NA,"Y","july.4","july.7","july.7",NA,"M2 ephedra 10",39,1.02932548694513,0.462853385930309,7,0.528968661500039
"M2 ephedra 14","Mojave","M2",14,"ephedra",0.3475,220,190,110,0,0,29,25,0,75,NA,NA,NA,"Y","july.4","july.7","july.7",NA,"M2 ephedra 14",128,0.920353880973386,0.367919921875,11,0.383817379938917
"M2 ephedra 18","Mojave","M2",18,"ephedra",0.8202,185,175,85,0,0,28,35,0,65,NA,NA,NA,"Y","july.5","july.8","july.8",NA,"M2 ephedra 18",112,1.02629166566758,0.524075255102041,8,0.493541965521429
"M2 ephedra 2","Mojave","M2",2,"ephedra",0.9947,255,210,115,0,0,24,10,0,90,NA,NA,NA,"Y","july.4","july.7","july.7",NA,"M2 ephedra 2",225,0.633856790963668,0.315417283950617,8,0.304820682985692
"M2 ephedra 26","Mojave","M2",26,"ephedra",1.7379,130,130,110,0,0,13,25,0,75,NA,NA,NA,"Y","july.5","july.8","july.8",NA,"M2 ephedra 26",153,1.20516575203479,0.479131957794011,14,0.456665241224784
"M2 ephedra 30","Mojave","M2",30,"ephedra",1.2223,210,170,130,0,0,20,10,0,65,25,NA,NA,"Y","july.5","july.8","july.8",NA,"M2 ephedra 30",230,1.14308709491616,0.519773156899811,16,0.412281520784929
"M2 ephedra 6","Mojave","M2",6,"ephedra",1.3521,200,200,110,0,0,23,20,0,80,NA,NA,NA,"Y","july.4","july.7","july.7",NA,"M2 ephedra 6",111,0.85991580945066,0.323025728431134,12,0.346055578998923
"M2 larrea 10","Mojave","M2",10,"larrea",1.1214,280,155,205,1,0,20,15,0,85,NA,NA,NA,"Y","july.4","july.7","july.7",NA,"M2 larrea 10",56,1.34092728204234,0.483418367346939,15,0.495163376770699
"M2 larrea 18","Mojave","M2",18,"larrea",0.5234,330,240,245,11,0,10,15,0,85,NA,NA,NA,"Y","july.5","july.8","july.8",NA,"M2 larrea 18",54,1.68121846325322,0.733882030178326,10,0.73014390146474
"M2 larrea 2","Mojave","M2",2,"larrea",1.1659,375,270,250,5,2,15,15,0,85,NA,NA,NA,"Y","july.4","july.7","july.7",NA,"M2 larrea 2",53,1.12203540678047,0.47063011747953,9,0.510660320457893
"M2 larrea 22","Mojave","M2",22,"larrea",2.5442,325,130,250,2,0,23,30,0,70,NA,NA,NA,"Y","july.5","july.8","july.8",NA,"M2 larrea 22",25,1.57464839694927,0.6592,9,0.716653369524146
"M2 larrea 30","Mojave","M2",30,"larrea",0,385,380,250,1,0,0,0,0,100,NA,NA,NA,"Y","july.5","july.8","july.8",NA,"M2 larrea 30",61,1.63267036152248,0.702499328137597,12,0.657034887673455
"M2 larrea 6","Mojave","M2",6,"larrea",0.2227,535,330,260,0,2,8,10,0,90,NA,NA,NA,"Y","july.4","july.7","july.7",NA,"M2 larrea 6",29,1.61391439246451,0.692033293697979,9,0.734524094219409
"M2 open 10","Mojave","M2",10,"open",0,NA,NA,NA,2,NA,0,0,0,100,NA,NA,NA,"Y","july.4","july.7","july.7",NA,"M2 open 10",10,1.50478828368119,0.76,5,0.934977529767123
"M2 open 14","Mojave","M2",14,"open",0.0872,NA,NA,NA,2,NA,3,4,0,96,NA,NA,NA,"Y","july.4","july.7","july.7",NA,"M2 open 14",13,1.60520710745546,0.769230769230769,6,0.895883144486481
"M2 open 18","Mojave","M2",18,"open",0.3986,NA,NA,NA,0,NA,5,3,0,97,NA,NA,NA,"Y","july.5","july.8","july.8",NA,"M2 open 18",29,1.74778849583519,0.730083234244946,11,0.728884416121937
"M2 open 2","Mojave","M2",2,"open",2.75,NA,NA,NA,4,NA,15,8,0,92,NA,NA,NA,"Y","july.4","july.7","july.7",NA,"M2 open 2",29,2.34600187612616,0.877526753864447,14,0.888954495152319
"M2 open 22","Mojave","M2",22,"open",1.7835,NA,NA,NA,1,NA,12,15,0,85,NA,NA,NA,"Y","july.5","july.8","july.8",NA,"M2 open 22",21,2.08337764064444,0.834467120181406,11,0.868835959717753
"M2 open 26","Mojave","M2",26,"open",0.4663,NA,NA,NA,1,NA,5,6,0,94,NA,NA,NA,"Y","july.5","july.8","july.8",NA,"M2 open 26",19,2.15608838086276,0.853185595567867,11,0.899158693593227
"M2 open 6","Mojave","M2",6,"open",0.0637,NA,NA,NA,0,NA,9,5,0,95,NA,NA,NA,"Y","july.4","july.7","july.7",NA,"M2 open 6",9,1.67698777432242,0.790123456790123,6,0.935944697445866
"M3 ephedra 10","Mojave","M3",10,"ephedra",2.0942,135,55,55,0,0,16,30,0,70,NA,NA,NA,"Y","july.5","july.8","july.8",NA,"M3 ephedra 10",5,0.950270539233235,0.56,3,0.864973520717927
"M3 ephedra 14","Mojave","M3",14,"ephedra",0.2098,135,115,85,0,0,4,61,0,14,25,NA,NA,"Y","july.5","july.8","july.8",NA,"M3 ephedra 14",13,2.20478541691352,0.875739644970414,10,0.957526140346302
"M3 ephedra 18","Mojave","M3",18,"ephedra",0.3958,95,60,55,0,0,14,15,0,85,NA,NA,NA,"Y","july.5","july.8","july.8",NA,"M3 ephedra 18",16,1.92739212613927,0.8046875,9,0.877193959151834
"M3 ephedra 2","Mojave","M3",2,"ephedra",0.0436,215,180,110,1,0,8,3,0,97,NA,NA,NA,"Y","july.5","july.8","july.8",NA,"M3 ephedra 2",17,1.92540816508607,0.809688581314879,9,0.876291019564469
"M3 ephedra 22","Mojave","M3",22,"ephedra",0.3622,105,85,70,0,0,4,8,0,92,NA,NA,NA,"Y","july.5","july.8","july.8",NA,"M3 ephedra 22",7,1.74786809746676,0.816326530612245,6,0.975503759006108
"M3 ephedra 26","Mojave","M3",26,"ephedra",0.7399,85,55,65,0,0,12,10,0,90,NA,NA,NA,"Y","july.5","july.8","july.8",NA,"M3 ephedra 26",15,1.58023634047611,0.72,7,0.812080835923113
"M3 ephedra 30","Mojave","M3",30,"ephedra",0,180,135,85,1,0,22,15,0,85,NA,NA,NA,"Y","july.5","july.8","july.8",NA,"M3 ephedra 30",10,1.69574253416963,0.8,6,0.946411928215015
"M3 ephedra 6","Mojave","M3",6,"ephedra",0.2875,140,95,65,0,0,6,8,0,47,45,NA,NA,"Y","july.5","july.8","july.8",NA,"M3 ephedra 6",11,1.15958881430863,0.56198347107438,5,0.720493040054508
"M3 larrea 10","Mojave","M3",10,"larrea",0.6731,160,95,75,1,2,9,15,0,85,NA,NA,NA,"Y","july.5","july.8","july.8",NA,"M3 larrea 10",5,0.950270539233235,0.56,3,0.864973520717927
"M3 larrea 14","Mojave","M3",14,"larrea",1.6792,220,155,140,1,0,7,10,0,90,NA,NA,NA,"Y","july.5","july.8","july.8",NA,"M3 larrea 14",10,1.69574253416963,0.8,6,0.946411928215015
"M3 larrea 18","Mojave","M3",18,"larrea",0.7412,145,130,85,0,0,17,20,0,80,NA,NA,NA,"Y","july.5","july.8","july.8",NA,"M3 larrea 18",9,1.30309240376172,0.641975308641975,5,0.809656833416415
"M3 larrea 2","Mojave","M3",2,"larrea",0,155,140,115,0,0,26,5,0,95,NA,NA,NA,"Y","july.5","july.8","july.8",NA,"M3 larrea 2",16,1.92125303202808,0.7734375,10,0.834389590149687
"M3 larrea 22","Mojave","M3",22,"larrea",1.5863,190,140,105,0,0,17,25,0,75,NA,NA,NA,"Y","july.5","july.8","july.8",NA,"M3 larrea 22",9,1.30309240376172,0.641975308641975,5,0.809656833416415
"M3 larrea 26","Mojave","M3",26,"larrea",0.7124,125,115,75,1,1,12,15,0,85,NA,NA,NA,"Y","july.5","july.8","july.8",NA,"M3 larrea 26",2,0.693147180559945,0.5,2,1
"M3 larrea 30","Mojave","M3",30,"larrea",0.8907,240,145,100,6,0,20,25,0,75,NA,NA,NA,"Y","july.5","july.8","july.8",NA,"M3 larrea 30",13,1.73798344858705,0.745562130177515,8,0.835793367474545
"M3 larrea 6","Mojave","M3",6,"larrea",1.0139,370,255,130,9,2,24,6,0,94,NA,NA,NA,"Y","july.5","july.8","july.8",NA,"M3 larrea 6",9,1.27302833658963,0.691358024691358,4,0.918295834054489
"M3 open 18","Mojave","M3",18,"open",0,NA,NA,NA,0,NA,4,2,0,98,NA,NA,NA,"Y","july.5","july.8","july.8",NA,"M3 open 18",23,0.703131580965568,0.310018903591682,5,0.436880214846038
"M3 open 2","Mojave","M3",2,"open",0.04,NA,NA,NA,0,NA,6,4,0,96,NA,NA,NA,"Y","july.5","july.8","july.8",NA,"M3 open 2",12,0.983087758574785,0.513888888888889,4,0.709147917027245
"M3 open 26","Mojave","M3",26,"open",0.1819,NA,NA,NA,0,NA,6,4,0,96,NA,NA,NA,"Y","july.5","july.8","july.8",NA,"M3 open 26",19,1.11651076821276,0.509695290858726,6,0.62313652439844
"M3 open 30","Mojave","M3",30,"open",0.1353,NA,NA,NA,0,NA,3,5,0,95,NA,NA,NA,"Y","july.5","july.8","july.8",NA,"M3 open 30",5,1.6094379124341,0.8,5,1
"M3 open 6","Mojave","M3",6,"open",0.3769,NA,NA,NA,0,NA,13,5,0,95,NA,NA,NA,"Y","july.5","july.8","july.8",NA,"M3 open 6",12,0.836988216785836,0.416666666666667,4,0.603759374819711
"PAN1 ephedra 1","Panoche","PAN1",1,"ephedra",5.3291,235,225,105,1,0,46,80,0,20,NA,NA,NA,"Y","june.23.morning","june.26","june.26",NA,"PAN1 ephedra 1",41,0.567067632937967,0.226055919095776,6,0.316486471915942
"PAN1 ephedra 13","Panoche","PAN1",13,"ephedra",2.3784,375,260,70,1,0,36,80,0,20,NA,NA,NA,"Y","june.23.morning","june.26","june.26",NA,"PAN1 ephedra 13",18,1.24188926529692,0.58641975308642,6,0.693111595962132
"PAN1 ephedra 17","Panoche","PAN1",17,"ephedra",2.8932,335,300,95,3,1,37,60,0,40,NA,NA,NA,"Y","june.23","june.26","june.26",NA,"PAN1 ephedra 17",11,1.16222554492109,0.644628099173554,4,0.838368515026066
"PAN1 ephedra 22","Panoche","PAN1",22,"ephedra",2.0379,315,245,80,3,4,33,45,0,55,NA,NA,"Y","Y","june.23","june.26","june.26",NA,"PAN1 ephedra 22",11,1.4205719259467,0.661157024793388,6,0.792836287651227
"PAN1 ephedra 26","Panoche","PAN1",26,"ephedra",3.49,290,240,125,3,3,37,35,0,65,NA,NA,NA,"Y","june.23","june.26","june.26",NA,"PAN1 ephedra 26",126,0.138673369564118,0.0468631897203327,4,0.100031691286758
"PAN1 ephedra 30","Panoche","PAN1",30,"ephedra",6.6091,270,260,130,3,0,36,45,0,55,NA,NA,NA,"Y","june.23","june.26","june.26",NA,"PAN1 ephedra 30",3,1.09861228866811,0.666666666666667,3,1
"PAN1 ephedra 34","Panoche","PAN1",34,"ephedra",2.341,360,280,145,3,2,30,60,0,4,NA,NA,NA,"Y","june.23","june.26","june.26","mutillid, wasp etc","PAN1 ephedra 34",37,1.3985343995949,0.533235938641344,12,0.562811645143377
"PAN1 ephedra 38","Panoche","PAN1",38,"ephedra",5.2312,285,265,90,4,0,30,70,0,30,NA,NA,NA,"Y","june.23","june.26","june.26",NA,"PAN1 ephedra 38",28,1.47635524429278,0.663265306122449,8,0.709976796510534
"PAN1 ephedra 5","Panoche","PAN1",5,"ephedra",9.142,220,170,90,1,2,36,80,0,20,NA,NA,NA,"Y","june.23.morning","june.26","june.26",NA,"PAN1 ephedra 5",12,0.286835983056161,0.152777777777778,2,0.413816850303634
"PAN1 ephedra 9","Panoche","PAN1",9,"ephedra",2.5443,455,280,125,2,0,26,70,0,30,NA,NA,NA,"Y","june.23.morning","june.26","june.26",NA,"PAN1 ephedra 9",11,1.84622021932163,0.826446280991736,7,0.948769510358905
"PAN1 open 1","Panoche","PAN1",1,"open",1.1074,NA,NA,NA,4,NA,17,20,4,76,NA,NA,NA,"Y","june.23.morning","june.26","june.26",NA,"PAN1 open 1",6,0.867563228481461,0.5,3,0.789690082142847
"PAN1 open 13","Panoche","PAN1",13,"open",1.9239,NA,NA,NA,0,NA,18,15,0,85,NA,NA,NA,"Y","june.23.morning","june.26","june.26",NA,"PAN1 open 13",7,0.410116318288409,0.244897959183674,2,0.591672778582327
"PAN1 open 17","Panoche","PAN1",17,"open",0.8596,NA,NA,NA,1,NA,13,5,0,95,NA,NA,NA,"Y","june.23","june.26","june.26",NA,"PAN1 open 17",6,1.242453324894,0.666666666666667,4,0.896240625180289
"PAN1 open 22","Panoche","PAN1",22,"open",4.159,NA,NA,NA,2,NA,23,35,0,65,NA,NA,NA,"Y","june.23","june.26","june.26",NA,"PAN1 open 22",4,1.38629436111989,0.75,4,1
"PAN1 open 26","Panoche","PAN1",26,"open",0.9438,NA,NA,NA,4,NA,22,15,0,85,NA,NA,NA,"Y","june.23","june.26","june.26",NA,"PAN1 open 26",2,0.693147180559945,0.5,2,1
"PAN1 open 30","Panoche","PAN1",30,"open",1.3946,NA,NA,NA,1,NA,23,35,0,65,NA,NA,NA,"Y","june.23","june.26","june.26",NA,"PAN1 open 30",8,0.974314752869349,0.59375,3,0.886859507142915
"PAN1 open 34","Panoche","PAN1",34,"open",0.9116,NA,NA,NA,2,NA,8,11,4,85,NA,NA,NA,"Y","june.23","june.26","june.26",NA,"PAN1 open 34",32,1.29271378996184,0.603515625,7,0.664323473819907
"PAN1 open 38","Panoche","PAN1",38,"open",0.6151,NA,NA,NA,2,NA,7,5,0,95,NA,NA,NA,"Y","june.23","june.26","june.26",NA,"PAN1 open 38",8,0.900256051268537,0.53125,3,0.819448371872804
"PAN1 open 5","Panoche","PAN1",5,"open",7.3657,NA,NA,NA,6,NA,21,35,0,65,NA,NA,NA,"Y","june.23.morning","june.26","june.26",NA,"PAN1 open 5",17,1.22226692353816,0.643598615916955,5,0.759437138950958
"PAN1 open 9","Panoche","PAN1",9,"open",1.1459,NA,NA,NA,4,NA,20,15,5,80,NA,NA,NA,"Y","june.23.morning","june.26","june.26",NA,"PAN1 open 9",4,0.693147180559945,0.5,2,1
"PAN2 ephedra 11","Panoche","PAN2",11,"ephedra",4.4621,200,175,105,0,1,32,40,0,30,30,NA,NA,"Y","june.23.morning","june.26","june.26",NA,"PAN2 ephedra 11",17,1.08776129306878,0.539792387543253,5,0.67586409184537
"PAN2 ephedra 15","Panoche","PAN2",15,"ephedra",1.3083,270,250,110,0,1,19,35,0,65,NA,NA,NA,"Y","june.23.morning","june.26","june.26",NA,"PAN2 ephedra 15",14,0.994353691762369,0.469387755102041,5,0.61782668600028
"PAN2 ephedra 24","Panoche","PAN2",24,"ephedra",4.3369,275,230,135,0,3,30,85,0,15,NA,NA,NA,"Y","june.23.morning","june.26","june.26",NA,"PAN2 ephedra 24",8,0.376770161256437,0.21875,2,0.543564443199596
"PAN2 ephedra 32","Panoche","PAN2",32,"ephedra",8.1265,230,170,130,2,4,36,75,0,25,NA,NA,NA,"Y","june.23.morning","june.26","june.26",NA,"PAN2 ephedra 32",13,2.24503527412618,0.887573964497041,10,0.975006431231153
"PAN2 ephedra 6","Panoche","PAN2",6,"ephedra",7.0433,225,200,80,1,1,46,65,0,35,NA,NA,NA,"Y","june.23.morning","june.26","june.26",NA,"PAN2 ephedra 6",34,0.937938558305489,0.403114186851211,7,0.482005070357865
"PAN2 open 11","Panoche","PAN2",11,"open",1.4673,NA,NA,NA,5,NA,20,5,0,95,NA,NA,NA,"Y","june.23.morning","june.26","june.26",NA,"PAN2 open 11",1198,0.0325920708924783,0.0083249489271211,5,0.0202505922351402
"PAN2 open 15","Panoche","PAN2",15,"open",1.6032,NA,NA,NA,5,NA,28,15,0,85,NA,NA,NA,"Y","june.23.morning","june.26","june.26",NA,"PAN2 open 15",24,0.709713102424333,0.354166666666667,4,0.511949786660753
"PAN2 open 18","Panoche","PAN2",18,"open",1.2587,NA,NA,NA,3,NA,14,8,0,92,NA,NA,NA,"Y","june.23.morning","june.26","june.26",NA,"PAN2 open 18",51,0.451358993516125,0.183775470972703,5,0.280445110699234
"PAN2 open 24","Panoche","PAN2",24,"open",0.9645,NA,NA,NA,7,NA,29,5,0,95,NA,NA,NA,"Y","june.23.morning","june.26","june.26",NA,"PAN2 open 24",51,0.383650391932703,0.149173394848136,5,0.238375391165276
"PAN2 open 6","Panoche","PAN2",6,"open",0.8285,NA,NA,NA,13,NA,13,8,0,92,NA,NA,NA,"Y","june.23.morning","june.26","june.26",NA,"PAN2 open 6",26,0.484390116238004,0.21301775147929,4,0.349413609276098
"PAN3 ephedra 12","Panoche","PAN3",12,"ephedra",6.6892,320,300,155,1,1,55,60,0,40,0,NA,NA,"Y","june.23.morning","june.26.morning","june.26.morning",NA,"PAN3 ephedra 12",30,1.61387771207694,0.751111111111111,8,0.776111123938209
"PAN3 ephedra 16","Panoche","PAN3",16,"ephedra",1.9786,580,410,115,3,2,35,75,0,25,0,NA,NA,"Y","june.23.morning","june.26.morning","june.26.morning",NA,"PAN3 ephedra 16",13,1.48445753581749,0.710059171597633,6,0.828491525403818
"PAN3 ephedra 19","Panoche","PAN3",19,"ephedra",6.4622,280,265,115,0,1,24,50,0,50,NA,NA,NA,"Y","june.23.morning","june.26.morning","june.26.morning",NA,"PAN3 ephedra 19",4,1.03972077083992,0.625,3,0.946394630357186
"PAN3 ephedra 23","Panoche","PAN3",23,"ephedra",4.5986,395,390,165,0,1,28,100,0,0,NA,NA,NA,"Y","june.23.morning","june.26.morning","june.26.morning",NA,"PAN3 ephedra 23",10,1.83437197028162,0.82,7,0.94268071481726
"PAN3 ephedra 28","Panoche","PAN3",28,"ephedra",12.145,175,75,115,0,0,48,70,0,30,NA,NA,NA,"Y","june.23.morning","june.26.morning","june.26.morning",NA,"PAN3 ephedra 28",18,0.960891979667283,0.45679012345679,5,0.597035755305427
"PAN3 ephedra 32","Panoche","PAN3",32,"ephedra",3.8002,350,330,165,1,0,50,85,0,15,NA,NA,NA,"Y","june.23.morning","june.26.morning","june.26.morning",NA,"PAN3 ephedra 32",10,1.6094379124341,0.76,6,0.898244401703927
"PAN3 ephedra 36","Panoche","PAN3",36,"ephedra",7.9182,360,330,105,4,0,16,40,0,60,NA,NA,NA,"Y","june.23.morning","june.26.morning","june.26.morning",NA,"PAN3 ephedra 36",62,1.58240308423147,0.77003121748179,7,0.813194321947333
"PAN3 ephedra 40","Panoche","PAN3",40,"ephedra",10.0419,465,370,130,NA,NA,40,90,0,10,NA,NA,NA,"Y","june.23.morning","june.26.morning","june.26.morning",NA,"PAN3 ephedra 40",98,1.29913313708287,0.607455226988755,9,0.591260970991804
"PAN3 ephedra 8","Panoche","PAN3",8,"ephedra",5.9177,310,245,110,1,4,62,80,0,20,0,NA,NA,"Y","june.23.morning","june.26.morning","june.26.morning",NA,"PAN3 ephedra 8",14,1.72982013037992,0.785714285714286,7,0.888951697600068
"PAN3 open 12","Panoche","PAN3",12,"open",4.8548,NA,NA,NA,0,NA,29,90,0,10,0,NA,NA,"Y","june.23.morning","june.26.morning","june.26.morning",NA,"PAN3 open 12",10,1.69574253416963,0.8,6,0.946411928215015
"PAN3 open 16","Panoche","PAN3",16,"open",4.6701,NA,NA,NA,0,NA,26,85,3,12,0,NA,NA,"Y","june.23.morning","june.26.morning","june.26.morning",NA,"PAN3 open 16",19,1.12859629366222,0.559556786703601,5,0.701236304266835
"PAN3 open 19","Panoche","PAN3",19,"open",0.9935,NA,NA,NA,0,NA,18,25,0,75,NA,NA,NA,"Y","june.23.morning","june.26.morning","june.26.morning",NA,"PAN3 open 19",18,0.960891979667283,0.45679012345679,5,0.597035755305427
"PAN3 open 23","Panoche","PAN3",23,"open",0.7017,NA,NA,NA,0,NA,22,20,0,80,NA,NA,NA,"Y","june.23.morning","june.26.morning","june.26.morning",NA,"PAN3 open 23",16,1.03739232462091,0.5,5,0.644568092130976
"PAN3 open 28","Panoche","PAN3",28,"open",7.7265,NA,NA,NA,1,NA,50,65,0,35,NA,NA,NA,"Y","june.23.morning","june.26.morning","june.26.morning",NA,"PAN3 open 28",15,1.50659508813164,0.675555555555556,7,0.774236718413257
"PAN3 open 32","Panoche","PAN3",32,"open",15.7999,NA,NA,NA,0,NA,44,95,0,5,NA,NA,NA,"Y","june.23.morning","june.26.morning","june.26.morning",NA,"PAN3 open 32",9,1.42706104338072,0.716049382716049,5,0.886682880001534
"PAN3 open 40","Panoche","PAN3",40,"open",4.8733,NA,NA,NA,1,NA,59,85,0,15,NA,NA,NA,"Y","june.23.morning","june.26.morning","june.26.morning",NA,"PAN3 open 40",397,0.586601234456159,0.312418707053531,4,0.423143345964622
"PAN3 open 6","Panoche","PAN3",6,"open",1.8807,NA,NA,NA,7,NA,27,15,2,8,0,NA,NA,"Y","june.23.morning","june.26.morning","june.26.morning",NA,"PAN3 open 6",8,1.38629436111989,0.6875,5,0.861353116146786
"PAN3 open 8","Panoche","PAN3",8,"open",2.8928,NA,NA,NA,0,NA,17,15,2,83,0,NA,NA,"Y","june.23.morning","june.26.morning","june.26.morning",NA,"PAN3 open 8",17,1.00621456594408,0.532871972318339,4,0.725830382178883
