"","Order","Family","Subfamily","Genus","highest.taxanomic.resolution","Morphotype","Specimenlocation","Description","FirstCollectionSite","common.names","Feeding.Guild","morph","Cuyama","Mojave","Panoche"
"1","Aranae","Agelenidae","","","Agelenidae","1","P2O15","small, two stripes on thorax. Abdomen brown with triangle patterns ",NA,"funnel weaver spider","predator","Agelenidae1",NA,NA,"Y"
"2","Aranae","Agelenidae","","","Agelenidae","2","P3S36","distinctive abdomen, red/marronish blotches, undulating centre line, small white spots likely hololena sp.",NA,"funnel weaver spider","predator","Agelenidae2",NA,NA,"Y"
"3","Aranae","Agelenidae","","","Agelenidae","3","M3L2","Large, stripes on legs like wolf spider.   bottom 6 eyes cup top 2 ",NA,"funnel weaver spider","predator","Agelenidae3",NA,"Y",NA
"4","Aranae","Agelenidae","","","Agelenidae","4","M3E18","spinnerets long and curve inlight coloured, mottled. Some patterning on abdomen. Lower 6 eyes cup middle 2.",NA,"funnel weaver spider","predator","Agelenidae4",NA,"Y",NA
"5","Aranae","Agelenidae","","","Agelenidae","5","M3L6","orange carapace, subtle dark striping on legs. Abdomen light coloured, patterned but bloated in this specimen. not typical agelinid",NA,"funnel weaver spider","predator","Agelenidae5",NA,"Y",NA
"6","Aranae","Dictynidae","","","Dictynidae","1","C2O14","Likely Lathys. Orange, white stripe with hair in it, 6 eyes",NA,"mesh web weaver","predator","Dictynidae1","Y",NA,NA
"7","Aranae","Gnaphosidae","","","Gnaphosidae","1","P1S3","orangey brown carapace and legs. Beige brown abdomen inner eye pair pointed up and in, white ",NA,"ground spider","predator","Gnaphosidae1","Y",NA,"Y"
"8","Aranae","Gnaphosidae","","","Gnaphosidae","2","P3S32","orangey brown, abdomen light khaki.inner eyes pointed up and in, but located above all the other eyes. ",NA,"ground spider","predator","Gnaphosidae2","Y",NA,"Y"
"9","Aranae","Gnaphosidae","","","Gnaphosidae","3","P3O12","looks like 1 but centre eyes pointed down and in. orange, dark abdomen. Lower eyes in one line.",NA,"ground spider","predator","Gnaphosidae3","Y",NA,"Y"
"10","Aranae","Gnaphosidae","","","Gnaphosidae","4","C2S18","grey brown, uniform colour abdomen. Reddish brown carapace Center pair slightly pointed in and down, alost horizontal and somewhat flattened very long spinnerets",NA,"ground spider","predator","Gnaphosidae4","Y",NA,NA
"11","Aranae","Gnaphosidae","","","Gnaphosidae","5","C3O22","Looks like 2, light khaki abdomen. Eyes horizontal/slighty pointed down and in, but in line with outer eyes (not recurved). Long spinnerets",NA,"ground spider","predator","Gnaphosidae5","Y",NA,NA
"12","Aranae","Gnaphosidae","","","Gnaphosidae","6","C3S2","no patterns, dark uniform brow. Spinnerets very straight. Top eyes in line, middle eyes pointing down and in",NA,"ground spider","predator","Gnaphosidae6","Y",NA,NA
"13","Aranae","Gnaphosidae","","","Gnaphosidae","7","C3O26","long and skinny abdomen. Little dealie in front of spinnerets. One of #7 belongs here. Middle eyes above rest of eyes. ",NA,"ground spider","predator","Gnaphosidae7","Y","Y",NA
"14","Aranae","Gnaphosidae","","","Gnaphosidae","8","M1O14","unknown 10. markings on carapace, upper eyes larger + middle. Looks a bit like cesonia",NA,"ground spider","predator","Gnaphosidae8",NA,"Y",NA
"15","Aranae","Gnaphosidae","","Micaria","Micaria","1","C2S18","looks like 1 and 3, but shorter spinnerets and metallic, Micaria. Sp",NA,"ant mimic spider (ground spider)","predator","Micaria1","Y",NA,NA
"16","Aranae","Linyphiidae","","","Linyphiidae","1","C3S2","reddish carapace, khaki carapce. Key to therviidae at first. A bit hairy. Eyes match this better",NA,"sheetweb and dwarf spiders","predator","Linyphiidae1","Y",NA,NA
"17","Aranae","Liocranidae ","","","Liocranidae ","1","P1O5","Happy face eyes, larger. Reddish brown, tiny spinnerets. Light legs dark hairs.  Carapace darkest near eyes and fading towards brown abdomen. Dark line centre of carapace, matches Neoanagraphis chamberlini",NA,"liocranid sac spiders","predator","Liocranidae1","Y",NA,"Y"
"18","Aranae","Lycosidae","","","Lycosidae","1","P2S32","black face, yellowy with brown strips on legs, brown wide lines on thorax  ",NA,"wolf spider","predator","Lycosidae1",NA,NA,"Y"
"19","Aranae","Lycosidae","","","Lycosidae","2","P1S26","white eyes, brown on face. Yellow with brown stipes on legs. Spots on abdomen, not all have lighter eyes Mottled abdomen ",NA,"wolf spider","predator","Lycosidae2","Y",NA,"Y"
"20","Aranae","Lycosidae","","","Lycosidae","3","P1S5","black face, maybe adult #1? No leg stripes. Black and cream abdomen with a curvey V shape pointing towards end. Reddish carapace with 2 wide lines with a small stripe in centre. P1S5",NA,"wolf spider","predator","Lycosidae3",NA,NA,"Y"
"21","Aranae","Lycosidae","","","Lycosidae","4","P1S1","brownish black face, overall organge colour, limited leg striping, mottled abdomen without prominent patterns, no strong strips on carapace ",NA,"wolf spider","predator","Lycosidae4",NA,NA,"Y"
"22","Aranae","Oxyopidae","","Oxyopes","Oxyopes","1","C1S30","looks like western",NA,"lynx spider","predator","Oxyopes1","Y","Y",NA
"23","Aranae","Pholcidae","","","Pholcidae","1","P2S11","maybe Psilochorus translucent, greenish blue abdomen",NA,"cellar spider","predator","Pholcidae1","Y","Y","Y"
"24","Aranae","Plectreuridae ","","","Plectreuridae ","1","P1S17","looks just like plectreurys haplogyne. Distinctive eyes. ",NA,"plectreurid spider","predator","Plectreuridae1",NA,NA,"Y"
"25","Aranae","Salticidae","","","Salticidae","1","P3S12","white eyes, black toes, dark face around eyes, reddish brown ",NA,"jumping spider","predator","Salticidae1","Y",NA,"Y"
"26","Aranae","Salticidae","","","Salticidae","2","C2O2","white eyes, black toes, dark face around eyes, reddish brown, light abdomen with dark bit in middle, darkness on carapace extending farther back than 1",NA,"jumping spider","predator","Salticidae2","Y",NA,NA
"27","Aranae","Salticidae","","","Salticidae","3","C2S2","four dark spots on white abdomen, darkness around eyes.",NA,"jumping spider","predator","Salticidae3","Y",NA,NA
"28","Aranae","Salticidae","","","Salticidae","4","M2E2","darkness around eyes, stripe in middle of carapace, 2 dark spots, light orange hourglasy shape",NA,"jumping spider","predator","Salticidae4",NA,"Y",NA
"29","Aranae","Salticidae","","","Salticidae","5","M1O14","carapace all dark, no patterning on abdomen. Very small. ",NA,"jumping spider","predator","Salticidae5",NA,"Y",NA
"30","Aranae","Sicariidae","","Loxosceles","Loxosceles","1","P2O6","recluse,  medium/large, tiny dark circes all over legs. Reddish chelicera.",NA,"recluse spider","predator","Loxosceles1",NA,"Y","Y"
"31","Aranae","Thomisidae","","","Thomisidae","1","P1S1","brown and cream, tiny spiny legs, brown spots, reamy strips down abdomen ",NA,"crab spider","predator","Thomisidae1",NA,NA,"Y"
"32","Aranae","Thomisidae","","","Thomisidae","2","C2S10","looks like ozytila",NA,"crab spider","predator","Thomisidae2","Y",NA,NA
"33","Aranae","unknown","","Ctenidae?","unknown","Ctenidae?","M2L2","looks like 6 eyes only",NA,"spider","predator","unknownCtenidae?",NA,"Y",NA
"34","Aranae","Theridiidae","","Latrodectus","Latrodectus hesperus","1","C2O18","",NA,"western widow spider","predator","Latrodectushesperus1","Y",NA,NA
"35","Coleoptera","Carabidae","","","Carabidae","1","C2S18","reddish, narrow head.",NA,"ground beetle","mostly predator, some herbivore, granivore","Carabidae1","Y",NA,NA
"36","Coleoptera","Carabidae","","","Carabidae","2","C3S26"," reddish, smaller than #1. narrow head. ",NA,"ground beetle","mostly predator, some herbivore, granivore","Carabidae2","Y",NA,NA
"37","Coleoptera","Carabidae","","","Carabidae","3","C2S14","small & light brown",NA,"ground beetle","mostly predator, some herbivore, granivore","Carabidae3","Y","Y",NA
"38","Coleoptera","Cerambycidae","","","Cerambycidae","1","M2O14","red with yellow stripe, stripe outlined in black",NA,"long-horned beetle","herbivore","Cerambycidae1",NA,"Y",NA
"39","Coleoptera","Cerambycidae","","","Cerambycidae","2","M2L2","large (3.5 cm), reddish brown.",NA,"long-horned beetle","herbivore","Cerambycidae2",NA,"Y",NA
"40","Coleoptera","Chrysomelidae","","","Chrysomelidae","1","C1O6","tiny, black",NA,"flea beetle","herbivore","Chrysomelidae1","Y",NA,NA
"41","Coleoptera","Coccinelidae","Scymninae","Hyperaspidius","Hyperaspidius","1","C1O30","small. Brown and white. Brown along elytra split, white rectangle outline surreound brown rectangle spots on wings. Looks like comparatus",NA,"ladybird beetle","predator","Hyperaspidius1","Y",NA,NA
"42","Coleoptera","Curcolionidae","Entiminae ","","Entiminae","1","P2S32","Broad-nosed weevil. Furry, light brown 6mm. maybe is Sitona genus",NA,"broad-nosed weevil","herbivore","Entiminae1",NA,NA,"Y"
"43","Coleoptera","Dermestidae","","","Dermestidae","1","C1O2","C1O2, spotted carpet beetle, looks like Anthrenus (like varied)",NA,"carpet beetle","detritivore","Dermestidae1","Y",NA,NA
"44","Coleoptera","Elateridae","","","Elateridae","1","C3S29","reddish, smalle, log, long antenna (non filly)",NA,"click beetle","herbivore, predator","Elateridae1","Y","Y",NA
"45","Coleoptera","Elateridae","","","Elateridae","2","M2L10","same size as one, more yellow. Does have craggy identations along posterior thorax, flatter",NA,"click beetle","herbivore, predator","Elateridae2",NA,"Y",NA
"46","Coleoptera","Elateridae","Cebrioninae","Octinodes","Octinodes","1","P1S13","Looks like amplicollis",NA,"click beetle","herbivore, predator","Octinodes1",NA,NA,"Y"
"47","Coleoptera","Histeridae","","","Histeridae","1","M2O14","blue/black",NA,"clown beetle","detritivore","Histeridae1",NA,"Y",NA
"48","Coleoptera","Meloidae","","","Meloidae","1","C2S18","very small, reddish brown.",NA,"blister beetle","parasitic larva, herbivore adults","Meloidae1","Y",NA,NA
"49","Coleoptera","Nitidulidae","","","Nitidulidae","1","M1O26"," looks like carpophilus",NA,"sap-feeding beetle","herbivore","Nitidulidae1",NA,"Y",NA
"50","Coleoptera","Ptinidae","Ptininae","","Ptininae","1","P2O15","Looks like Ptinus tectus  ",NA,"spider beetle","wood, herbivore","Ptininae1","Y",NA,"Y"
"51","Coleoptera","Staphylinidae","","","Staphylinidae","1","C2O22","very small, darker head, warm brown thorax",NA,"rove beetle","predator, detritivore","Staphylinidae1","Y",NA,NA
"52","Coleoptera","Staphylinidae","","","Staphylinidae","2","C2O18","black, very shiny",NA,"rove beetle","predator, detritivore","Staphylinidae2","Y",NA,NA
"53","Coleoptera","Tenebrionidae","Alleculinae","","Alleculinae","1","C3S9","Looks like Hymenourous, huge silvery eyes ",NA,"comb-clawed beetle","herbivore","Alleculinae1","Y",NA,NA
"54","Coleoptera","Anthicidae","","","Anthicidae","1","M2E26"," brown",NA,"","","Anthicidae1","Y","Y",NA
"55","Coleoptera","Tenebrionidae","Pimeliinae","Edrotes","Edrotes rotundus","1","M2E10","",NA,"darkling beetle","herbivore","Edrotesrotundus1",NA,"Y",NA
"56","Coleoptera","Tenebrionidae","Tenebrioninae","Eleodes","Eleodes","1","P2O24","Large stinkbeetle: >2cm, spike on front femur. Only visible difference between specimens is size and I don't believe that is enough to separate morphos, so lumping together",NA,"desert stinkbeetle","detritivore","Eleodes1","Y","Y","Y"
"57","Coleoptera","Tenebrionidae","","","Tenebrionidae","1","P2S6","Smooth, round, thorax as wide as eltyra.  Very small spines tibia ",NA,"darkling beetle","herbivore","Tenebrionidae1","Y","Y","Y"
"58","Coleoptera","Tenebrionidae","","","Tenebrionidae","2","P1S38","Smaller, reddish color. Lines of punctures longitude along abdomen ",NA,"darkling beetle","herbivore","Tenebrionidae2",NA,NA,"Y"
"59","Coleoptera","Tenebrionidae","","","Tenebrionidae","3","C2S14","Dark red brown, very textures.",NA,"darkling beetle","herbivore","Tenebrionidae3","Y",NA,NA
"60","Coleoptera","Tenebrionidae","","","Tenebrionidae","4","C2S10","very small, look like coleoptera 3 edges of thorax spiky, tarsi with lots of spiky bumps. Reddish. (same as coleoptera 1)",NA,"darkling beetle","herbivore","Tenebrionidae4","Y","Y",NA
"61","Coleoptera","Tenebrionidae","","","Tenebrionidae","5","M2L22","Furry, long thorax, yellow stripe on abdomen.",NA,"darkling beetle","herbivore","Tenebrionidae5",NA,"Y",NA
"62","Coleoptera","Tenebrionidae","","","Tenebrionidae","6","M2E30","Shiny abdomen, lines of punctures, inflated thorax",NA,"darkling beetle","herbivore","Tenebrionidae6",NA,"Y",NA
"63","Coleoptera","Tenebrionidae","","","Tenebrionidae","7","M2L18","reddish, like teneb 2. inflated thorax. Shiny. ",NA,"darkling beetle","herbivore","Tenebrionidae7",NA,"Y",NA
"64","Coleoptera","Tenebrionidae","","","Tenebrionidae","8","M1O14","very textured, line of fuzz under edge of elytra. Similar to 1 but 1/4 of size. ",NA,"darkling beetle","herbivore","Tenebrionidae8",NA,"Y",NA
"65","Coleoptera","Tenebrionidae","","","Tenebrionidae","9","M2O14","very sculptured elytra, lines.",NA,"darkling beetle","herbivore","Tenebrionidae9",NA,"Y",NA
"66","Coleoptera","Tenebrionidae","","","Tenebrionidae","10","C2S2","",NA,"darkling beetle","herbivore","Tenebrionidae10","Y",NA,NA
"67","Coleoptera","Tenebrionidae","","","Tenebrionidae","11","C1O18","",NA,"darkling beetle","herbivore","Tenebrionidae11","Y",NA,NA
"68","Coleoptera","Tenebrionidae","","","Tenebrionidae","12","C1O6","",NA,"darkling beetle","herbivore","Tenebrionidae12","Y",NA,NA
"69","Coleoptera","Tenebrionidae","","","Tenebrionidae","13","P2S6","Small, 1.5cm body. No spike on femur & smaller head than eleodes. ",NA,"darkling beetle","herbivore","Tenebrionidae13","Y",NA,"Y"
"70","Coleoptera","Tenebrionidae","","","Tenebrionidae","14","M2L22","bumpier than 13 ",NA,"darkling beetle","herbivore","Tenebrionidae14",NA,"Y",NA
"71","Coleoptera","Tenebrionidae","","","Tenebrionidae","15","M1L2","large, smoother than 14 and reddish burgundy",NA,"darkling beetle","herbivore","Tenebrionidae15",NA,"Y",NA
"72","Coleoptera","Tenebrionidae","","","Tenebrionidae","16","M2E30, M2E6","light brown, similar to ground beetles in size. ",NA,"darkling beetle","herbivore","Tenebrionidae16",NA,"Y",NA
"73","Coleoptera","Tenebrionidae","","","Tenebrionidae","17","C2O6","very sculptured like 9 but very, very small. Cool armored red tarsi",NA,"darkling beetle","herbivore","Tenebrionidae17","Y",NA,NA
"74","Coleoptera","","","","Coleoptera","3","C2O26","tiny. Red brown. Antenna widens near end, lines of punture dots longitudal abdomen. ",NA,"beetle","","Coleoptera3","Y","Y",NA
"75","Dermaptera","Forficulidae","","Forficula","Forficula auricularia","1","P2S11","",NA,"European earwig","omnivore, scavenger","Forficulaauricularia1","Y",NA,"Y"
"76","Dipera","Culicidae","","","Culicidae","1","M1E18","",NA,"mosquito","parasite","Culicidae1",NA,"Y",NA
"77","Diptera","Anthomyiidae","","","Anthomyiidae","1","C2O10","dip 7, grey when dried. Fine hairs under scuttelu. Looks a bit metallic when wet",NA,"root-maggot flies","herbivore","Anthomyiidae1","Y","Y",NA
"78","Diptera","Anthomyiidae","","","Anthomyiidae","2","C2O26","larger, smoking on wings. Tach 4",NA,"root-maggot flies","herbivore","Anthomyiidae2","Y",NA,NA
"79","Diptera","Anthomyiidae","","","Anthomyiidae","3","C1O21","tach 3",NA,"root-maggot flies","herbivore","Anthomyiidae3","Y",NA,NA
"80","Diptera","Anthomyiidae","","","Anthomyiidae","4","C2O29","tach 2",NA,"root-maggot flies","herbivore","Anthomyiidae4","Y",NA,NA
"81","Diptera","Dolichopodidae","","","Dolichopodidae","1","C2S29","darker coloured",NA,"long-legged fly","predator","Dolichopodidae1","Y",NA,NA
"82","Diptera","Dolichopodidae","","","Dolichopodidae","1","C2S29","darker coloured",NA,"long-legged fly","predator","Dolichopodidae1","Y",NA,NA
"83","Diptera","Heleomyzidae","","","Heleomyzidae","1","C2S6","really long face ",NA,"fly","detritivore","Heleomyzidae1","Y",NA,NA
"84","Diptera","Heleomyzidae","","","Heleomyzidae","2","C2S22","medium long face, much smaller than 1 maybe Eccoptomera microps. Long arista",NA,"fly","detritivore","Heleomyzidae2","Y",NA,NA
"85","Diptera","Heleomyzidae","","","Heleomyzidae","3","C2S18","smokey wings along costa and veins",NA,"fly","detritivore","Heleomyzidae3","Y",NA,NA
"86","Diptera","Heleomyzidae","","","Heleomyzidae","4","C2O29","identical to 2 but larger ",NA,"fly","detritivore","Heleomyzidae4","Y",NA,NA
"87","Diptera","Mythicomyiidae","","","Mythicomyiidae","1","M2L10","light coloured, dark marks on top of thorax. Red eyes. Looks like two proboscises",NA,"micro beefly","pollinator","Mythicomyiidae1",NA,"Y",NA
"88","Diptera","Phoridae","","","Phoridae","1","P2O11","tiny, dark. lighter underside",NA,"scuttle fly","predator","Phoridae1","Y",NA,"Y"
"89","Diptera","Phoridae","","","Phoridae","2","P3S12","tiny, dark legs and underside ",NA,"scuttle fly","predator","Phoridae2","Y",NA,"Y"
"90","Diptera","Pipunculidae","","","Pipunculidae","1","C2O6","",NA,"big-headed fly","predator","Pipunculidae1","Y",NA,NA
"91","Diptera","Sarcophagidae","","","Sarcophagidae","1","M2E30","larger, abdomen end red",NA,"flesh fly","liquids, parasitoid, pollinator","Sarcophagidae1",NA,"Y",NA
"92","Diptera","Sarcophagidae","","","Sarcophagidae","2","M1O10","smaller than 1",NA,"flesh fly","liquids, parasitoid, pollinator","Sarcophagidae2",NA,"Y",NA
"93","Diptera","Sciaridae","","","Sciaridae","1","C2S22","brown ",NA,"dark-winged fungus gnat","fungivore, detritivore","Sciaridae1","Y",NA,NA
"94","Diptera","Therevidae","","","Therevidae","1","C1O26","orange/brown. Dark center on thorax. Antenna same colour as legs. ",NA,"stiletto fly","predator, pollinator","Therevidae1","Y",NA,NA
"95","Diptera","Therevidae","","","Therevidae","2","P1S1","very subtle striping on thorax. ",NA,"stiletto fly","predator, pollinator","Therevidae2",NA,NA,"Y"
"96","Diptera","Ulidiidae","","","Ulidiidae","1","M3L18","looks like Otitini. Reddish brown scuttelum, patterned wings. Yellow and black head. ",NA,"picture winged fly","herbivore","Ulidiidae1",NA,"Y",NA
"97","Embioptera","","","","Embioptera","1","P3O12","keys to Chelicerca rubra juvenile",NA,"webspinner","herbivore","Embioptera1","Y",NA,"Y"
"98","Hemiptera","Cicadellidae","","","Cicadellidae","1","P2S15","tiny, see photo. Brown spoltches on wings, lt blue and brown eye stripes, horizontal stripes under snout. ",NA,"leafhopper","herbivore","Cicadellidae1",NA,NA,"Y"
"99","Hemiptera","Cicadellidae","","","Cicadellidae","2","C2O2","red and white eyes, white stripe between them.",NA,"leafhopper","herbivore","Cicadellidae2","Y",NA,NA
"100","Hemiptera","Cicadellidae","","","Cicadellidae","3","C2O29","medium sized. Washed out olive green on side, beigy yellow",NA,"leafhopper","herbivore","Cicadellidae3","Y",NA,NA
"101","Hemiptera","Cicadellidae","","","Cicadellidae","4","C1S18","eyes green with black spot on upper right, abdominal segments have some green blue metallic look ",NA,"leafhopper","herbivore","Cicadellidae4","Y",NA,NA
"102","Hemiptera","Cicadellidae","","","Cicadellidae","5","M2L30","very orange, stripes on face",NA,"leafhopper","herbivore","Cicadellidae5",NA,"Y",NA
"103","Hemiptera","Cicadellidae","","","Cicadellidae","6","M2O22","yellowy, red and white eyes",NA,"leafhopper","herbivore","Cicadellidae6",NA,"Y",NA
"104","Hemiptera","Cicadellidae","","","Cicadellidae","7","M3E6","plain, brown and cream. Lavender coloured eyes",NA,"leafhopper","herbivore","Cicadellidae7",NA,"Y",NA
"105","Hemiptera","Cicadellidae","","","Cicadellidae","8","C2O10","very purple eyes, hot pink ocelli ",NA,"leafhopper","herbivore","Cicadellidae8","Y",NA,NA
"106","Hemiptera","Geocoridae","","","Geocoridae","1","P1O22","Looks like geocoris,smooth antenna, cream and black, adomen yellows and black. Two cream spots on head. Antenna lighten in colour towards the tips. Yellowy legs",NA,"big-eyed bug","predator","Geocoridae1","Y","Y","Y"
"107","Hemiptera","Lygaeidae","","","Lygaeidae","1","P2O11","looks like false chinch bug genus",NA,"seed bug","herbivore","Lygaeidae1",NA,NA,"Y"
"108","Hemiptera","Lygaeidae","","","Lygaeidae","2","","",NA,"seed bug","herbivore","Lygaeidae2",NA,NA,"Y"
"109","Hemiptera","Lygaeidae","","","Lygaeidae","5","M1O14","looks a bit like geocoridae. Lacks head spots, instead they are farther down on thorax. One spot in centre of head n two smaller near eyes. ",NA,"seed bug","herbivore","Lygaeidae5",NA,"Y",NA
"110","Hemiptera","Pentamoidae","","Holcostethus?","Holcostethus?","1","P3O8","looks like Holcostethus nymph",NA,"shield bug","herbivore","Holcostethus?1",NA,NA,"Y"
"111","Hemiptera","Pentamoidae ","Pentatominae","Chlorochroa","Chlorochroa sayi","1","C3S14","",NA,"say's stinkbug","herbivore","Chlorochroasayi1","Y",NA,NA
"112","Hemiptera","Pentamoidae ","Pentatominae","Chlorochroa","Chlorochroa uhleri","1","C3S22","",NA,"uhler's stinkbug","herbivore","Chlorochroauhleri1","Y",NA,NA
"113","Hemiptera","Rhyparochromidae","","","Rhyparochromidae","1","M1L6","M1L6 - red eyes, spikes are foreleg, smokey wings with only a couple veins and no obvious cells, ocelli, spiracles. Fuzzy underside makes it tough to see curving suture.",NA,"dirt-colored seedbugs","herbivore","Rhyparochromidae1",NA,"Y",NA
"114","Hemiptera","Rhyparochromidae","","","Rhyparochromidae","2","P2S11","was lygaed 2: wide forelegs,  hairy antenna. No wing cells, 4 or 5 brown veins with clear dots",NA,"dirt-colored seedbugs","herbivore","Rhyparochromidae2",NA,NA,"Y"
"115","Hemiptera","Rhyparochromidae","","Xanthochilus","Xanthochilus saturnius","1","C2S10","",NA,"Mediterrean seedbug","herbivore","Xanthochilussaturnius1","Y",NA,NA
"116","Hemiptera","","","","Hemiptera","1","M1E30","bulbous end, 4 segmented moutparts, has spiracles, might be geocoridae. Specimen curled a bit so unclear if last couple spiracles are dorsal or ventral. ",NA,"true bug","","Hemiptera1",NA,"Y",NA
"117","Hymenoptera","Bethylidae","","","Bethylidae","1","P1O5","Black body, yellow legs. wings. 12 antenna segments. Textured head, glossy abdomen.",NA,"bethylid wasp","parasitoid","Bethylidae1","Y","Y","Y"
"118","Hymenoptera","Bethylidae","","","Bethylidae","2","C1O6","black body, orange legs",NA,"bethylid wasp","parasitoid","Bethylidae2","Y","Y",NA
"119","Hymenoptera","Bethylidae","","","Bethylidae","3","M2E18","brown legs. Forelegs half dark brown half lighter brown. ",NA,"bethylid wasp","parasitoid","Bethylidae3",NA,"Y",NA
"120","Hymenoptera","Braconidae","","","Braconidae","1","M2E14","reddish/orange",NA,"braconid wasp","parasitoid","Braconidae1",NA,"Y",NA
"121","Hymenoptera","Chrysididae","","","Chrysididae","1","M3O2","very small. Red on sides of abdomen. ",NA,"cuckoo wasp","parasitoid","Chrysididae1",NA,"Y",NA
"122","Hymenoptera","Chyphotidae","","","Chyphotes","1","M2L22","no morphotyping",NA,"Chyphotid Wasp","predator","Chyphotes1","Y","Y",NA
"123","Hymenoptera","Chyphotidae","","Typhoctes","Typhoctes peculiaris","1","M3L2","",NA,"Chyphotid Wasp","predator","Typhoctespeculiaris1",NA,"Y",NA
"124","Hymenoptera","Crabronidae","","","Crabronidae","1","M1L18","red abdomen, looks like larra ",NA,"crabronid wasp","predator","Crabronidae1",NA,"Y",NA
"125","Hymenoptera","Crabronidae","","Miscophus","Miscophus","1","M2L30","small black stripes",NA,"square-headed wasp","predator","Miscophus1",NA,"Y",NA
"126","Hymenoptera","Crabronidae","","Miscophus","Miscophus","3","M1E2","bottom third of abdomen black, one stripe. Orange and black",NA,"square-headed wasp","predator","Miscophus3",NA,"Y",NA
"127","Hymenoptera","Encyrtidae","","","Encyrtidae","1","C1S2","yellow, white tips on antenna",NA,"encyrtid wasp","parasitoid","Encyrtidae1","Y",NA,NA
"128","Hymenoptera","Formicidae","Formicinae","Camponotus","Camponotus","1","C2S22","medium sized, black ",NA,"carpenter ant","omnivore","Camponotus1","Y",NA,NA
"129","Hymenoptera","Formicidae","Formicinae","Camponotus","Camponotus","2","C2S29","looks like americanus, reddish head, yellow bodies",NA,"carpenter ant","omnivore","Camponotus2","Y",NA,NA
"130","Hymenoptera","Formicidae","Myrmicinae","Crematogaster","Crematogaster","1","M2E26","reddish brown body, black shiny gaster. ",NA,"acrobat ants","omnivore","Crematogaster1",NA,"Y",NA
"131","Hymenoptera","Formicidae","Myrmicinae","Crematogaster","Crematogaster","2","M2L10","completely dark chestnut brown",NA,"acrobat ants","omnivore","Crematogaster2",NA,"Y",NA
"132","Hymenoptera","Formicidae","Dolichoderinae","Dorymyrmex","Dorymyrmex","1","P2S32","flavus",NA,"cone ant","","Dorymyrmex1","Y",NA,"Y"
"133","Hymenoptera","Formicidae","Dolichoderinae","Dorymyrmex","Dorymyrmex","2","C2O2","darker brown, pointed ",NA,"cone ant","","Dorymyrmex2","Y","Y",NA
"134","Hymenoptera","Formicidae","Dolichoderinae","Dorymyrmex","Dorymyrmex","3","M3E26","bicolor? Dark abdomen, yellow body, brown head. Like photo on wikipedia",NA,"cone ant","","Dorymyrmex3",NA,"Y",NA
"135","Hymenoptera","Formicidae","Dolichoderinae","Forelius","Forelius","1","P3O8","tiny, yellow. Quite hairy against a dark background. Line of erect hairs on tibia, likely mckooki scapes sort of hairy. Mandibles and palps hairy.",NA,"ant","","Forelius1","Y","Y","Y"
"136","Hymenoptera","Formicidae","Myrmicinae","Messor","Messor","1","C2O22","looks like black pogo, spurs fine. Scurlptured mandibles, smoother than 2, spikes but not as long, no burgundy tint",NA,"harvester ant","granivore","Messor1","Y","Y","Y"
"137","Hymenoptera","Formicidae","Myrmicinae","Messor","Messor","2","P3O40","black/burgundy, originally thought myrmica, then pheidole. No club long spikes. Very sculptured. Largish for this project. ",NA,"harvester ant","granivore","Messor2","Y",NA,"Y"
"138","Hymenoptera","Formicidae","Formicinae","Myrmecocystus","Myrmecocystus","1","P1O22","chestnut brown colour",NA,"ant","","Myrmecocystus1",NA,"Y","Y"
"139","Hymenoptera","Formicidae","Formicinae","Myrmecocystus","Myrmecocystus","2","C2O2","reddish with dark abdomen pointed ",NA,"ant","","Myrmecocystus2","Y","Y",NA
"140","Hymenoptera","Formicidae","Formicinae","Myrmecocystus","Myrmecocystus","3","C2O22","yellow, larger. Looks like species in book ",NA,"ant","","Myrmecocystus3","Y","Y",NA
"141","Hymenoptera","Formicidae","Formicinae","Myrmecocystus","Myrmecocystus","4","C3O2","brown. Warm brown/orangey thorax, cool brown abdomen. Antenna seem extra long. ",NA,"ant","","Myrmecocystus4","Y","Y",NA
"142","Hymenoptera","Formicidae","Formicinae","Myrmecocystus","Myrmecocystus","5","M1L10","brown, uniformly deep brown, long antenna, hairs on palps",NA,"ant","","Myrmecocystus5",NA,"Y",NA
"143","Hymenoptera","Formicidae","Myrmicinae","Pheidole","Pheidole","1","P1O1","yellow to brown, polymorphic. ",NA,"big-headed ant","","Pheidole1","Y",NA,"Y"
"144","Hymenoptera","Formicidae","Myrmicinae","Pheidole","Pheidole","2","C1O18","brown, psammophore. Similar to messor",NA,"big-headed ant","","Pheidole2","Y","Y",NA
"145","Hymenoptera","Formicidae","Myrmicinae","Pheidole","Pheidole","5","M2E2","yellowy body, black spot on adomen, slightly hairy - not as spiky as 1",NA,"big-headed ant","","Pheidole5",NA,"Y",NA
"146","Hymenoptera","Formicidae","Myrmicinae","Pogonomymyrex","Pogonomyrmex","1","C2O2","Medium, reddish darkening at tip of abdomen",NA,"harvester ant","","Pogonomyrmex1","Y","Y",NA
"147","Hymenoptera","Formicidae","Myrmicinae","Solenopsis","Solenopsis","1","P1O34","germinata or xyloni: (clypeal border, underside of petiole). Invicta has a third tooth, these do not!! :) :) ",NA,"fire ant","","Solenopsis1","Y","Y","Y"
"148","Hymenoptera","Formicidae","Myrmicinae","Solenopsis","Solenopsis","2","P3S16","yellowy all one colour",NA,"fire ant","","Solenopsis2",NA,NA,"Y"
"149","Hymenoptera","Formicidae","Dolichoderinae","Tapinoma","Tapinoma","1","C1S2","very small, chestnut brown. Looks more like schreiberi, abdomen slighty but barely darker",NA,"ant","","Tapinoma1","Y","Y","Y"
"150","Hymenoptera","Formicidae","Myrmicinae","Temnothorax","Temnothorax","1","C2S29","tiny, yellow. Looks like pheidole but fatter antennal club.",NA,"ant","","Temnothorax1","Y",NA,NA
"151","Hymenoptera","Halictidae","","Lasioglossum","Lasioglossum","1","C1O21","dialictus, only one",NA,"metallic sweat bee","pollinator","Lasioglossum1","Y",NA,NA
"152","Hymenoptera","Mutillidae","","","Mutillidae","1","P1S34","didn't attempt to morpho at all",NA,"velvet ant","parasitoid, nectivore","Mutillidae1","Y","Y","Y"
"153","Hymenoptera","Pompilidae","Pepsinae","","Pepsis","1","M1O6","",NA,"TARANTULA HAWK","parasitoid, pollinator","Pepsis1",NA,"Y",NA
"154","Hymenoptera","Pompilidae","","","Pompilidae","1","C3S18","black, short petiole. Wings missing in one specimen. Completely dark wings",NA,"spider wasp","predator","Pompilidae1","Y","Y",NA
"155","Hymenoptera","Pompilidae","","","Pompilidae","2","M2L18","much smaller than 1, darkness at ends of wings only",NA,"spider wasp","predator","Pompilidae2",NA,"Y",NA
"156","Hymenoptera","Pteromalidae","","","Pteromalidae","1","P2S32","reddish dark metallic, yellow legs. ",NA,"ptermalid wasp","parasitoid","Pteromalidae1",NA,NA,"Y"
"157","Hymenoptera","Tiphiidae ","Tiphiinae","Paratiphia","Paratiphia","1","P1S34","",NA,"","predator","Paratiphia1",NA,NA,"Y"
"158","Isopoda","Porcellionidae","","Porcellio","Porcellio laevis","1","C1S30","",NA,"pillbug/isopod","detritivore","Porcelliolaevis1","Y",NA,NA
"159","Lepidoptera","Micro-moth","","","Micro-moth","1","P1O34","brown, hairs at end of wings. Translucent",NA,"micro moth","herbivore, pollinator","Micro-moth1","Y",NA,"Y"
"160","Lepidoptera","Micro-moth","","","Micro-moth","2","P1S34","larger, furry mouth parts. Brown, darker spots near ends of wings (6) ",NA,"micro moth","herbivore, pollinator","Micro-moth2",NA,NA,"Y"
"161","Lepidoptera","Micro-moth","","","Micro-moth","3","P3S8","clear, brown scales, much small than others. Deepr brown thorax with a stripe ",NA,"micro moth","herbivore, pollinator","Micro-moth3",NA,NA,"Y"
"162","Lepidoptera","Micro-moth","","","Micro-moth","4","P3S40","dark brown wings, winger darker strips, lighter colour underside, ",NA,"micro moth","herbivore, pollinator","Micro-moth4",NA,NA,"Y"
"163","Lepidoptera","Micro-moth","","","Micro-moth","5","C2O2","slight darkening at end of wings, ",NA,"micro moth","herbivore, pollinator","Micro-moth5","Y",NA,NA
"164","Lepidoptera","Micro-moth","","","Micro-moth","6","C3S9","furry mouth parts, brown, no spots",NA,"micro moth","herbivore, pollinator","Micro-moth6","Y",NA,NA
"165","Lepidoptera","Micro-moth","","","Micro-moth","7","C3O2","one spot on each wing, middle but closer to wing end",NA,"micro moth","herbivore, pollinator","Micro-moth7","Y",NA,NA
"166","Lepidoptera","Micro-moth","","","Micro-moth","8","M2L22","longer than wide, edges of wings wispy. Not very spiny legs, inner portion of wing lighter in colour",NA,"micro moth","herbivore, pollinator","Micro-moth8",NA,"Y",NA
"167","Lepidoptera","Micro-moth","","","Micro-moth","9","M2O18","fringe on end of wings, darker part centre of wing. ",NA,"micro moth","herbivore, pollinator","Micro-moth9",NA,"Y",NA
"168","Lepidoptera","Micro-moth","","","Micro-moth","10","M2L10","V-shaped stripes ",NA,"micro moth","herbivore, pollinator","Micro-moth10",NA,"Y",NA
"169","Lepidoptera","Micro-moth","","","Micro-moth","11","M1O26","like 8 but uniformly coloured, very pale",NA,"micro moth","herbivore, pollinator","Micro-moth11",NA,"Y",NA
"170","Lepidoptera","Micro-moth","","","Micro-moth","12","M1L14","like 11 but with a horizontal dark stripe ",NA,"micro moth","herbivore, pollinator","Micro-moth12",NA,"Y",NA
"171","Lepidoptera","Micro-moth","","","Micro-moth","13","M1O18","larger, wider/broad. Thicker abdomen. Light spots, dark bit at end of wings. ",NA,"micro moth","herbivore, pollinator","Micro-moth13",NA,"Y",NA
"172","Lepidoptera","Micro-moth","","","Micro-moth","14","M3L14","slender. Thicker antenna. Spotty lines on wings. ",NA,"micro moth","herbivore, pollinator","Micro-moth14",NA,"Y",NA
"173","Lepidoptera","Micro-moth","","","Micro-moth","15","M3E2","striping, thick stripes",NA,"micro moth","herbivore, pollinator","Micro-moth15",NA,"Y",NA
"174","Lepidoptera","","","","moth","1","C3S26","antenna are like fish skeleton, brown, frilles an end of wings",NA,"moth","herbivore, pollinator","moth1","Y",NA,NA
"175","Lepidoptera","","","","moth","2","M1O14","subtle horizontal stripes across wings, frills at end smooth antenna",NA,"moth","herbivore, pollinator","moth2",NA,"Y",NA
"176","Mantodea","","","","Mantodea","1","P1O5","looks like litaneutria",NA,"mantis","predator","Mantodea1",NA,NA,"Y"
"177","Mantodea","","","","Mantodea","2","M2O10","pointy eyes",NA,"mantis","predator","Mantodea2",NA,"Y",NA
"178","Microcoryphia","","","","Microcoryphia","1","C2S14","",NA,"bristletail","detritivore","Microcoryphia1","Y","Y","Y"
"179","Neuroptera","Chrysopidae","","","Chrysopidae","1","M2O2","brown to greenish",NA,"green lacewing","predator","Chrysopidae1",NA,"Y",NA
"180","Neuroptera","Chrysopidae","","","Chrysopidae","2","M3E18","stripes on thorax, dark parts on veins",NA,"green lacewing","predator","Chrysopidae2",NA,"Y",NA
"181","Neuroptera","Myrmeleontidae","","","Myrmeleontidae","2","M2E6","horizontal strong stripes, darker veins on wings. Smallers. Yellow and brown",NA,"antlion","predator","Myrmeleontidae2",NA,"Y",NA
"182","Neuroptera","Myrmeleontidae","","","Myrmeleontidae","3","M3E14","dark larger, reddish brown ",NA,"antlion","predator","Myrmeleontidae3",NA,"Y",NA
"183","Orthoptera","Acrididae","","","Acrididae","1","C2O2","pink and cream",NA,"short-horned grasshopper","herbivore","Acrididae1","Y",NA,NA
"184","Orthoptera","Acrididae","","","Acrididae","2","M2O22","yellow, likely in subfamily romaleinae",NA,"short-horned grasshopper","herbivore","Acrididae2",NA,"Y",NA
"185","Orthoptera","Acrididae","","","Acrididae","3","C1O30","eyes close together and pink.",NA,"short-horned grasshopper","herbivore","Acrididae3","Y","Y",NA
"186","Orthoptera","Acrididae","","","Acrididae","4","M3E30","reddish. ",NA,"short-horned grasshopper","herbivore","Acrididae4",NA,"Y",NA
"187","Orthoptera","Rhaphidophoridae","","","Rhaphidophoridae","1","P1O5","Ceuthophilus? Paired spines back leg, waxy, yellowcerci. Body 8mm",NA,"camel cricket","omnivore, scavenger","Rhaphidophoridae1","Y","Y","Y"
"188","Orthoptera","Rhaphidophoridae","","","Rhaphidophoridae","2","C1O6","Brown and hairy.",NA,"camel cricket","omnivore, scavenger","Rhaphidophoridae2","Y",NA,NA
"189","Orthoptera","Rhaphidophoridae","","","Rhaphidophoridae","3","C3O2","mottle brown and orange. Hairy along head. Furry cerci",NA,"camel cricket","omnivore, scavenger","Rhaphidophoridae3","Y","Y",NA
"190","Orthoptera","Rhaphidophoridae","","","Rhaphidophoridae","4","C1S26","yellow/peach with mottles on back. Not haiiry",NA,"camel cricket","omnivore, scavenger","Rhaphidophoridae4","Y","Y",NA
"191","Orthoptera","Tettigonidae","","","Tettigonidae","1","C2S6","Purple",NA,"long-horned grasshopper","herbivore","Tettigonidae1","Y",NA,NA
"192","Orthoptera","Tettigonidae","","","Tettigonidae","2","C2S2","much less patterning than 1, brown/yellow colour. Also female.",NA,"long-horned grasshopper","herbivore","Tettigonidae2","Y",NA,NA
"193","Pseudoscorpionida","","","","Pseudoscorpionida","1","C1S18","no morphotyping",NA,"pseudoscorpion","","Pseudoscorpionida1","Y","Y",NA
"194","Psoptera","","","","Psocoptera","1","C2O14","no morphotyping",NA,"booklouse","","Psocoptera1","Y",NA,NA
"195","Scolopendramorpha","Scolopendridae","","Scolopendra","Scolopendramorpha","1","P3O19","no morphotyping",NA,"centipede","predator","Scolopendramorpha1",NA,"Y","Y"
"196","Scorpiones","","","","Scorpiones","1","P1S1","no morphotyping",NA,"scorpion","predator","Scorpiones1",NA,"Y","Y"
"197","Solifugae","","","","Solfugidae","1","C2O29","no morphotyping",NA,"camel scorpion","predator","Solfugidae1","Y","Y",NA
"198","Zygentoma","","","","Zygentoma","1","M1L30","no morphotyping",NA,"silverfish","detritivore","Zygentoma1",NA,"Y",NA
"199","Hemiptera","Issidae","","","Issidae","1","C2S18","",NA,"planthopper","herbivore","Issidae1","Y",NA,NA
"200","Coleoptera","Anthicidae","","","Anthicidae","1","C1O6","black with silver eyes",NA,"ant-like flower beetle","","Anthicidae1","Y","Y",NA
"201","Coleoptera","Melyridae","","","Melyridae","2","C1O6","reddish, silvery hair, very small",NA,"","","Melyridae2","Y",NA,NA
