"","rii","X","Region","site","ID","Microsite","RDM","x","y","z","bur.drip","bur.buf","max.veg.height","rdm.cov","green.cov","non.veg.cov","largewood.cov","lrgrocks.cov","AT","PF","PF.out","PF.in","RDM.date","comments","ESI","Max","arid","uniID"
"1",0.523809523809524,1,"Panoche","PAN3",1,"ephedra",9.9629,355,275,160,3,4,59,80,0,20,0,NA,NA,NA,NA,NA,"june.24.morning",NA,0.2363,35.3,15.6147540983607,"PAN3 1"
"3",-0.0526315789473684,3,"Panoche","PAN3",2,"ephedra",5.7949,430,420,160,5,1,42,90,0,10,0,NA,NA,NA,NA,NA,"june.24.morning",NA,0.2363,35.3,15.6147540983607,"PAN3 2"
"5",-0.027027027027027,5,"Panoche","PAN3",3,"ephedra",3.4054,520,455,170,5,1,37,90,0,10,0,NA,NA,NA,NA,NA,"june.24.morning",NA,0.2363,35.3,15.6147540983607,"PAN3 3"
"7",-0.111111111111111,7,"Panoche","PAN3",4,"ephedra",1.7951,370,325,120,3,2,21,60,0,40,0,NA,NA,NA,NA,NA,"june.24.morning",NA,0.2363,35.3,15.6147540983607,"PAN3 4"
"9",-0.032258064516129,9,"Panoche","PAN3",5,"ephedra",4.2586,455,375,140,1,2,43,90,0,10,0,NA,NA,NA,NA,NA,"june.24.morning",NA,0.2363,35.3,15.6147540983607,"PAN3 5"
"11",0.7,11,"Panoche","PAN3",6,"ephedra",2.5606,275,255,130,1,1,40,85,0,15,0,NA,NA,"N","june.23.morning","june.26.morning","june.26.morning",NA,0.2363,35.3,15.6147540983607,"PAN3 6"
"13",0.454545454545455,13,"Panoche","PAN3",7,"ephedra",2.9023,275,250,95,3,2,43,80,0,20,0,NA,NA,NA,NA,NA,"june.24.morning",NA,0.2363,35.3,15.6147540983607,"PAN3 7"
"15",0.684210526315789,15,"Panoche","PAN3",8,"ephedra",5.9177,310,245,110,1,4,62,80,0,20,0,NA,NA,"Y","june.23.morning","june.26.morning","june.26.morning",NA,0.2363,35.3,15.6147540983607,"PAN3 8"
"17",0.80952380952381,17,"Panoche","PAN3",9,"ephedra",4.4364,135,115,110,2,0,28,95,0,0,5,NA,NA,NA,NA,NA,"june.24.morning",NA,0.2363,35.3,15.6147540983607,"PAN3 9"
"19",-0.0526315789473684,19,"Panoche","PAN3",10,"ephedra",5.0709,355,345,130,0,1,44,90,0,10,0,NA,NA,NA,NA,NA,"june.24.morning",NA,0.2363,35.3,15.6147540983607,"PAN3 10"
"21",0.0256410256410256,21,"Panoche","PAN3",11,"ephedra",2.1237,280,270,95,0,2,24,100,0,0,0,NA,NA,NA,NA,NA,"june.24.morning",NA,0.2363,35.3,15.6147540983607,"PAN3 11"
"23",-0.2,23,"Panoche","PAN3",12,"ephedra",6.6892,320,300,155,1,1,55,60,0,40,0,NA,NA,"Y","june.23.morning","june.26.morning","june.26.morning",NA,0.2363,35.3,15.6147540983607,"PAN3 12"
"25",-0.111111111111111,25,"Panoche","PAN3",13,"ephedra",4.7471,175,90,115,0,0,46,80,0,20,0,NA,NA,NA,NA,NA,"june.24.morning",NA,0.2363,35.3,15.6147540983607,"PAN3 13"
"27",0.25,27,"Panoche","PAN3",14,"ephedra",4.0217,530,420,160,5,4,39,100,0,0,0,NA,NA,NA,NA,NA,"june.24.morning",NA,0.2363,35.3,15.6147540983607,"PAN3 14"
"29",0.285714285714286,29,"Panoche","PAN3",15,"ephedra",4.8584,565,440,130,0,3,27,90,0,10,0,NA,NA,NA,NA,NA,"june.24.morning",NA,0.2363,35.3,15.6147540983607,"PAN3 15"
"31",-0.0625,31,"Panoche","PAN3",16,"ephedra",1.9786,580,410,115,3,2,35,75,0,25,0,NA,NA,"Y","june.23.morning","june.26.morning","june.26.morning",NA,0.2363,35.3,15.6147540983607,"PAN3 16"
"33",0.230769230769231,33,"Panoche","PAN3",17,"ephedra",4.28,265,210,120,0,1,46,80,0,20,0,NA,NA,NA,NA,NA,"june.24.morning",NA,0.2363,35.3,15.6147540983607,"PAN3 17"
"35",0.28,35,"Panoche","PAN3",18,"ephedra",3.487,255,235,125,1,1,23,80,0,20,0,NA,NA,NA,NA,NA,"june.24.morning",NA,0.2363,35.3,15.6147540983607,"PAN3 18"
"37",0.333333333333333,37,"Panoche","PAN3",19,"ephedra",6.4622,280,265,115,0,1,24,50,0,50,NA,NA,NA,"Y","june.23.morning","june.26.morning","june.26.morning",NA,0.2363,35.3,15.6147540983607,"PAN3 19"
"39",0.176470588235294,39,"Panoche","PAN3",20,"ephedra",1.3472,170,150,95,1,0,20,50,0,50,NA,NA,NA,NA,NA,NA,"june.24.morning",NA,0.2363,35.3,15.6147540983607,"PAN3 20"
"41",0.454545454545455,41,"Panoche","PAN3",21,"ephedra",1.2114,275,210,120,0,1,14,40,0,60,NA,NA,NA,NA,NA,NA,"june.24.morning",NA,0.2363,35.3,15.6147540983607,"PAN3 21"
"43",0.764705882352941,43,"Panoche","PAN3",22,"ephedra",3.5656,275,260,100,4,0,38,75,0,25,NA,NA,NA,NA,NA,NA,"june.24.morning",NA,0.2363,35.3,15.6147540983607,"PAN3 22"
"45",0.666666666666667,45,"Panoche","PAN3",23,"ephedra",4.5986,395,390,165,0,1,28,100,0,0,NA,NA,NA,"Y","june.23.morning","june.26.morning","june.26.morning",NA,0.2363,35.3,15.6147540983607,"PAN3 23"
"47",0.794871794871795,47,"Panoche","PAN3",24,"ephedra",3.6632,220,205,95,0,0,30,70,0,30,NA,NA,NA,NA,NA,NA,"june.24.morning",NA,0.2363,35.3,15.6147540983607,"PAN3 24"
"49",0.310344827586207,49,"Panoche","PAN3",25,"ephedra",2.1737,235,185,95,0,3,30,95,0,5,NA,NA,NA,NA,NA,NA,"june.24.morning",NA,0.2363,35.3,15.6147540983607,"PAN3 25"
"51",0.142857142857143,51,"Panoche","PAN3",27,"ephedra",4.233,210,130,85,0,0,27,80,0,20,NA,NA,NA,NA,NA,NA,"june.24.morning",NA,0.2363,35.3,15.6147540983607,"PAN3 27"
"53",0.037037037037037,53,"Panoche","PAN3",28,"ephedra",12.145,175,75,115,0,0,48,70,0,30,NA,NA,NA,"Y","june.23.morning","june.26.morning","june.26.morning",NA,0.2363,35.3,15.6147540983607,"PAN3 28"
"55",0.142857142857143,55,"Panoche","PAN3",29,"ephedra",6.0101,330,205,80,2,0,49,80,0,20,NA,NA,NA,NA,NA,NA,"june.24.morning",NA,0.2363,35.3,15.6147540983607,"PAN3 29"
"57",0.619047619047619,57,"Panoche","PAN3",31,"ephedra",3.0023,265,210,100,2,0,20,85,0,15,NA,NA,NA,NA,NA,NA,"june.24.morning",NA,0.2363,35.3,15.6147540983607,"PAN3 31"
"59",-0.0555555555555556,59,"Panoche","PAN3",32,"ephedra",3.8002,350,330,165,1,0,50,85,0,15,NA,NA,NA,"Y","june.23.morning","june.26.morning","june.26.morning",NA,0.2363,35.3,15.6147540983607,"PAN3 32"
"61",-0.384615384615385,61,"Panoche","PAN3",36,"ephedra",7.9182,360,330,105,4,0,16,40,0,60,NA,NA,NA,"Y","june.23.morning","june.26.morning","june.26.morning",NA,0.2363,35.3,15.6147540983607,"PAN3 36"
"63",0.0285714285714286,63,"Panoche","PAN3",40,"ephedra",10.0419,465,370,130,NA,NA,40,90,0,10,NA,NA,NA,"Y","june.23.morning","june.26.morning","june.26.morning",NA,0.2363,35.3,15.6147540983607,"PAN3 40"
"65",0.0588235294117647,65,"Panoche","PAN2",40,"ephedra",6.5164,435,405,225,2,6,32,90,0,10,NA,NA,NA,NA,NA,NA,"june.25",NA,0.2219,35.3,15.4508196721311,"PAN2 40"
"67",0.407407407407407,67,"Panoche","PAN2",39,"ephedra",3.0141,280,275,130,5,2,25,95,0,5,NA,NA,NA,NA,NA,NA,"june.25",NA,0.2219,35.3,15.4508196721311,"PAN2 39"
"69",0.5,69,"Panoche","PAN2",38,"ephedra",3.3995,390,325,130,9,1,23,60,0,40,NA,NA,NA,NA,NA,NA,"june.25",NA,0.2219,35.3,15.4508196721311,"PAN2 38"
"71",0.529411764705882,71,"Panoche","PAN2",37,"ephedra",3.4578,205,180,80,2,3,28,65,0,35,NA,NA,NA,NA,NA,NA,"june.25",NA,0.2219,35.3,15.4508196721311,"PAN2 37"
"73",0.7,73,"Panoche","PAN2",36,"ephedra",2.8605,420,300,90,4,0,28,85,0,15,NA,NA,NA,NA,NA,NA,"june.25",NA,0.2219,35.3,15.4508196721311,"PAN2 36"
"75",0.818181818181818,75,"Panoche","PAN2",35,"ephedra",7.0913,250,245,90,1,2,49,100,0,0,NA,NA,NA,NA,NA,NA,"june.25",NA,0.2219,35.3,15.4508196721311,"PAN2 35"
"77",0.2,77,"Panoche","PAN2",34,"ephedra",1.7295,235,200,95,3,0,19,15,0,85,NA,NA,NA,NA,NA,NA,"june.25",NA,0.2219,35.3,15.4508196721311,"PAN2 34"
"79",0.919191919191919,79,"Panoche","PAN2",33,"ephedra",4.1675,325,260,115,1,6,33,95,0,5,NA,NA,NA,NA,NA,NA,"june.25",NA,0.2219,35.3,15.4508196721311,"PAN2 33"
"81",0.875,81,"Panoche","PAN2",32,"ephedra",8.1265,230,170,130,2,4,36,75,0,25,NA,NA,NA,"Y","june.23.morning","june.26","june.26",NA,0.2219,35.3,15.4508196721311,"PAN2 32"
"83",0.684210526315789,83,"Panoche","PAN2",31,"ephedra",4.3405,250,200,95,1,3,27,80,0,20,NA,NA,NA,NA,NA,NA,"june.25",NA,0.2219,35.3,15.4508196721311,"PAN2 31"
"85",0.777777777777778,85,"Panoche","PAN2",30,"ephedra",0.8877,285,260,110,2,0,26,40,0,60,NA,NA,NA,NA,NA,NA,"june.25",NA,0.2219,35.3,15.4508196721311,"PAN2 30"
"87",0.923076923076923,87,"Panoche","PAN2",29,"ephedra",4.1709,270,235,130,1,0,32,75,0,25,NA,NA,NA,NA,NA,NA,"june.25",NA,0.2219,35.3,15.4508196721311,"PAN2 29"
"89",0.6,89,"Panoche","PAN2",28,"ephedra",3.2799,240,235,80,2,5,25,40,0,60,NA,NA,NA,NA,NA,NA,"june.25",NA,0.2219,35.3,15.4508196721311,"PAN2 28"
"91",0.0666666666666667,91,"Panoche","PAN2",27,"ephedra",5.8751,420,375,200,4,1,35,80,0,20,NA,NA,NA,NA,NA,NA,"june.25",NA,0.2219,35.3,15.4508196721311,"PAN2 27"
"93",0.333333333333333,93,"Panoche","PAN2",26,"ephedra",1.4861,240,220,115,0,2,18,30,0,70,NA,NA,NA,NA,NA,NA,"june.25",NA,0.2219,35.3,15.4508196721311,"PAN2 26"
"95",0.733333333333333,95,"Panoche","PAN2",25,"ephedra",3.8503,190,185,105,4,0,28,65,0,35,NA,NA,NA,NA,NA,NA,"june.25",NA,0.2219,35.3,15.4508196721311,"PAN2 25"
"97",0.888888888888889,97,"Panoche","PAN2",24,"ephedra",4.3369,275,230,135,0,3,30,85,0,15,NA,NA,NA,"Y","june.23.morning","june.26","june.26",NA,0.2219,35.3,15.4508196721311,"PAN2 24"
"99",0.75,99,"Panoche","PAN2",23,"ephedra",1.5616,215,185,115,2,0,24,35,0,65,NA,NA,NA,NA,NA,NA,"june.25",NA,0.2219,35.3,15.4508196721311,"PAN2 23"
"101",0.866666666666667,101,"Panoche","PAN2",22,"ephedra",3.1243,240,210,145,2,2,25,70,0,30,NA,NA,NA,NA,NA,NA,"june.25",NA,0.2219,35.3,15.4508196721311,"PAN2 22"
"103",0.807228915662651,103,"Panoche","PAN2",21,"ephedra",4.5241,255,225,95,0,3,35,75,0,25,NA,NA,NA,NA,NA,NA,"june.25",NA,0.2219,35.3,15.4508196721311,"PAN2 21"
"105",0.307692307692308,105,"Panoche","PAN2",20,"ephedra",3.8188,230,175,90,0,2,43,85,0,15,NA,NA,NA,NA,NA,NA,"june.25",NA,0.2219,35.3,15.4508196721311,"PAN2 20"
"107",0.625,107,"Panoche","PAN2",19,"ephedra",8.2381,180,120,125,1,4,40,65,0,35,NA,NA,NA,NA,NA,NA,"june.25",NA,0.2219,35.3,15.4508196721311,"PAN2 19"
"109",0.428571428571429,109,"Panoche","PAN2",18,"ephedra",1.6608,190,175,135,2,0,21,20,0,80,NA,NA,NA,"N","june.23.morning","june.26","june.26","ephedra pitfall pushed out",0.2219,35.3,15.4508196721311,"PAN2 18"
"111",0.846153846153846,111,"Panoche","PAN2",17,"ephedra",3.5405,185,175,135,1,0,45,60,0,40,NA,NA,NA,NA,NA,NA,"june.25",NA,0.2219,35.3,15.4508196721311,"PAN2 17"
"113",0.917808219178082,113,"Panoche","PAN2",16,"ephedra",5.1817,220,165,85,3,0,32,70,0,30,NA,NA,NA,NA,NA,NA,"june.25",NA,0.2219,35.3,15.4508196721311,"PAN2 16"
"115",0.4,115,"Panoche","PAN2",15,"ephedra",1.3083,270,250,110,0,1,19,35,0,65,NA,NA,NA,"Y","june.23.morning","june.26","june.26",NA,0.2219,35.3,15.4508196721311,"PAN2 15"
"117",0.756756756756757,117,"Panoche","PAN2",13,"ephedra",3.3122,315,220,120,3,0,23,65,0,35,NA,NA,NA,NA,NA,NA,"june.25",NA,0.2219,35.3,15.4508196721311,"PAN2 13"
"119",0.764705882352941,119,"Panoche","PAN2",12,"ephedra",2.9567,260,245,95,3,1,42,75,0,25,NA,NA,NA,NA,NA,NA,"june.25",NA,0.2219,35.3,15.4508196721311,"PAN2 12"
"121",0.777777777777778,121,"Panoche","PAN2",11,"ephedra",4.4621,200,175,105,0,1,32,40,0,30,30,NA,NA,"Y","june.23.morning","june.26","june.26",NA,0.2219,35.3,15.4508196721311,"PAN2 11"
"123",0.780821917808219,123,"Panoche","PAN2",6,"ephedra",7.0433,225,200,80,1,1,46,65,0,35,NA,NA,NA,"Y","june.23.morning","june.26","june.26",NA,0.2219,35.3,15.4508196721311,"PAN2 6"
"125",0.6,125,"Panoche","PAN1",1,"ephedra",5.3291,235,225,105,1,0,46,80,0,20,NA,NA,NA,"Y","june.23.morning","june.26","june.26",NA,0.2257,35.3,15.4508196721311,"PAN1 1"
"127",0.6,127,"Panoche","PAN1",2,"ephedra",4.4463,265,220,110,5,0,36,100,0,0,NA,NA,NA,NA,NA,NA,"june.25",NA,0.2257,35.3,15.4508196721311,"PAN1 2"
"129",0.2,129,"Panoche","PAN1",3,"ephedra",3.6283,380,345,100,1,2,28,90,0,10,NA,NA,NA,NA,NA,NA,"june.25",NA,0.2257,35.3,15.4508196721311,"PAN1 3"
"131",0.333333333333333,131,"Panoche","PAN1",4,"ephedra",2.2264,185,175,125,0,1,33,70,0,30,NA,NA,NA,NA,NA,NA,"june.25",NA,0.2257,35.3,15.4508196721311,"PAN1 4"
"133",0.391304347826087,133,"Panoche","PAN1",5,"ephedra",9.142,220,170,90,1,2,36,80,0,20,NA,NA,NA,"Y","june.23.morning","june.26","june.26",NA,0.2257,35.3,15.4508196721311,"PAN1 5"
"135",0.818181818181818,135,"Panoche","PAN1",6,"ephedra",2.1283,205,185,100,1,1,30,50,0,50,NA,NA,NA,NA,NA,NA,"june.25",NA,0.2257,35.3,15.4508196721311,"PAN1 6"
"137",0.846153846153846,137,"Panoche","PAN1",7,"ephedra",3.0862,325,265,110,3,2,40,60,0,40,NA,NA,NA,NA,NA,NA,"june.25",NA,0.2257,35.3,15.4508196721311,"PAN1 7"
"139",0.833333333333333,139,"Panoche","PAN1",8,"ephedra",4.948,235,150,95,4,0,39,55,0,45,NA,NA,NA,NA,NA,NA,"june.25",NA,0.2257,35.3,15.4508196721311,"PAN1 8"
"141",0.647058823529412,141,"Panoche","PAN1",9,"ephedra",2.5443,455,280,125,2,0,26,70,0,30,NA,NA,NA,"Y","june.23.morning","june.26","june.26",NA,0.2257,35.3,15.4508196721311,"PAN1 9"
"143",0.724137931034483,143,"Panoche","PAN1",10,"ephedra",2.1032,305,285,105,2,0,34,50,0,50,NA,NA,NA,NA,NA,NA,"june.25",NA,0.2257,35.3,15.4508196721311,"PAN1 10"
"145",0.836734693877551,145,"Panoche","PAN1",11,"ephedra",4.4488,315,275,110,1,1,43,45,0,55,NA,NA,NA,NA,NA,NA,"june.25",NA,0.2257,35.3,15.4508196721311,"PAN1 11"
"147",-0.2,147,"Panoche","PAN1",12,"ephedra",2.9528,230,230,115,3,4,35,40,0,60,NA,NA,NA,NA,NA,NA,"june.25",NA,0.2257,35.3,15.4508196721311,"PAN1 12"
"149",0.684210526315789,149,"Panoche","PAN1",13,"ephedra",2.3784,375,260,70,1,0,36,80,0,20,NA,NA,NA,"Y","june.23.morning","june.26","june.26",NA,0.2257,35.3,15.4508196721311,"PAN1 13"
"151",0.538461538461538,151,"Panoche","PAN1",14,"ephedra",2.3717,295,275,110,1,3,23,50,0,50,NA,NA,NA,NA,NA,NA,"june.25",NA,0.2257,35.3,15.4508196721311,"PAN1 14"
"153",0.416666666666667,153,"Panoche","PAN1",15,"ephedra",6.185,355,325,115,1,2,49,85,0,15,NA,NA,NA,NA,NA,NA,"june.25",NA,0.2257,35.3,15.4508196721311,"PAN1 15"
"155",0.241379310344828,155,"Panoche","PAN1",16,"ephedra",5.7347,375,290,95,2,0,28,90,0,10,NA,NA,"Y",NA,NA,NA,"june.25",NA,0.2257,35.3,15.4508196721311,"PAN1 16"
"157",0.846153846153846,157,"Panoche","PAN1",17,"ephedra",2.8932,335,300,95,3,1,37,60,0,40,NA,NA,NA,"Y","june.23","june.26","june.26",NA,0.2257,35.3,15.4508196721311,"PAN1 17"
"159",0.830985915492958,159,"Panoche","PAN1",18,"ephedra",2.3187,335,240,110,2,0,44,65,0,35,NA,NA,NA,NA,NA,NA,"june.25",NA,0.2257,35.3,15.4508196721311,"PAN1 18"
"161",0.515151515151515,161,"Panoche","PAN1",19,"ephedra",0.5476,230,175,125,3,4,22,25,0,75,NA,NA,NA,NA,NA,NA,"june.25",NA,0.2257,35.3,15.4508196721311,"PAN1 19"
"163",0.6,163,"Panoche","PAN1",20,"ephedra",1.2769,280,240,130,2,1,36,80,0,20,NA,NA,NA,NA,NA,NA,"june.25",NA,0.2257,35.3,15.4508196721311,"PAN1 20"
"165",-0.230769230769231,165,"Panoche","PAN1",21,"ephedra",0.0756,355,345,195,4,0,23,5,0,95,NA,NA,NA,NA,NA,NA,"june.25",NA,0.2257,35.3,15.4508196721311,"PAN1 21"
"167",0.125,167,"Panoche","PAN1",22,"ephedra",2.0379,315,245,80,3,4,33,45,0,55,NA,NA,"Y","Y","june.23","june.26","june.26",NA,0.2257,35.3,15.4508196721311,"PAN1 22"
"169",0.130434782608696,169,"Panoche","PAN1",23,"ephedra",3.5762,695,585,185,5,3,49,65,0,35,NA,NA,"Y",NA,NA,NA,"june.25",NA,0.2257,35.3,15.4508196721311,"PAN1 23"
"171",0.461538461538462,171,"Panoche","PAN1",24,"ephedra",5.537,455,325,155,4,3,40,95,0,5,NA,NA,NA,NA,NA,NA,"june.25",NA,0.2257,35.3,15.4508196721311,"PAN1 24"
"173",0.461538461538462,173,"Panoche","PAN1",25,"ephedra",4.5535,265,215,115,2,0,34,95,0,5,NA,NA,NA,NA,NA,NA,"june.25",NA,0.2257,35.3,15.4508196721311,"PAN1 25"
"175",0.4,175,"Panoche","PAN1",26,"ephedra",3.49,290,240,125,3,3,37,35,0,65,NA,NA,NA,"Y","june.23","june.26","june.26",NA,0.2257,35.3,15.4508196721311,"PAN1 26"
"177",0.0344827586206897,177,"Panoche","PAN1",27,"ephedra",3.6248,190,165,90,2,0,25,75,0,25,NA,NA,"Y",NA,NA,NA,"june.25",NA,0.2257,35.3,15.4508196721311,"PAN1 27"
"179",0.125,179,"Panoche","PAN1",30,"ephedra",6.6091,270,260,130,3,0,36,45,0,55,NA,NA,NA,"Y","june.23","june.26","june.26",NA,0.2257,35.3,15.4508196721311,"PAN1 30"
"181",0.690140845070423,181,"Panoche","PAN1",34,"ephedra",2.341,360,280,145,3,2,30,60,0,4,NA,NA,NA,"Y","june.23","june.26","june.26","mutillid, wasp etc",0.2257,35.3,15.4508196721311,"PAN1 34"
"183",0.866666666666667,183,"Panoche","PAN1",38,"ephedra",5.2312,285,265,90,4,0,30,70,0,30,NA,NA,NA,"Y","june.23","june.26","june.26",NA,0.2257,35.3,15.4508196721311,"PAN1 38"
"185",-0.411764705882353,185,"Cuyama","C1",1,"ephedra",7.4961,370,320,155,2,1,37,25,0,75,NA,NA,NA,NA,NA,NA,"june.29",NA,0.1145,30.9,22.7916666666667,"C1 1"
"187",0.6,187,"Cuyama","C1",2,"ephedra",2.5613,410,405,210,1,0,31,80,0,5,15,NA,NA,"Y","june.28","july.1","july.1",NA,0.1145,30.9,22.7916666666667,"C1 2"
"189",0.6,189,"Cuyama","C1",3,"ephedra",2.0635,620,475,190,4,1,30,20,0,80,NA,NA,"Y",NA,NA,NA,"june.29",NA,0.1145,30.9,22.7916666666667,"C1 3"
"191",0.578947368421053,191,"Cuyama","C1",4,"ephedra",5.2461,685,605,185,6,1,28,75,0,25,NA,NA,NA,NA,NA,NA,"june.29",NA,0.1145,30.9,22.7916666666667,"C1 4"
"193",0.666666666666667,193,"Cuyama","C1",5,"ephedra",0.1332,205,200,125,2,1,23,15,0,85,NA,NA,"Y",NA,NA,NA,"june.29",NA,0.1145,30.9,22.7916666666667,"C1 5"
"195",-0.307692307692308,195,"Cuyama","C1",6,"ephedra",2.7842,225,195,160,1,0,32,45,0,55,NA,NA,"Y","Y","june.28","july.1","july.1",NA,0.1145,30.9,22.7916666666667,"C1 6"
"197",-0.272727272727273,197,"Cuyama","C1",7,"ephedra",0.2611,450,360,155,3,0,42,20,0,80,NA,NA,NA,NA,NA,NA,"june.29",NA,0.1145,30.9,22.7916666666667,"C1 7"
"199",0.538461538461538,199,"Cuyama","C1",8,"ephedra",3.3871,400,335,140,3,0,38,50,0,50,NA,NA,NA,NA,NA,NA,"june.29",NA,0.1145,30.9,22.7916666666667,"C1 8"
"201",0.714285714285714,201,"Cuyama","C1",9,"ephedra",5.1924,455,395,170,1,0,33,90,0,10,NA,NA,NA,NA,NA,NA,"june.29",NA,0.1145,30.9,22.7916666666667,"C1 9"
"203",0.36,203,"Cuyama","C1",10,"ephedra",5.0761,295,245,170,2,0,49,85,0,15,NA,NA,"Y","Y","june.28","july.1","july.1",NA,0.1145,30.9,22.7916666666667,"C1 10"
"205",0.714285714285714,205,"Cuyama","C1",11,"ephedra",1.8273,575,510,210,0,3,55,60,5,35,NA,NA,NA,NA,NA,NA,"june.29",NA,0.1145,30.9,22.7916666666667,"C1 11"
"207",0.888888888888889,207,"Cuyama","C1",12,"ephedra",3.1016,315,315,160,0,0,19,85,0,15,NA,NA,NA,NA,NA,NA,"june.29",NA,0.1145,30.9,22.7916666666667,"C1 12"
"209",-0.142857142857143,209,"Cuyama","C1",13,"ephedra",4.5273,270,220,135,3,0,26,30,0,64,10,NA,NA,NA,NA,NA,"june.29",NA,0.1145,30.9,22.7916666666667,"C1 13"
"211",0.818181818181818,211,"Cuyama","C1",14,"ephedra",2.9378,425,400,195,3,0,32,50,0,20,30,NA,NA,"Y","june.28","july.1","july.1",NA,0.1145,30.9,22.7916666666667,"C1 14"
"213",0.818181818181818,213,"Cuyama","C1",15,"ephedra",2.8709,415,355,200,2,1,49,80,0,15,5,NA,NA,NA,NA,NA,"june.29",NA,0.1145,30.9,22.7916666666667,"C1 15"
"215",0.428571428571429,215,"Cuyama","C1",16,"ephedra",0,315,310,180,0,0,18,5,0,95,NA,NA,NA,NA,NA,NA,"june.29","0 rdm",0.1145,30.9,22.7916666666667,"C1 16"
"217",0.578947368421053,217,"Cuyama","C1",17,"ephedra",0.9063,470,450,215,2,3,23,30,0,50,20,NA,NA,NA,NA,NA,"june.29",NA,0.1145,30.9,22.7916666666667,"C1 17"
"219",0.166666666666667,219,"Cuyama","C1",18,"ephedra",0.2944,375,365,120,1,0,20,7,0,91,NA,NA,NA,"Y","june.28","july.1","july.1",NA,0.1145,30.9,22.7916666666667,"C1 18"
"221",0.538461538461538,221,"Cuyama","C1",19,"ephedra",2.9319,415,385,185,0,0,32,50,0,50,NA,NA,NA,NA,NA,NA,"june.29",NA,0.1145,30.9,22.7916666666667,"C1 19"
"223",0.8,223,"Cuyama","C1",20,"ephedra",1.4156,520,320,165,1,0,24,45,0,55,NA,NA,NA,NA,NA,NA,"june.29",NA,0.1145,30.9,22.7916666666667,"C1 20"
"225",-0.6,225,"Cuyama","C1",21,"ephedra",0.6647,305,260,160,2,0,17,5,0,85,15,NA,NA,"N","june.28","july.1","july.1","ephedra pitfall popped out",0.1145,30.9,22.7916666666667,"C1 21"
"227",0.866666666666667,227,"Cuyama","C1",22,"ephedra",1.8625,320,260,130,0,1,15,70,0,25,5,NA,NA,NA,NA,NA,"june.29",NA,0.1145,30.9,22.7916666666667,"C1 22"
"229",0.166666666666667,229,"Cuyama","C1",23,"ephedra",1.0859,290,245,150,3,2,52,35,0,65,NA,NA,NA,NA,NA,NA,"june.29",NA,0.1145,30.9,22.7916666666667,"C1 23"
"231",0.333333333333333,231,"Cuyama","C1",24,"ephedra",0,320,285,170,2,1,23,8,0,92,NA,NA,NA,NA,NA,NA,"june.29","0 rdm",0.1145,30.9,22.7916666666667,"C1 24"
"233",-0.0344827586206897,233,"Cuyama","C1",25,"ephedra",3.9423,320,320,185,6,0,34,70,0,30,NA,NA,NA,NA,NA,NA,"june.29",NA,0.1145,30.9,22.7916666666667,"C1 25"
"235",-0.578947368421053,235,"Cuyama","C1",26,"ephedra",1.6736,380,280,115,2,0,16,20,0,75,5,NA,NA,"Y","june.28","july.1","july.1",NA,0.1145,30.9,22.7916666666667,"C1 26"
"237",0.454545454545455,237,"Cuyama","C1",27,"ephedra",1.0719,380,315,190,3,0,30,40,0,60,NA,NA,NA,NA,NA,NA,"june.29",NA,0.1145,30.9,22.7916666666667,"C1 27"
"239",0.2,239,"Cuyama","C1",28,"ephedra",3.1129,470,405,275,1,0,34,75,0,25,NA,NA,"Y",NA,NA,NA,"june.29",NA,0.1145,30.9,22.7916666666667,"C1 28"
"241",0.836734693877551,241,"Cuyama","C1",29,"ephedra",1.2349,485,375,265,5,0,30,45,0,55,NA,NA,"Y",NA,NA,NA,"june.29",NA,0.1145,30.9,22.7916666666667,"C1 29"
"243",-1,243,"Cuyama","C1",30,"ephedra",0,425,375,190,1,0,NA,0,0,0,0,NA,NA,"Y","june.28","july.1","july.1","0 rdm",0.1145,30.9,22.7916666666667,"C1 30"
"245",0.777777777777778,245,"Cuyama","C2",1,"ephedra",3.2859,355,290,160,0,0,28,40,0,60,NA,NA,NA,NA,NA,NA,"june.29",NA,0.0851,30.9,22.4896265560166,"C2 1"
"247",0.647058823529412,247,"Cuyama","C2",2,"ephedra",3.7826,295,250,150,0,0,29,70,0,10,20,NA,NA,"Y","june.28","july.1","july.1",NA,0.0851,30.9,22.4896265560166,"C2 2"
"249",0.80952380952381,249,"Cuyama","C2",3,"ephedra",5.3977,460,450,130,2,0,44,95,0,5,NA,NA,NA,NA,NA,NA,"june.29",NA,0.0851,30.9,22.4896265560166,"C2 3"
"251",0.818181818181818,251,"Cuyama","C2",4,"ephedra",13.5774,305,180,130,1,1,53,100,0,0,NA,NA,NA,NA,NA,NA,"june.29",NA,0.0851,30.9,22.4896265560166,"C2 4"
"253",0.764705882352941,253,"Cuyama","C2",5,"ephedra",4.949,230,135,115,0,0,30,60,0,40,NA,NA,NA,NA,NA,NA,"june.29",NA,0.0851,30.9,22.4896265560166,"C2 5"
"255",0.625,255,"Cuyama","C2",6,"ephedra",3.8107,420,375,185,1,0,33,65,0,0,35,NA,NA,"Y","june.28","july.1","july.1",NA,0.0851,30.9,22.4896265560166,"C2 6"
"257",0.714285714285714,257,"Cuyama","C2",7,"ephedra",8.1944,460,405,120,2,0,39,90,0,10,NA,NA,NA,NA,NA,NA,"june.29",NA,0.0851,30.9,22.4896265560166,"C2 7"
"259",0.827956989247312,259,"Cuyama","C2",8,"ephedra",5.5412,375,305,115,1,0,45,85,0,15,NA,NA,NA,NA,NA,NA,"june.29",NA,0.0851,30.9,22.4896265560166,"C2 8"
"261",0.454545454545455,261,"Cuyama","C2",9,"ephedra",3.4197,290,210,120,2,1,33,40,0,60,NA,NA,"Y",NA,NA,NA,"june.29",NA,0.0851,30.9,22.4896265560166,"C2 9"
"263",0.818181818181818,263,"Cuyama","C2",10,"ephedra",1.9667,435,425,155,2,2,32,50,0,35,15,NA,NA,"Y","june.28","july.1","july.1",NA,0.0851,30.9,22.4896265560166,"C2 10"
"265",0.724137931034483,265,"Cuyama","C2",11,"ephedra",2.6026,440,325,170,0,2,29,25,0,75,NA,NA,NA,NA,NA,NA,"june.29",NA,0.0851,30.9,22.4896265560166,"C2 11"
"267",0.888888888888889,267,"Cuyama","C2",12,"ephedra",8.0742,455,395,160,2,1,40,85,0,15,NA,NA,NA,NA,NA,NA,"june.29",NA,0.0851,30.9,22.4896265560166,"C2 12"
"269",0.230769230769231,269,"Cuyama","C2",13,"ephedra",0.2918,290,290,115,1,1,23,8,0,52,40,NA,NA,NA,NA,NA,"june.29",NA,0.0851,30.9,22.4896265560166,"C2 13"
"271",0.28,271,"Cuyama","C2",14,"ephedra",4.2574,265,210,180,4,0,46,80,0,20,NA,NA,NA,"Y","june.28","july.1","july.1",NA,0.0851,30.9,22.4896265560166,"C2 14"
"273",0.724137931034483,273,"Cuyama","C2",15,"ephedra",5.0363,435,420,155,0,0,44,50,0,20,30,NA,NA,NA,NA,NA,"june.29",NA,0.0851,30.9,22.4896265560166,"C2 15"
"275",0.919191919191919,275,"Cuyama","C2",16,"ephedra",8.0553,330,300,155,1,3,45,95,0,5,NA,NA,NA,NA,NA,NA,"june.29",NA,0.0851,30.9,22.4896265560166,"C2 16"
"277",0.428571428571429,277,"Cuyama","C2",17,"ephedra",0.673,410,355,195,0,1,18,20,0,80,NA,NA,NA,NA,NA,NA,"june.29",NA,0.0851,30.9,22.4896265560166,"C2 17"
"279",-0.0909090909090909,279,"Cuyama","C2",18,"ephedra",0.1271,530,510,120,0,2,11,5,0,95,NA,NA,NA,"Y","june.28","july.1","july.1",NA,0.0851,30.9,22.4896265560166,"C2 18"
"281",0,281,"Cuyama","C2",19,"ephedra",0,260,240,140,0,0,10,4,0,96,NA,NA,NA,NA,NA,NA,"june.29",NA,0.0851,30.9,22.4896265560166,"C2 19"
"283",0.666666666666667,283,"Cuyama","C2",20,"ephedra",6.9348,425,380,190,0,0,15,50,0,30,20,NA,NA,NA,NA,NA,"june.29",NA,0.0851,30.9,22.4896265560166,"C2 20"
"285",0.428571428571429,285,"Cuyama","C2",21,"ephedra",0.9334,255,210,145,1,1,30,20,0,80,NA,NA,NA,NA,NA,NA,"june.29",NA,0.0851,30.9,22.4896265560166,"C2 21"
"287",0.764705882352941,287,"Cuyama","C2",22,"ephedra",2.6233,325,265,165,0,0,22,60,0,40,NA,NA,NA,"Y","june.28","july.1","july.1",NA,0.0851,30.9,22.4896265560166,"C2 22"
"289",-0.25,289,"Cuyama","C2",23,"ephedra",1.6146,295,245,120,0,0,16,30,0,70,NA,NA,NA,NA,NA,NA,"june.29",NA,0.0851,30.9,22.4896265560166,"C2 23"
"291",0.2,291,"Cuyama","C2",24,"ephedra",1.9497,605,510,155,0,1,17,60,0,40,NA,NA,"Y",NA,NA,NA,"june.29",NA,0.0851,30.9,22.4896265560166,"C2 24"
"293",0.891891891891892,293,"Cuyama","C2",25,"ephedra",1.3644,280,240,175,0,0,30,35,0,10,55,NA,NA,NA,NA,NA,"june.29","woody cover is yucca",0.0851,30.9,22.4896265560166,"C2 25"
"295",0.875,295,"Cuyama","C2",26,"ephedra",0.7654,350,340,165,0,0,26,60,0,10,30,NA,NA,"Y","june.28","july.1","july.1",NA,0.0851,30.9,22.4896265560166,"C2 26"
"297",0.833333333333333,297,"Cuyama","C2",27,"ephedra",3.7827,355,265,130,1,1,26,55,0,40,5,NA,NA,NA,NA,NA,"june.29",NA,0.0851,30.9,22.4896265560166,"C2 27"
"299",0.818181818181818,299,"Cuyama","C2",28,"ephedra",4.2096,480,415,160,0,0,30,30,0,70,NA,NA,NA,NA,NA,NA,"june.29",NA,0.0851,30.9,22.4896265560166,"C2 28"
"301",0.927710843373494,301,"Cuyama","C2",29,"ephedra",1.6225,430,420,195,3,0,37,80,0,20,NA,NA,"Y","Y","june.28","july.1","july.1",NA,0.0851,30.9,22.4896265560166,"C2 29"
"303",0.944444444444444,303,"Cuyama","C2",30,"ephedra",0.951,580,460,255,1,0,23,35,0,65,NA,NA,NA,NA,NA,NA,"june.29",NA,0.0851,30.9,22.4896265560166,"C2 30"
"305",0.666666666666667,305,"Cuyama","C3",1,"ephedra",1.0388,290,285,210,0,0,45,25,0,75,NA,NA,NA,NA,NA,NA,"june.30",NA,0.087,31.5,21.198347107438,"C3 1"
"307",0.2,307,"Cuyama","C3",2,"ephedra",1.143,310,290,165,2,0,31,45,0,55,NA,NA,NA,"Y","june.28","july.1","july.1",NA,0.087,31.5,21.198347107438,"C3 2"
"309",0.111111111111111,309,"Cuyama","C3",3,"ephedra",0.7657,390,360,140,0,2,22,25,0,75,NA,NA,NA,NA,NA,NA,"june.30",NA,0.087,31.5,21.198347107438,"C3 3"
"311",-0.181818181818182,311,"Cuyama","C3",4,"ephedra",1.748,180,160,160,0,0,27,45,0,55,NA,NA,"Y",NA,NA,NA,"june.30",NA,0.087,31.5,21.198347107438,"C3 4"
"313",0.272727272727273,313,"Cuyama","C3",5,"ephedra",0.912,485,460,205,1,1,31,35,0,65,NA,NA,NA,NA,NA,NA,"june.30",NA,0.087,31.5,21.198347107438,"C3 5"
"315",0.666666666666667,315,"Cuyama","C3",6,"ephedra",0.2893,235,220,105,1,0,28,25,0,75,NA,NA,NA,"N","june.28","july.1","july.1",NA,0.087,31.5,21.198347107438,"C3 6"
"317",0.407407407407407,317,"Cuyama","C3",7,"ephedra",1.9657,450,415,240,0,2,59,95,0,5,NA,NA,NA,NA,NA,NA,"june.30",NA,0.087,31.5,21.198347107438,"C3 7"
"319",0.25,319,"Cuyama","C3",8,"ephedra",1.1774,495,475,195,0,0,23,25,0,75,NA,NA,NA,NA,NA,NA,"june.30",NA,0.087,31.5,21.198347107438,"C3 8"
"321",-0.538461538461538,321,"Cuyama","C3",9,"ephedra",2.7813,305,130,115,0,0,34,30,0,70,NA,NA,"Y","Y","june.28","july.1","july.1",NA,0.087,31.5,21.198347107438,"C3 9"
"323",0.225806451612903,323,"Cuyama","C3",10,"ephedra",3.6168,250,240,145,1,1,37,95,0,50,NA,NA,NA,NA,NA,NA,"june.30",NA,0.087,31.5,21.198347107438,"C3 10"
"325",-0.0769230769230769,325,"Cuyama","C3",11,"ephedra",1.3977,265,260,170,0,0,38,30,0,70,NA,NA,NA,NA,NA,NA,"june.30",NA,0.087,31.5,21.198347107438,"C3 11"
"327",0.851851851851852,327,"Cuyama","C3",12,"ephedra",4.7047,235,235,130,1,1,30,50,0,80,NA,NA,"Y",NA,NA,NA,"june.30",NA,0.087,31.5,21.198347107438,"C3 12"
"329",0.111111111111111,329,"Cuyama","C3",13,"ephedra",0.3357,340,295,195,2,1,22,25,0,75,NA,NA,"Y",NA,NA,NA,"june.30",NA,0.087,31.5,21.198347107438,"C3 13"
"331",0.5,331,"Cuyama","C3",14,"ephedra",4.5376,315,305,155,1,0,36,75,0,25,NA,NA,NA,"Y","june.28","july.1","july.1",NA,0.087,31.5,21.198347107438,"C3 14"
"333",-0.2,333,"Cuyama","C3",15,"ephedra",0.2191,280,250,145,1,0,26,20,0,80,NA,NA,NA,NA,NA,NA,"june.30",NA,0.087,31.5,21.198347107438,"C3 15"
"335",0.692307692307692,335,"Cuyama","C3",16,"ephedra",2.8092,295,340,295,0,0,36,55,0,45,NA,NA,NA,NA,NA,NA,"june.30",NA,0.087,31.5,21.198347107438,"C3 16"
"337",0.6,337,"Cuyama","C3",17,"ephedra",1.1654,390,350,165,2,0,41,40,0,50,10,NA,"Y",NA,NA,NA,"june.30",NA,0.087,31.5,21.198347107438,"C3 17"
"339",0.886792452830189,339,"Cuyama","C3",18,"ephedra",4.2681,455,425,235,0,0,24,50,0,50,NA,NA,NA,"Y","june.28","july.1","july.1",NA,0.087,31.5,21.198347107438,"C3 18"
"341",-0.625,341,"Cuyama","C3",19,"ephedra",0.5014,260,255,160,0,2,13,15,0,85,NA,NA,NA,NA,NA,NA,"june.30",NA,0.087,31.5,21.198347107438,"C3 19"
"343",-0.519230769230769,343,"Cuyama","C3",20,"ephedra",0.4918,400,355,180,0,1,19,25,0,75,NA,NA,NA,NA,NA,NA,"june.30",NA,0.087,31.5,21.198347107438,"C3 20"
"345",-0.666666666666667,345,"Cuyama","C3",21,"ephedra",2.862,490,450,235,3,3,40,15,0,65,20,NA,NA,NA,NA,NA,"june.30",NA,0.087,31.5,21.198347107438,"C3 21"
"347",-0.52755905511811,347,"Cuyama","C3",22,"ephedra",5.6561,220,210,145,0,0,39,30,0,70,NA,NA,"Y","Y","june.28","july.1","july.1",NA,0.087,31.5,21.198347107438,"C3 22"
"349",0.929824561403509,349,"Cuyama","C3",23,"ephedra",2.5221,310,290,225,0,1,34,55,0,45,NA,NA,NA,NA,NA,NA,"june.30",NA,0.087,31.5,21.198347107438,"C3 23"
"351",0,351,"Cuyama","C3",24,"ephedra",0.7988,630,440,245,2,0,22,8,0,92,NA,NA,NA,NA,NA,NA,"june.30",NA,0.087,31.5,21.198347107438,"C3 24"
"353",0.578947368421053,353,"Cuyama","C3",25,"ephedra",0.7348,455,415,175,2,1,35,15,0,70,15,NA,NA,NA,NA,NA,"june.30",NA,0.087,31.5,21.198347107438,"C3 25"
"355",1,355,"Cuyama","C3",26,"ephedra",0.0992,360,320,200,1,0,26,20,0,80,NA,NA,NA,"Y","june.28","july.1","july.1",NA,0.087,31.5,21.198347107438,"C3 26"
"357",-0.428571428571429,357,"Cuyama","C3",27,"ephedra",0.2813,470,410,245,0,2,9,10,0,90,NA,NA,NA,NA,NA,NA,"june.30",NA,0.087,31.5,21.198347107438,"C3 27"
"359",0.891891891891892,361,"Cuyama","C3",29,"ephedra",3.197,375,360,185,1,0,33,35,0,65,NA,NA,NA,"Y","june.28","july.1","july.1",NA,0.087,31.5,21.198347107438,"C3 29"
"361",0.5,363,"Cuyama","C3",30,"ephedra",3.5355,370,360,185,3,0,26,75,0,25,NA,NA,"Y",NA,NA,NA,"june.30",NA,0.087,31.5,21.198347107438,"C3 30"
"363",0.6,365,"Mojave","M1",1,"ephedra",2.4279,160,75,90,0,1,46,20,0,80,NA,NA,NA,NA,NA,NA,"july.6",NA,0.067,40.5,3.52750809061489,"M1 1"
"365",1,368,"Mojave","M1",2,"ephedra",0.8236,140,140,75,0,1,34,15,0,85,NA,NA,NA,"Y","july.4","july.7","july.7",NA,0.067,40.5,3.52750809061489,"M1 2"
"367",-0.333333333333333,371,"Mojave","M1",3,"ephedra",0,130,75,90,0,0,8,4,0,96,NA,NA,NA,NA,NA,NA,"july.6",NA,0.067,40.5,3.52750809061489,"M1 3"
"369",0.111111111111111,374,"Mojave","M1",4,"ephedra",1.6438,110,65,80,1,0,22,25,0,75,NA,NA,NA,NA,NA,NA,"july.6",NA,0.067,40.5,3.52750809061489,"M1 4"
"371",1,377,"Mojave","M1",5,"ephedra",2.8529,215,135,110,0,1,55,20,0,60,20,NA,NA,NA,NA,NA,"july.6",NA,0.067,40.5,3.52750809061489,"M1 5"
"373",0,380,"Mojave","M1",6,"ephedra",0.8026,235,205,100,0,2,23,5,0,95,NA,NA,NA,"Y","july.4","july.7","july.7",NA,0.067,40.5,3.52750809061489,"M1 6"
"375",0,383,"Mojave","M1",7,"ephedra",0,100,85,75,3,0,29,15,0,85,NA,NA,NA,NA,NA,NA,"july.6",NA,0.067,40.5,3.52750809061489,"M1 7"
"377",0.230769230769231,386,"Mojave","M1",8,"ephedra",1.6012,95,85,70,2,0,15,40,0,60,NA,NA,"Y",NA,NA,NA,"july.6",NA,0.067,40.5,3.52750809061489,"M1 8"
"379",1,389,"Mojave","M1",9,"ephedra",4.5079,210,180,85,2,0,29,15,0,85,NA,NA,NA,NA,NA,NA,"july.6",NA,0.067,40.5,3.52750809061489,"M1 9"
"381",0.578947368421053,392,"Mojave","M1",10,"ephedra",1.5888,185,175,120,1,0,15,15,0,85,NA,NA,NA,"Y","july.4","july.7","july.7",NA,0.067,40.5,3.52750809061489,"M1 10"
"383",-0.272727272727273,395,"Mojave","M1",11,"ephedra",0.9155,100,70,80,1,0,16,20,0,80,NA,NA,NA,NA,NA,NA,"july.6",NA,0.067,40.5,3.52750809061489,"M1 11"
"385",1,398,"Mojave","M1",12,"ephedra",0.2082,185,130,80,0,0,29,10,0,64,30,NA,NA,NA,NA,NA,"july.6",NA,0.067,40.5,3.52750809061489,"M1 12"
"387",1,401,"Mojave","M1",13,"ephedra",4.6911,125,105,100,2,0,25,30,0,70,NA,NA,NA,NA,NA,NA,"july.6",NA,0.067,40.5,3.52750809061489,"M1 13"
"389",0.666666666666667,404,"Mojave","M1",14,"ephedra",2.4993,275,210,150,0,5,40,25,0,75,NA,NA,NA,"Y","july.4","july.7","july.7",NA,0.067,40.5,3.52750809061489,"M1 14"
"391",0.785714285714286,407,"Mojave","M1",15,"ephedra",1.4538,240,125,120,3,1,35,25,0,50,5,20,NA,NA,NA,NA,"july.6",NA,0.067,40.5,3.52750809061489,"M1 15"
"393",0.304347826086957,410,"Mojave","M1",16,"ephedra",1.7304,140,120,110,1,0,17,15,0,85,NA,NA,NA,NA,NA,NA,"july.6",NA,0.067,40.5,3.52750809061489,"M1 16"
"395",-0.2,413,"Mojave","M1",17,"ephedra",1.6714,180,125,120,0,0,20,10,0,90,NA,NA,NA,NA,NA,NA,"july.6",NA,0.067,40.5,3.52750809061489,"M1 17"
"397",-0.428571428571429,416,"Mojave","M1",18,"ephedra",2.9426,160,130,70,2,1,26,8,0,92,NA,NA,NA,"Y","july.4","july.7","july.7",NA,0.067,40.5,3.52750809061489,"M1 18"
"399",0.515151515151515,419,"Mojave","M1",19,"ephedra",4.3501,215,210,115,3,0,29,25,0,75,NA,NA,NA,NA,NA,NA,"july.6",NA,0.067,40.5,3.52750809061489,"M1 19"
"401",0.428571428571429,422,"Mojave","M1",20,"ephedra",0.6141,160,105,110,0,1,27,15,0,85,NA,NA,NA,NA,NA,NA,"july.6",NA,0.067,40.5,3.52750809061489,"M1 20"
"403",0.666666666666667,425,"Mojave","M1",21,"ephedra",1.2349,225,155,110,2,1,39,20,0,65,15,NA,NA,NA,NA,NA,"july.6",NA,0.067,40.5,3.52750809061489,"M1 21"
"405",0.538461538461538,428,"Mojave","M1",22,"ephedra",0.7263,240,225,140,6,1,25,10,0,70,20,NA,NA,"Y","july.4","july.7","july.7",NA,0.067,40.5,3.52750809061489,"M1 22"
"407",1,431,"Mojave","M1",23,"ephedra",0.071,120,115,90,0,0,19,5,0,95,NA,NA,NA,NA,NA,NA,"july.6",NA,0.067,40.5,3.52750809061489,"M1 23"
"409",0.6,434,"Mojave","M1",24,"ephedra",2.1408,155,140,85,2,0,28,20,0,80,NA,NA,NA,NA,NA,NA,"july.6",NA,0.067,40.5,3.52750809061489,"M1 24"
"411",-0.666666666666667,437,"Mojave","M1",25,"ephedra",1.1267,225,180,100,6,0,18,2,0,98,NA,NA,NA,NA,NA,NA,"july.6",NA,0.067,40.5,3.52750809061489,"M1 25"
"413",-0.25,440,"Mojave","M1",26,"ephedra",0,150,145,95,1,1,6,3,0,97,NA,NA,NA,"Y","july.4","july.7","july.7",NA,0.067,40.5,3.52750809061489,"M1 26"
"415",0.666666666666667,443,"Mojave","M1",27,"ephedra",2.1819,220,180,105,6,0,32,15,0,85,NA,NA,NA,NA,NA,NA,"july.6","a lot of branches but they don't touch ground",0.067,40.5,3.52750809061489,"M1 27"
"417",0.25,446,"Mojave","M1",28,"ephedra",1.3746,190,170,115,1,1,28,5,0,95,NA,NA,NA,NA,NA,NA,"july.6",NA,0.067,40.5,3.52750809061489,"M1 28"
"419",1,449,"Mojave","M1",29,"ephedra",4.7343,220,145,95,0,0,37,35,0,65,NA,NA,NA,NA,NA,NA,"july.6",NA,0.067,40.5,3.52750809061489,"M1 29"
"421",0,452,"Mojave","M1",30,"ephedra",0,260,145,100,0,0,36,30,0,70,NA,NA,NA,"Y","july.4","july.7","july.7",NA,0.067,40.5,3.52750809061489,"M1 30"
"423",0.25,455,"Mojave","M2",1,"ephedra",0.185,115,55,65,0,0,6,5,0,95,NA,NA,NA,NA,NA,NA,"july.7",NA,0.0346,39.2,4.54545454545455,"M2 1"
"425",0.111111111111111,458,"Mojave","M2",2,"ephedra",0.9947,255,210,115,0,0,24,10,0,90,NA,NA,NA,"Y","july.4","july.7","july.7",NA,0.0346,39.2,4.54545454545455,"M2 2"
"427",1,461,"Mojave","M2",3,"ephedra",2.3849,265,255,140,2,0,20,20,0,80,NA,NA,NA,NA,NA,NA,"july.7",NA,0.0346,39.2,4.54545454545455,"M2 3"
"429",0.785714285714286,464,"Mojave","M2",4,"ephedra",1.5931,180,180,100,0,0,26,25,0,75,NA,NA,NA,NA,NA,NA,"july.7",NA,0.0346,39.2,4.54545454545455,"M2 4"
"431",0.666666666666667,467,"Mojave","M2",5,"ephedra",1.7682,120,105,70,0,0,29,15,0,85,NA,NA,NA,NA,NA,NA,"july.7",NA,0.0346,39.2,4.54545454545455,"M2 5"
"433",0.6,470,"Mojave","M2",6,"ephedra",1.3521,200,200,110,0,0,23,20,0,80,NA,NA,NA,"Y","july.4","july.7","july.7",NA,0.0346,39.2,4.54545454545455,"M2 6"
"435",0.794871794871795,473,"Mojave","M2",7,"ephedra",4.0722,235,200,135,0,0,40,35,0,65,NA,NA,NA,NA,NA,NA,"july.7",NA,0.0346,39.2,4.54545454545455,"M2 7"
"437",1,476,"Mojave","M2",8,"ephedra",1.118,305,205,130,1,0,26,20,0,80,NA,NA,NA,NA,NA,NA,"july.7",NA,0.0346,39.2,4.54545454545455,"M2 8"
"439",1,479,"Mojave","M2",9,"ephedra",5.4802,155,115,100,1,0,29,35,0,65,NA,NA,NA,NA,NA,NA,"july.7",NA,0.0346,39.2,4.54545454545455,"M2 9"
"441",1,482,"Mojave","M2",10,"ephedra",0.9115,315,180,130,0,0,27,20,0,80,NA,NA,NA,"Y","july.4","july.7","july.7",NA,0.0346,39.2,4.54545454545455,"M2 10"
"443",0.538461538461538,485,"Mojave","M2",11,"ephedra",1.7677,225,215,110,0,0,19,20,0,80,NA,NA,NA,NA,NA,NA,"july.7",NA,0.0346,39.2,4.54545454545455,"M2 11"
"445",0.538461538461538,488,"Mojave","M2",12,"ephedra",0.8416,155,135,95,0,0,16,10,0,90,NA,NA,NA,NA,NA,NA,"july.7",NA,0.0346,39.2,4.54545454545455,"M2 12"
"447",0.304347826086957,491,"Mojave","M2",13,"ephedra",0.6451,205,150,125,0,1,22,15,0,85,NA,NA,NA,NA,NA,NA,"july.7",NA,0.0346,39.2,4.54545454545455,"M2 13"
"449",0.724137931034483,494,"Mojave","M2",14,"ephedra",0.3475,220,190,110,0,0,29,25,0,75,NA,NA,NA,"Y","july.4","july.7","july.7",NA,0.0346,39.2,4.54545454545455,"M2 14"
"451",1,497,"Mojave","M2",15,"ephedra",2.0914,225,225,105,0,1,29,25,0,75,NA,NA,NA,NA,NA,NA,"july.7",NA,0.0346,39.2,4.54545454545455,"M2 15"
"453",0.785714285714286,500,"Mojave","M2",16,"ephedra",3.1928,190,160,95,0,0,28,25,0,75,NA,NA,NA,NA,NA,NA,"july.7",NA,0.0346,39.2,4.54545454545455,"M2 16"
"455",0.612903225806452,503,"Mojave","M2",17,"ephedra",3.4664,165,145,115,0,0,28,25,0,75,NA,NA,NA,NA,NA,NA,"july.7",NA,0.0346,39.2,4.54545454545455,"M2 17"
"457",0.842105263157895,506,"Mojave","M2",18,"ephedra",0.8202,185,175,85,0,0,28,35,0,65,NA,NA,NA,"Y","july.5","july.8","july.8",NA,0.0346,39.2,4.54545454545455,"M2 18"
"459",0.6,509,"Mojave","M2",19,"ephedra",3.0165,245,190,115,2,0,3,20,0,80,NA,NA,NA,NA,NA,NA,"july.7",NA,0.0346,39.2,4.54545454545455,"M2 19"
"461",0.578947368421053,512,"Mojave","M2",20,"ephedra",2.6693,180,170,95,0,0,28,30,0,70,NA,NA,NA,NA,NA,NA,"july.7",NA,0.0346,39.2,4.54545454545455,"M2 20"
"463",-0.2,515,"Mojave","M2",21,"ephedra",0.4835,140,115,110,0,0,21,2,0,53,45,NA,NA,NA,NA,NA,"july.7",NA,0.0346,39.2,4.54545454545455,"M2 21"
"465",0.142857142857143,518,"Mojave","M2",22,"ephedra",1.9529,170,120,75,0,0,24,20,0,80,NA,NA,NA,"N","july.5","july.8","july.8","pitfall out",0.0346,39.2,4.54545454545455,"M2 22"
"467",0.2,521,"Mojave","M2",23,"ephedra",0.2881,110,110,85,0,2,16,15,0,85,NA,NA,NA,NA,NA,NA,"july.7",NA,0.0346,39.2,4.54545454545455,"M2 23"
"469",0.515151515151515,524,"Mojave","M2",24,"ephedra",1.3882,130,80,100,0,0,25,25,0,75,NA,NA,NA,NA,NA,NA,"july.7",NA,0.0346,39.2,4.54545454545455,"M2 24"
"471",0.764705882352941,527,"Mojave","M2",25,"ephedra",1.9464,220,145,115,1,0,26,30,0,70,NA,NA,NA,NA,NA,NA,"july.7",NA,0.0346,39.2,4.54545454545455,"M2 25"
"473",0.612903225806452,530,"Mojave","M2",26,"ephedra",1.7379,130,130,110,0,0,13,25,0,75,NA,NA,NA,"Y","july.5","july.8","july.8",NA,0.0346,39.2,4.54545454545455,"M2 26"
"475",0.25,533,"Mojave","M2",27,"ephedra",1.4249,190,185,95,0,0,14,25,0,75,NA,NA,NA,NA,NA,NA,"july.7",NA,0.0346,39.2,4.54545454545455,"M2 27"
"477",1,536,"Mojave","M2",28,"ephedra",1.2152,260,220,155,0,0,28,8,0,92,NA,NA,NA,NA,NA,NA,"july.7",NA,0.0346,39.2,4.54545454545455,"M2 28"
"479",0.0909090909090909,539,"Mojave","M2",29,"ephedra",0.9648,110,95,70,0,0,15,6,0,94,NA,NA,NA,NA,NA,NA,"july.7",NA,0.0346,39.2,4.54545454545455,"M2 29"
"481",0.111111111111111,542,"Mojave","M2",30,"ephedra",1.2223,210,170,130,0,0,20,10,0,65,25,NA,NA,"Y","july.5","july.8","july.8",NA,0.0346,39.2,4.54545454545455,"M2 30"
"483",0.111111111111111,545,"Mojave","M3",1,"ephedra",0.7797,245,145,120,0,2,20,5,0,95,NA,NA,NA,NA,NA,NA,"july.8",NA,0.0229,40.1,2.6962457337884,"M3 1"
"485",-0.142857142857143,548,"Mojave","M3",2,"ephedra",0.0436,215,180,110,1,0,8,3,0,97,NA,NA,NA,"Y","july.5","july.8","july.8",NA,0.0229,40.1,2.6962457337884,"M3 2"
"487",1,551,"Mojave","M3",3,"ephedra",1.2947,175,120,80,1,1,29,5,0,95,NA,NA,NA,NA,NA,NA,"july.8",NA,0.0229,40.1,2.6962457337884,"M3 3"
"489",0.111111111111111,554,"Mojave","M3",4,"ephedra",0.1101,195,145,105,0,0,13,5,0,95,NA,NA,NA,NA,NA,NA,"july.8",NA,0.0229,40.1,2.6962457337884,"M3 4"
"491",1,557,"Mojave","M3",5,"ephedra",0.1489,140,115,80,0,0,11,4,0,96,NA,NA,NA,NA,NA,NA,"july.8",NA,0.0229,40.1,2.6962457337884,"M3 5"
"493",0.230769230769231,560,"Mojave","M3",6,"ephedra",0.2875,140,95,65,0,0,6,8,0,47,45,NA,NA,"Y","july.5","july.8","july.8",NA,0.0229,40.1,2.6962457337884,"M3 6"
"495",0.818181818181818,563,"Mojave","M3",7,"ephedra",0.7204,115,65,60,0,0,6,10,0,90,NA,NA,NA,NA,NA,NA,"july.8",NA,0.0229,40.1,2.6962457337884,"M3 7"
"497",0.428571428571429,566,"Mojave","M3",8,"ephedra",2.5926,75,40,55,0,0,17,10,0,90,NA,NA,NA,NA,NA,NA,"july.8",NA,0.0229,40.1,2.6962457337884,"M3 8"
"499",0.666666666666667,569,"Mojave","M3",9,"ephedra",0.352,75,60,55,0,0,22,10,0,90,NA,NA,NA,NA,NA,NA,"july.8",NA,0.0229,40.1,2.6962457337884,"M3 9"
"501",0.818181818181818,572,"Mojave","M3",10,"ephedra",2.0942,135,55,55,0,0,16,30,0,70,NA,NA,NA,"Y","july.5","july.8","july.8",NA,0.0229,40.1,2.6962457337884,"M3 10"
"503",0.739130434782609,575,"Mojave","M3",11,"ephedra",0.9534,145,140,80,0,0,28,20,0,80,NA,NA,NA,NA,NA,NA,"july.8",NA,0.0229,40.1,2.6962457337884,"M3 11"
"505",0.666666666666667,578,"Mojave","M3",12,"ephedra",0.6614,110,85,55,0,1,5,15,0,85,NA,NA,NA,NA,NA,NA,"july.8",NA,0.0229,40.1,2.6962457337884,"M3 12"
"507",0.25,581,"Mojave","M3",13,"ephedra",0.2934,85,55,60,0,0,28,5,0,95,NA,NA,NA,NA,NA,NA,"july.8",NA,0.0229,40.1,2.6962457337884,"M3 13"
"509",1,584,"Mojave","M3",14,"ephedra",0.2098,135,115,85,0,0,4,61,0,14,25,NA,NA,"Y","july.5","july.8","july.8",NA,0.0229,40.1,2.6962457337884,"M3 14"
"511",0.666666666666667,587,"Mojave","M3",15,"ephedra",2.6082,75,60,55,0,0,19,15,0,85,NA,NA,NA,NA,NA,NA,"july.8",NA,0.0229,40.1,2.6962457337884,"M3 15"
"513",0.818181818181818,590,"Mojave","M3",16,"ephedra",1.1774,115,95,65,0,0,20,20,0,80,NA,NA,NA,NA,NA,NA,"july.8",NA,0.0229,40.1,2.6962457337884,"M3 16"
"515",0.666666666666667,593,"Mojave","M3",17,"ephedra",2.301,100,85,75,0,0,24,15,0,85,NA,NA,NA,NA,NA,NA,"july.8",NA,0.0229,40.1,2.6962457337884,"M3 17"
"517",0.764705882352941,596,"Mojave","M3",18,"ephedra",0.3958,95,60,55,0,0,14,15,0,85,NA,NA,NA,"Y","july.5","july.8","july.8",NA,0.0229,40.1,2.6962457337884,"M3 18"
"519",0.764705882352941,599,"Mojave","M3",19,"ephedra",0.8759,85,60,55,0,0,25,15,0,85,NA,NA,NA,NA,NA,NA,"july.8",NA,0.0229,40.1,2.6962457337884,"M3 19"
"521",1,602,"Mojave","M3",20,"ephedra",2.1173,115,105,50,2,3,20,15,0,85,NA,NA,NA,NA,NA,NA,"july.8",NA,0.0229,40.1,2.6962457337884,"M3 20"
"523",0.666666666666667,605,"Mojave","M3",21,"ephedra",0.5774,125,85,70,0,0,21,15,0,85,NA,NA,NA,NA,NA,NA,"july.8",NA,0.0229,40.1,2.6962457337884,"M3 21"
"525",1,608,"Mojave","M3",22,"ephedra",0.3622,105,85,70,0,0,4,8,0,92,NA,NA,NA,"Y","july.5","july.8","july.8",NA,0.0229,40.1,2.6962457337884,"M3 22"
"527",0.818181818181818,611,"Mojave","M3",23,"ephedra",0.1757,155,115,80,2,0,12,10,0,90,NA,NA,NA,NA,NA,NA,"july.8",NA,0.0229,40.1,2.6962457337884,"M3 23"
"529",1,614,"Mojave","M3",24,"ephedra",1.2513,100,60,60,0,0,16,4,0,96,NA,NA,NA,NA,NA,NA,"july.8",NA,0.0229,40.1,2.6962457337884,"M3 24"
"531",0.538461538461538,617,"Mojave","M3",25,"ephedra",0.5845,75,55,65,0,0,6,10,0,90,NA,NA,NA,NA,NA,NA,"july.8",NA,0.0229,40.1,2.6962457337884,"M3 25"
"533",0.428571428571429,620,"Mojave","M3",26,"ephedra",0.7399,85,55,65,0,0,12,10,0,90,NA,NA,NA,"Y","july.5","july.8","july.8",NA,0.0229,40.1,2.6962457337884,"M3 26"
"535",0.666666666666667,623,"Mojave","M3",27,"ephedra",0.8534,75,55,45,2,1,16,15,0,85,NA,NA,NA,NA,NA,NA,"july.8",NA,0.0229,40.1,2.6962457337884,"M3 27"
"537",0.666666666666667,626,"Mojave","M3",28,"ephedra",1.7276,135,125,70,0,0,22,10,0,55,35,NA,NA,NA,NA,NA,"july.8",NA,0.0229,40.1,2.6962457337884,"M3 28"
"539",0.739130434782609,629,"Mojave","M3",29,"ephedra",0.5032,105,85,65,0,0,23,20,0,80,NA,NA,NA,NA,NA,NA,"july.8",NA,0.0229,40.1,2.6962457337884,"M3 29"
"541",0.5,632,"Mojave","M3",30,"ephedra",0,180,135,85,1,0,22,15,0,85,NA,NA,NA,"Y","july.5","july.8","july.8",NA,0.0229,40.1,2.6962457337884,"M3 30"
