"","rii","X","Region","site","ID","Microsite","RDM","x","y","z","bur.drip","bur.buf","max.veg.height","rdm.cov","green.cov","non.veg.cov","largewood.cov","lrgrocks.cov","AT","PF","PF.out","PF.in","RDM.date","comments","ESI","Max","arid","label","uniID"
"1",0.593643278174562,1,"Panoche","PAN3",1,"ephedra",9.9629,355,275,160,3,4,59,80,0,20,0,NA,NA,NA,NA,NA,"june.24.morning",NA,0.2219,35.3,15.4508196721311,"Semi-arid 6","PAN3 1"
"3",0.15677056821471,3,"Panoche","PAN3",2,"ephedra",5.7949,430,420,160,5,1,42,90,0,10,0,NA,NA,NA,NA,NA,"june.24.morning",NA,0.2219,35.3,15.4508196721311,"Semi-arid 6","PAN3 2"
"5",-0.0118534639100471,5,"Panoche","PAN3",3,"ephedra",3.4054,520,455,170,5,1,37,90,0,10,0,NA,NA,NA,NA,NA,"june.24.morning",NA,0.2219,35.3,15.4508196721311,"Semi-arid 6","PAN3 3"
"7",-0.344423343802498,7,"Panoche","PAN3",4,"ephedra",1.7951,370,325,120,3,2,21,60,0,40,0,NA,NA,NA,NA,NA,"june.24.morning",NA,0.2219,35.3,15.4508196721311,"Semi-arid 6","PAN3 4"
"9",0.111035742238456,9,"Panoche","PAN3",5,"ephedra",4.2586,455,375,140,1,2,43,90,0,10,0,NA,NA,NA,NA,NA,"june.24.morning",NA,0.2219,35.3,15.4508196721311,"Semi-arid 6","PAN3 5"
"11",0.153085808209308,11,"Panoche","PAN3",6,"ephedra",2.5606,275,255,130,1,1,40,85,0,15,0,NA,NA,"N","june.23.morning","june.26.morning","june.26.morning",NA,0.2219,35.3,15.4508196721311,"Semi-arid 6","PAN3 6"
"13",0.653449552783,13,"Panoche","PAN3",7,"ephedra",2.9023,275,250,95,3,2,43,80,0,20,0,NA,NA,NA,NA,NA,"june.24.morning",NA,0.2219,35.3,15.4508196721311,"Semi-arid 6","PAN3 7"
"15",0.343328982464105,15,"Panoche","PAN3",8,"ephedra",5.9177,310,245,110,1,4,62,80,0,20,0,NA,NA,"Y","june.23.morning","june.26.morning","june.26.morning",NA,0.2219,35.3,15.4508196721311,"Semi-arid 6","PAN3 8"
"17",0.849887415561671,17,"Panoche","PAN3",9,"ephedra",4.4364,135,115,110,2,0,28,95,0,0,5,NA,NA,NA,NA,NA,"june.24.morning",NA,0.2219,35.3,15.4508196721311,"Semi-arid 6","PAN3 9"
"19",-0.00535483111686475,19,"Panoche","PAN3",10,"ephedra",5.0709,355,345,130,0,1,44,90,0,10,0,NA,NA,NA,NA,NA,"june.24.morning",NA,0.2219,35.3,15.4508196721311,"Semi-arid 6","PAN3 10"
"21",0.102533485619354,21,"Panoche","PAN3",11,"ephedra",2.1237,280,270,95,0,2,24,100,0,0,0,NA,NA,NA,NA,NA,"june.24.morning",NA,0.2219,35.3,15.4508196721311,"Semi-arid 6","PAN3 11"
"23",0.158905058905059,23,"Panoche","PAN3",12,"ephedra",6.6892,320,300,155,1,1,55,60,0,40,0,NA,NA,"Y","june.23.morning","june.26.morning","june.26.morning",NA,0.2219,35.3,15.4508196721311,"Semi-arid 6","PAN3 12"
"25",0.447617595486773,25,"Panoche","PAN3",13,"ephedra",4.7471,175,90,115,0,0,46,80,0,20,0,NA,NA,NA,NA,NA,"june.24.morning",NA,0.2219,35.3,15.4508196721311,"Semi-arid 6","PAN3 13"
"27",0.54820703328008,27,"Panoche","PAN3",14,"ephedra",4.0217,530,420,160,5,4,39,100,0,0,0,NA,NA,NA,NA,NA,"june.24.morning",NA,0.2219,35.3,15.4508196721311,"Semi-arid 6","PAN3 14"
"29",0.29990635451505,29,"Panoche","PAN3",15,"ephedra",4.8584,565,440,130,0,3,27,90,0,10,0,NA,NA,NA,NA,NA,"june.24.morning",NA,0.2219,35.3,15.4508196721311,"Semi-arid 6","PAN3 15"
"31",-0.404815979063576,31,"Panoche","PAN3",16,"ephedra",1.9786,580,410,115,3,2,35,75,0,25,0,NA,NA,"Y","june.23.morning","june.26.morning","june.26.morning",NA,0.2219,35.3,15.4508196721311,"Semi-arid 6","PAN3 16"
"33",0.39552323970068,33,"Panoche","PAN3",17,"ephedra",4.28,265,210,120,0,1,46,80,0,20,0,NA,NA,NA,NA,NA,"june.24.morning",NA,0.2219,35.3,15.4508196721311,"Semi-arid 6","PAN3 17"
"35",0.213397129186603,35,"Panoche","PAN3",18,"ephedra",3.487,255,235,125,1,1,23,80,0,20,0,NA,NA,NA,NA,NA,"june.24.morning",NA,0.2219,35.3,15.4508196721311,"Semi-arid 6","PAN3 18"
"37",0.73349249567445,37,"Panoche","PAN3",19,"ephedra",6.4622,280,265,115,0,1,24,50,0,50,NA,NA,NA,"Y","june.23.morning","june.26.morning","june.26.morning",NA,0.2219,35.3,15.4508196721311,"Semi-arid 6","PAN3 19"
"39",0.127411188752667,39,"Panoche","PAN3",20,"ephedra",1.3472,170,150,95,1,0,20,50,0,50,NA,NA,NA,NA,NA,NA,"june.24.morning",NA,0.2219,35.3,15.4508196721311,"Semi-arid 6","PAN3 20"
"41",0.482197479505689,41,"Panoche","PAN3",21,"ephedra",1.2114,275,210,120,0,1,14,40,0,60,NA,NA,NA,NA,NA,NA,"june.24.morning",NA,0.2219,35.3,15.4508196721311,"Semi-arid 6","PAN3 21"
"43",0.674305033809166,43,"Panoche","PAN3",22,"ephedra",3.5656,275,260,100,4,0,38,75,0,25,NA,NA,NA,NA,NA,NA,"june.24.morning",NA,0.2219,35.3,15.4508196721311,"Semi-arid 6","PAN3 22"
"45",0.735222534573515,45,"Panoche","PAN3",23,"ephedra",4.5986,395,390,165,0,1,28,100,0,0,NA,NA,NA,"Y","june.23.morning","june.26.morning","june.26.morning",NA,0.2219,35.3,15.4508196721311,"Semi-arid 6","PAN3 23"
"47",0.647233401533377,47,"Panoche","PAN3",24,"ephedra",3.6632,220,205,95,0,0,30,70,0,30,NA,NA,NA,NA,NA,NA,"june.24.morning",NA,0.2219,35.3,15.4508196721311,"Semi-arid 6","PAN3 24"
"49",-0.32833791675679,49,"Panoche","PAN3",25,"ephedra",2.1737,235,185,95,0,3,30,95,0,5,NA,NA,NA,NA,NA,NA,"june.24.morning",NA,0.2219,35.3,15.4508196721311,"Semi-arid 6","PAN3 25"
"51",0.26839061516795,51,"Panoche","PAN3",27,"ephedra",4.233,210,130,85,0,0,27,80,0,20,NA,NA,NA,NA,NA,NA,"june.24.morning",NA,0.2219,35.3,15.4508196721311,"Semi-arid 6","PAN3 27"
"53",0.222353622021488,53,"Panoche","PAN3",28,"ephedra",12.145,175,75,115,0,0,48,70,0,30,NA,NA,NA,"Y","june.23.morning","june.26.morning","june.26.morning",NA,0.2219,35.3,15.4508196721311,"Semi-arid 6","PAN3 28"
"55",0.577930346430025,55,"Panoche","PAN3",29,"ephedra",6.0101,330,205,80,2,0,49,80,0,20,NA,NA,NA,NA,NA,NA,"june.24.morning",NA,0.2219,35.3,15.4508196721311,"Semi-arid 6","PAN3 29"
"57",0.0319309823331271,57,"Panoche","PAN3",31,"ephedra",3.0023,265,210,100,2,0,20,85,0,15,NA,NA,NA,NA,NA,NA,"june.24.morning",NA,0.2219,35.3,15.4508196721311,"Semi-arid 6","PAN3 31"
"59",-0.612226468232305,59,"Panoche","PAN3",32,"ephedra",3.8002,350,330,165,1,0,50,85,0,15,NA,NA,NA,"Y","june.23.morning","june.26.morning","june.26.morning",NA,0.2219,35.3,15.4508196721311,"Semi-arid 6","PAN3 32"
"61",0.380379167574635,61,"Panoche","PAN3",36,"ephedra",7.9182,360,330,105,4,0,16,40,0,60,NA,NA,NA,"Y","june.23.morning","june.26.morning","june.26.morning",NA,0.2219,35.3,15.4508196721311,"Semi-arid 6","PAN3 36"
"63",0.346532396481442,63,"Panoche","PAN3",40,"ephedra",10.0419,465,370,130,NA,NA,40,90,0,10,NA,NA,NA,"Y","june.23.morning","june.26.morning","june.26.morning",NA,0.2219,35.3,15.4508196721311,"Semi-arid 6","PAN3 40"
"65",0.3859962565935,65,"Panoche","PAN2",40,"ephedra",6.5164,435,405,225,2,6,32,90,0,10,NA,NA,NA,NA,NA,NA,"june.25",NA,0.2257,35.3,15.4508196721311,"Semi-arid 5","PAN2 40"
"67",0.265232448315668,67,"Panoche","PAN2",39,"ephedra",3.0141,280,275,130,5,2,25,95,0,5,NA,NA,NA,NA,NA,NA,"june.25",NA,0.2257,35.3,15.4508196721311,"Semi-arid 5","PAN2 39"
"69",0.723403716002129,69,"Panoche","PAN2",38,"ephedra",3.3995,390,325,130,9,1,23,60,0,40,NA,NA,NA,NA,NA,NA,"june.25",NA,0.2257,35.3,15.4508196721311,"Semi-arid 5","PAN2 38"
"71",0.535026191955962,71,"Panoche","PAN2",37,"ephedra",3.4578,205,180,80,2,3,28,65,0,35,NA,NA,NA,NA,NA,NA,"june.25",NA,0.2257,35.3,15.4508196721311,"Semi-arid 5","PAN2 37"
"73",0.447914557602754,73,"Panoche","PAN2",36,"ephedra",2.8605,420,300,90,4,0,28,85,0,15,NA,NA,NA,NA,NA,NA,"june.25",NA,0.2257,35.3,15.4508196721311,"Semi-arid 5","PAN2 36"
"75",0.815767911097455,75,"Panoche","PAN2",35,"ephedra",7.0913,250,245,90,1,2,49,100,0,0,NA,NA,NA,NA,NA,NA,"june.25",NA,0.2257,35.3,15.4508196721311,"Semi-arid 5","PAN2 35"
"77",0.364174159962139,77,"Panoche","PAN2",34,"ephedra",1.7295,235,200,95,3,0,19,15,0,85,NA,NA,NA,NA,NA,NA,"june.25",NA,0.2257,35.3,15.4508196721311,"Semi-arid 5","PAN2 34"
"79",0.480014915567236,79,"Panoche","PAN2",33,"ephedra",4.1675,325,260,115,1,6,33,95,0,5,NA,NA,NA,NA,NA,NA,"june.25",NA,0.2257,35.3,15.4508196721311,"Semi-arid 5","PAN2 33"
"81",0.924479598361238,81,"Panoche","PAN2",32,"ephedra",8.1265,230,170,130,2,4,36,75,0,25,NA,NA,NA,"Y","june.23.morning","june.26","june.26",NA,0.2257,35.3,15.4508196721311,"Semi-arid 5","PAN2 32"
"83",0.810994054448733,83,"Panoche","PAN2",31,"ephedra",4.3405,250,200,95,1,3,27,80,0,20,NA,NA,NA,NA,NA,NA,"june.25",NA,0.2257,35.3,15.4508196721311,"Semi-arid 5","PAN2 31"
"85",0.258791832104368,85,"Panoche","PAN2",30,"ephedra",0.8877,285,260,110,2,0,26,40,0,60,NA,NA,NA,NA,NA,NA,"june.25",NA,0.2257,35.3,15.4508196721311,"Semi-arid 5","PAN2 30"
"87",0.760096214710723,87,"Panoche","PAN2",29,"ephedra",4.1709,270,235,130,1,0,32,75,0,25,NA,NA,NA,NA,NA,NA,"june.25",NA,0.2257,35.3,15.4508196721311,"Semi-arid 5","PAN2 29"
"89",0.728674203494347,89,"Panoche","PAN2",28,"ephedra",3.2799,240,235,80,2,5,25,40,0,60,NA,NA,NA,NA,NA,NA,"june.25",NA,0.2257,35.3,15.4508196721311,"Semi-arid 5","PAN2 28"
"91",-0.0945015990444265,91,"Panoche","PAN2",27,"ephedra",5.8751,420,375,200,4,1,35,80,0,20,NA,NA,NA,NA,NA,NA,"june.25",NA,0.2257,35.3,15.4508196721311,"Semi-arid 5","PAN2 27"
"93",0.32150638032991,93,"Panoche","PAN2",26,"ephedra",1.4861,240,220,115,0,2,18,30,0,70,NA,NA,NA,NA,NA,NA,"june.25",NA,0.2257,35.3,15.4508196721311,"Semi-arid 5","PAN2 26"
"95",0.558825910931174,95,"Panoche","PAN2",25,"ephedra",3.8503,190,185,105,4,0,28,65,0,35,NA,NA,NA,NA,NA,NA,"june.25",NA,0.2257,35.3,15.4508196721311,"Semi-arid 5","PAN2 25"
"97",0.63613385143547,97,"Panoche","PAN2",24,"ephedra",4.3369,275,230,135,0,3,30,85,0,15,NA,NA,NA,"Y","june.23.morning","june.26","june.26",NA,0.2257,35.3,15.4508196721311,"Semi-arid 5","PAN2 24"
"99",0.467186545779114,99,"Panoche","PAN2",23,"ephedra",1.5616,215,185,115,2,0,24,35,0,65,NA,NA,NA,NA,NA,NA,"june.25",NA,0.2257,35.3,15.4508196721311,"Semi-arid 5","PAN2 23"
"101",0.609924509829181,101,"Panoche","PAN2",22,"ephedra",3.1243,240,210,145,2,2,25,70,0,30,NA,NA,NA,NA,NA,NA,"june.25",NA,0.2257,35.3,15.4508196721311,"Semi-arid 5","PAN2 22"
"103",0.868690623709211,103,"Panoche","PAN2",21,"ephedra",4.5241,255,225,95,0,3,35,75,0,25,NA,NA,NA,NA,NA,NA,"june.25",NA,0.2257,35.3,15.4508196721311,"Semi-arid 5","PAN2 21"
"105",0.408527589259369,105,"Panoche","PAN2",20,"ephedra",3.8188,230,175,90,0,2,43,85,0,15,NA,NA,NA,NA,NA,NA,"june.25",NA,0.2257,35.3,15.4508196721311,"Semi-arid 5","PAN2 20"
"107",0.843346535096552,107,"Panoche","PAN2",19,"ephedra",8.2381,180,120,125,1,4,40,65,0,35,NA,NA,NA,NA,NA,NA,"june.25",NA,0.2257,35.3,15.4508196721311,"Semi-arid 5","PAN2 19"
"109",0.137729063195753,109,"Panoche","PAN2",18,"ephedra",1.6608,190,175,135,2,0,21,20,0,80,NA,NA,NA,"N","june.23.morning","june.26","june.26","ephedra pitfall pushed out",0.2257,35.3,15.4508196721311,"Semi-arid 5","PAN2 18"
"111",1,111,"Panoche","PAN2",17,"ephedra",3.5405,185,175,135,1,0,45,60,0,40,NA,NA,NA,NA,NA,NA,"june.25",NA,0.2257,35.3,15.4508196721311,"Semi-arid 5","PAN2 17"
"113",0.975561401502154,113,"Panoche","PAN2",16,"ephedra",5.1817,220,165,85,3,0,32,70,0,30,NA,NA,NA,NA,NA,NA,"june.25",NA,0.2257,35.3,15.4508196721311,"Semi-arid 5","PAN2 16"
"115",-0.101287995878413,115,"Panoche","PAN2",15,"ephedra",1.3083,270,250,110,0,1,19,35,0,65,NA,NA,NA,"Y","june.23.morning","june.26","june.26",NA,0.2257,35.3,15.4508196721311,"Semi-arid 5","PAN2 15"
"117",0.699958940669267,117,"Panoche","PAN2",13,"ephedra",3.3122,315,220,120,3,0,23,65,0,35,NA,NA,NA,NA,NA,NA,"june.25",NA,0.2257,35.3,15.4508196721311,"Semi-arid 5","PAN2 13"
"119",0.648518301692175,119,"Panoche","PAN2",12,"ephedra",2.9567,260,245,95,3,1,42,75,0,25,NA,NA,NA,NA,NA,NA,"june.25",NA,0.2257,35.3,15.4508196721311,"Semi-arid 5","PAN2 12"
"121",0.505076398961109,121,"Panoche","PAN2",11,"ephedra",4.4621,200,175,105,0,1,32,40,0,30,30,NA,NA,"Y","june.23.morning","june.26","june.26",NA,0.2257,35.3,15.4508196721311,"Semi-arid 5","PAN2 11"
"123",0.789501765796895,123,"Panoche","PAN2",6,"ephedra",7.0433,225,200,80,1,1,46,65,0,35,NA,NA,NA,"Y","june.23.morning","june.26","june.26",NA,0.2257,35.3,15.4508196721311,"Semi-arid 5","PAN2 6"
"125",0.655899945622621,125,"Panoche","PAN1",1,"ephedra",5.3291,235,225,105,1,0,46,80,0,20,NA,NA,NA,"Y","june.23.morning","june.26","june.26",NA,0.2363,35.3,15.6147540983607,"Semi-arid 4","PAN1 1"
"127",0.519816786587137,127,"Panoche","PAN1",2,"ephedra",4.4463,265,220,110,5,0,36,100,0,0,NA,NA,NA,NA,NA,NA,"june.25",NA,0.2363,35.3,15.6147540983607,"Semi-arid 4","PAN1 2"
"129",0.470286698409482,129,"Panoche","PAN1",3,"ephedra",3.6283,380,345,100,1,2,28,90,0,10,NA,NA,NA,NA,NA,NA,"june.25",NA,0.2363,35.3,15.6147540983607,"Semi-arid 4","PAN1 3"
"131",0.0441307508324345,131,"Panoche","PAN1",4,"ephedra",2.2264,185,175,125,0,1,33,70,0,30,NA,NA,NA,NA,NA,NA,"june.25",NA,0.2363,35.3,15.6147540983607,"Semi-arid 4","PAN1 4"
"133",0.107604330100498,133,"Panoche","PAN1",5,"ephedra",9.142,220,170,90,1,2,36,80,0,20,NA,NA,NA,"Y","june.23.morning","june.26","june.26",NA,0.2363,35.3,15.6147540983607,"Semi-arid 4","PAN1 5"
"135",0.588402119561161,135,"Panoche","PAN1",6,"ephedra",2.1283,205,185,100,1,1,30,50,0,50,NA,NA,NA,NA,NA,NA,"june.25",NA,0.2363,35.3,15.6147540983607,"Semi-arid 4","PAN1 6"
"137",0.535079211121888,137,"Panoche","PAN1",7,"ephedra",3.0862,325,265,110,3,2,40,60,0,40,NA,NA,NA,NA,NA,NA,"june.25",NA,0.2363,35.3,15.6147540983607,"Semi-arid 4","PAN1 7"
"139",0.582271397278672,139,"Panoche","PAN1",8,"ephedra",4.948,235,150,95,4,0,39,55,0,45,NA,NA,NA,NA,NA,NA,"june.25",NA,0.2363,35.3,15.6147540983607,"Semi-arid 4","PAN1 8"
"141",0.378949650425451,141,"Panoche","PAN1",9,"ephedra",2.5443,455,280,125,2,0,26,70,0,30,NA,NA,NA,"Y","june.23.morning","june.26","june.26",NA,0.2363,35.3,15.6147540983607,"Semi-arid 4","PAN1 9"
"143",0.631589154803926,143,"Panoche","PAN1",10,"ephedra",2.1032,305,285,105,2,0,34,50,0,50,NA,NA,NA,NA,NA,NA,"june.25",NA,0.2363,35.3,15.6147540983607,"Semi-arid 4","PAN1 10"
"145",0.755955082788972,145,"Panoche","PAN1",11,"ephedra",4.4488,315,275,110,1,1,43,45,0,55,NA,NA,NA,NA,NA,NA,"june.25",NA,0.2363,35.3,15.6147540983607,"Semi-arid 4","PAN1 11"
"147",-0.282142292778392,147,"Panoche","PAN1",12,"ephedra",2.9528,230,230,115,3,4,35,40,0,60,NA,NA,NA,NA,NA,NA,"june.25",NA,0.2363,35.3,15.6147540983607,"Semi-arid 4","PAN1 12"
"149",0.105641168677219,149,"Panoche","PAN1",13,"ephedra",2.3784,375,260,70,1,0,36,80,0,20,NA,NA,NA,"Y","june.23.morning","june.26","june.26",NA,0.2363,35.3,15.6147540983607,"Semi-arid 4","PAN1 13"
"151",-0.214993793959454,151,"Panoche","PAN1",14,"ephedra",2.3717,295,275,110,1,3,23,50,0,50,NA,NA,NA,NA,NA,NA,"june.25",NA,0.2363,35.3,15.6147540983607,"Semi-arid 4","PAN1 14"
"153",0.669523436761907,153,"Panoche","PAN1",15,"ephedra",6.185,355,325,115,1,2,49,85,0,15,NA,NA,NA,NA,NA,NA,"june.25",NA,0.2363,35.3,15.6147540983607,"Semi-arid 4","PAN1 15"
"155",0.551491376394995,155,"Panoche","PAN1",16,"ephedra",5.7347,375,290,95,2,0,28,90,0,10,NA,NA,"Y",NA,NA,NA,"june.25",NA,0.2363,35.3,15.6147540983607,"Semi-arid 4","PAN1 16"
"157",0.541888723086762,157,"Panoche","PAN1",17,"ephedra",2.8932,335,300,95,3,1,37,60,0,40,NA,NA,NA,"Y","june.23","june.26","june.26",NA,0.2363,35.3,15.6147540983607,"Semi-arid 4","PAN1 17"
"159",0.321046034639927,159,"Panoche","PAN1",18,"ephedra",2.3187,335,240,110,2,0,44,65,0,35,NA,NA,NA,NA,NA,NA,"june.25",NA,0.2363,35.3,15.6147540983607,"Semi-arid 4","PAN1 18"
"161",-0.0357457298820215,161,"Panoche","PAN1",19,"ephedra",0.5476,230,175,125,3,4,22,25,0,75,NA,NA,NA,NA,NA,NA,"june.25",NA,0.2363,35.3,15.6147540983607,"Semi-arid 4","PAN1 19"
"163",-0.597147950089127,163,"Panoche","PAN1",20,"ephedra",1.2769,280,240,130,2,1,36,80,0,20,NA,NA,NA,NA,NA,NA,"june.25",NA,0.2363,35.3,15.6147540983607,"Semi-arid 4","PAN1 20"
"165",-0.645652683384111,165,"Panoche","PAN1",21,"ephedra",0.0756,355,345,195,4,0,23,5,0,95,NA,NA,NA,NA,NA,NA,"june.25",NA,0.2363,35.3,15.6147540983607,"Semi-arid 4","PAN1 21"
"167",-0.342284045248431,167,"Panoche","PAN1",22,"ephedra",2.0379,315,245,80,3,4,33,45,0,55,NA,NA,"Y","Y","june.23","june.26","june.26",NA,0.2363,35.3,15.6147540983607,"Semi-arid 4","PAN1 22"
"169",0.333656535521164,169,"Panoche","PAN1",23,"ephedra",3.5762,695,585,185,5,3,49,65,0,35,NA,NA,"Y",NA,NA,NA,"june.25",NA,0.2363,35.3,15.6147540983607,"Semi-arid 4","PAN1 23"
"171",0.602210744100583,171,"Panoche","PAN1",24,"ephedra",5.537,455,325,155,4,3,40,95,0,5,NA,NA,NA,NA,NA,NA,"june.25",NA,0.2363,35.3,15.6147540983607,"Semi-arid 4","PAN1 24"
"173",0.535983538817021,173,"Panoche","PAN1",25,"ephedra",4.5535,265,215,115,2,0,34,95,0,5,NA,NA,NA,NA,NA,NA,"june.25",NA,0.2363,35.3,15.6147540983607,"Semi-arid 4","PAN1 25"
"175",0.574270377554242,175,"Panoche","PAN1",26,"ephedra",3.49,290,240,125,3,3,37,35,0,65,NA,NA,NA,"Y","june.23","june.26","june.26",NA,0.2363,35.3,15.6147540983607,"Semi-arid 4","PAN1 26"
"177",-0.1563660060745,177,"Panoche","PAN1",27,"ephedra",3.6248,190,165,90,2,0,25,75,0,25,NA,NA,"Y",NA,NA,NA,"june.25",NA,0.2363,35.3,15.6147540983607,"Semi-arid 4","PAN1 27"
"179",0.651511176081062,179,"Panoche","PAN1",30,"ephedra",6.6091,270,260,130,3,0,36,45,0,55,NA,NA,NA,"Y","june.23","june.26","june.26",NA,0.2363,35.3,15.6147540983607,"Semi-arid 4","PAN1 30"
"181",0.439463813564533,181,"Panoche","PAN1",34,"ephedra",2.341,360,280,145,3,2,30,60,0,4,NA,NA,NA,"Y","june.23","june.26","june.26","mutillid, wasp etc",0.2363,35.3,15.6147540983607,"Semi-arid 4","PAN1 34"
"183",0.789576313223748,183,"Panoche","PAN1",38,"ephedra",5.2312,285,265,90,4,0,30,70,0,30,NA,NA,NA,"Y","june.23","june.26","june.26",NA,0.2363,35.3,15.6147540983607,"Semi-arid 4","PAN1 38"
"185",0.585888824244989,185,"Cuyama","C1",1,"ephedra",7.4961,370,320,155,2,1,37,25,0,75,NA,NA,NA,NA,NA,NA,"june.29",NA,0.1145,30.9,22.7916666666667,"Semi-arid 1","C1 1"
"187",0.61331569664903,187,"Cuyama","C1",2,"ephedra",2.5613,410,405,210,1,0,31,80,0,5,15,NA,NA,"Y","june.28","july.1","july.1",NA,0.1145,30.9,22.7916666666667,"Semi-arid 1","C1 2"
"189",0.473349755453215,189,"Cuyama","C1",3,"ephedra",2.0635,620,475,190,4,1,30,20,0,80,NA,NA,"Y",NA,NA,NA,"june.29",NA,0.1145,30.9,22.7916666666667,"Semi-arid 1","C1 3"
"191",0.861078099224861,191,"Cuyama","C1",4,"ephedra",5.2461,685,605,185,6,1,28,75,0,25,NA,NA,NA,NA,NA,NA,"june.29",NA,0.1145,30.9,22.7916666666667,"Semi-arid 1","C1 4"
"193",-0.927123512515388,193,"Cuyama","C1",5,"ephedra",0.1332,205,200,125,2,1,23,15,0,85,NA,NA,"Y",NA,NA,NA,"june.29",NA,0.1145,30.9,22.7916666666667,"Semi-arid 1","C1 5"
"195",-0.568394617721833,195,"Cuyama","C1",6,"ephedra",2.7842,225,195,160,1,0,32,45,0,55,NA,NA,"Y","Y","june.28","july.1","july.1",NA,0.1145,30.9,22.7916666666667,"Semi-arid 1","C1 6"
"197",-0.868942150834484,197,"Cuyama","C1",7,"ephedra",0.2611,450,360,155,3,0,42,20,0,80,NA,NA,NA,NA,NA,NA,"june.29",NA,0.1145,30.9,22.7916666666667,"Semi-arid 1","C1 7"
"199",0.24126431516262,199,"Cuyama","C1",8,"ephedra",3.3871,400,335,140,3,0,38,50,0,50,NA,NA,NA,NA,NA,NA,"june.29",NA,0.1145,30.9,22.7916666666667,"Semi-arid 1","C1 8"
"201",0.790884163691862,201,"Cuyama","C1",9,"ephedra",5.1924,455,395,170,1,0,33,90,0,10,NA,NA,NA,NA,NA,NA,"june.29",NA,0.1145,30.9,22.7916666666667,"Semi-arid 1","C1 9"
"203",0.408540984516344,203,"Cuyama","C1",10,"ephedra",5.0761,295,245,170,2,0,49,85,0,15,NA,NA,"Y","Y","june.28","july.1","july.1",NA,0.1145,30.9,22.7916666666667,"Semi-arid 1","C1 10"
"205",0.52382937914356,205,"Cuyama","C1",11,"ephedra",1.8273,575,510,210,0,3,55,60,5,35,NA,NA,NA,NA,NA,NA,"june.29",NA,0.1145,30.9,22.7916666666667,"Semi-arid 1","C1 11"
"207",0.847675215202693,207,"Cuyama","C1",12,"ephedra",3.1016,315,315,160,0,0,19,85,0,15,NA,NA,NA,NA,NA,NA,"june.29",NA,0.1145,30.9,22.7916666666667,"Semi-arid 1","C1 12"
"209",0.650492161866569,209,"Cuyama","C1",13,"ephedra",4.5273,270,220,135,3,0,26,30,0,64,10,NA,NA,NA,NA,NA,"june.29",NA,0.1145,30.9,22.7916666666667,"Semi-arid 1","C1 13"
"211",0.737777646328118,211,"Cuyama","C1",14,"ephedra",2.9378,425,400,195,3,0,32,50,0,20,30,NA,NA,"Y","june.28","july.1","july.1",NA,0.1145,30.9,22.7916666666667,"Semi-arid 1","C1 14"
"213",0.434768484969639,213,"Cuyama","C1",15,"ephedra",2.8709,415,355,200,2,1,49,80,0,15,5,NA,NA,NA,NA,NA,"june.29",NA,0.1145,30.9,22.7916666666667,"Semi-arid 1","C1 15"
"215",-1,215,"Cuyama","C1",16,"ephedra",0,315,310,180,0,0,18,5,0,95,NA,NA,NA,NA,NA,NA,"june.29","0 rdm",0.1145,30.9,22.7916666666667,"Semi-arid 1","C1 16"
"217",0.171157201007947,217,"Cuyama","C1",17,"ephedra",0.9063,470,450,215,2,3,23,30,0,50,20,NA,NA,NA,NA,NA,"june.29",NA,0.1145,30.9,22.7916666666667,"Semi-arid 1","C1 17"
"219",0.0369848538217683,219,"Cuyama","C1",18,"ephedra",0.2944,375,365,120,1,0,20,7,0,91,NA,NA,NA,"Y","june.28","july.1","july.1",NA,0.1145,30.9,22.7916666666667,"Semi-arid 1","C1 18"
"221",0.621581261580155,221,"Cuyama","C1",19,"ephedra",2.9319,415,385,185,0,0,32,50,0,50,NA,NA,NA,NA,NA,NA,"june.29",NA,0.1145,30.9,22.7916666666667,"Semi-arid 1","C1 19"
"223",0.405620097309105,223,"Cuyama","C1",20,"ephedra",1.4156,520,320,165,1,0,24,45,0,55,NA,NA,NA,NA,NA,NA,"june.29",NA,0.1145,30.9,22.7916666666667,"Semi-arid 1","C1 20"
"225",-0.700787756020707,225,"Cuyama","C1",21,"ephedra",0.6647,305,260,160,2,0,17,5,0,85,15,NA,NA,"N","june.28","july.1","july.1","ephedra pitfall popped out",0.1145,30.9,22.7916666666667,"Semi-arid 1","C1 21"
"227",0.793797553693538,227,"Cuyama","C1",22,"ephedra",1.8625,320,260,130,0,1,15,70,0,25,5,NA,NA,NA,NA,NA,"june.29",NA,0.1145,30.9,22.7916666666667,"Semi-arid 1","C1 22"
"229",-0.193538804307464,229,"Cuyama","C1",23,"ephedra",1.0859,290,245,150,3,2,52,35,0,65,NA,NA,NA,NA,NA,NA,"june.29",NA,0.1145,30.9,22.7916666666667,"Semi-arid 1","C1 23"
"231",-1,231,"Cuyama","C1",24,"ephedra",0,320,285,170,2,1,23,8,0,92,NA,NA,NA,NA,NA,NA,"june.29","0 rdm",0.1145,30.9,22.7916666666667,"Semi-arid 1","C1 24"
"233",-0.20719543096167,233,"Cuyama","C1",25,"ephedra",3.9423,320,320,185,6,0,34,70,0,30,NA,NA,NA,NA,NA,NA,"june.29",NA,0.1145,30.9,22.7916666666667,"Semi-arid 1","C1 25"
"235",-0.673962381773375,235,"Cuyama","C1",26,"ephedra",1.6736,380,280,115,2,0,16,20,0,75,5,NA,NA,"Y","june.28","july.1","july.1",NA,0.1145,30.9,22.7916666666667,"Semi-arid 1","C1 26"
"237",-0.422156334231806,237,"Cuyama","C1",27,"ephedra",1.0719,380,315,190,3,0,30,40,0,60,NA,NA,NA,NA,NA,NA,"june.29",NA,0.1145,30.9,22.7916666666667,"Semi-arid 1","C1 27"
"239",0.239557201449448,239,"Cuyama","C1",28,"ephedra",3.1129,470,405,275,1,0,34,75,0,25,NA,NA,"Y",NA,NA,NA,"june.29",NA,0.1145,30.9,22.7916666666667,"Semi-arid 1","C1 28"
"241",0.764899242532514,241,"Cuyama","C1",29,"ephedra",1.2349,485,375,265,5,0,30,45,0,55,NA,NA,"Y",NA,NA,NA,"june.29",NA,0.1145,30.9,22.7916666666667,"Semi-arid 1","C1 29"
"243",-1,243,"Cuyama","C1",30,"ephedra",0,425,375,190,1,0,NA,0,0,0,0,NA,NA,"Y","june.28","july.1","july.1","0 rdm",0.1145,30.9,22.7916666666667,"Semi-arid 1","C1 30"
"245",0.467902613357159,245,"Cuyama","C2",1,"ephedra",3.2859,355,290,160,0,0,28,40,0,60,NA,NA,NA,NA,NA,NA,"june.29",NA,0.0851,30.9,22.4896265560166,"Semi-arid 2","C2 1"
"247",-0.0840940458606746,247,"Cuyama","C2",2,"ephedra",3.7826,295,250,150,0,0,29,70,0,10,20,NA,NA,"Y","june.28","july.1","july.1",NA,0.0851,30.9,22.4896265560166,"Semi-arid 2","C2 2"
"249",0.802688486265342,249,"Cuyama","C2",3,"ephedra",5.3977,460,450,130,2,0,44,95,0,5,NA,NA,NA,NA,NA,NA,"june.29",NA,0.0851,30.9,22.4896265560166,"Semi-arid 2","C2 3"
"251",0.80424570612272,251,"Cuyama","C2",4,"ephedra",13.5774,305,180,130,1,1,53,100,0,0,NA,NA,NA,NA,NA,NA,"june.29",NA,0.0851,30.9,22.4896265560166,"Semi-arid 2","C2 4"
"253",0.712190143403276,253,"Cuyama","C2",5,"ephedra",4.949,230,135,115,0,0,30,60,0,40,NA,NA,NA,NA,NA,NA,"june.29",NA,0.0851,30.9,22.4896265560166,"Semi-arid 2","C2 5"
"255",0.607483337551675,255,"Cuyama","C2",6,"ephedra",3.8107,420,375,185,1,0,33,65,0,0,35,NA,NA,"Y","june.28","july.1","july.1",NA,0.0851,30.9,22.4896265560166,"Semi-arid 2","C2 6"
"257",0.827230968202292,257,"Cuyama","C2",7,"ephedra",8.1944,460,405,120,2,0,39,90,0,10,NA,NA,NA,NA,NA,NA,"june.29",NA,0.0851,30.9,22.4896265560166,"Semi-arid 2","C2 7"
"259",0.634813394305945,259,"Cuyama","C2",8,"ephedra",5.5412,375,305,115,1,0,45,85,0,15,NA,NA,NA,NA,NA,NA,"june.29",NA,0.0851,30.9,22.4896265560166,"Semi-arid 2","C2 8"
"261",0.370786066460897,261,"Cuyama","C2",9,"ephedra",3.4197,290,210,120,2,1,33,40,0,60,NA,NA,"Y",NA,NA,NA,"june.29",NA,0.0851,30.9,22.4896265560166,"Semi-arid 2","C2 9"
"263",0.766232599910193,263,"Cuyama","C2",10,"ephedra",1.9667,435,425,155,2,2,32,50,0,35,15,NA,NA,"Y","june.28","july.1","july.1",NA,0.0851,30.9,22.4896265560166,"Semi-arid 2","C2 10"
"265",0.723005627275736,265,"Cuyama","C2",11,"ephedra",2.6026,440,325,170,0,2,29,25,0,75,NA,NA,NA,NA,NA,NA,"june.29",NA,0.0851,30.9,22.4896265560166,"Semi-arid 2","C2 11"
"267",0.706586066959756,267,"Cuyama","C2",12,"ephedra",8.0742,455,395,160,2,1,40,85,0,15,NA,NA,NA,NA,NA,NA,"june.29",NA,0.0851,30.9,22.4896265560166,"Semi-arid 2","C2 12"
"269",-0.446089597570235,269,"Cuyama","C2",13,"ephedra",0.2918,290,290,115,1,1,23,8,0,52,40,NA,NA,NA,NA,NA,"june.29",NA,0.0851,30.9,22.4896265560166,"Semi-arid 2","C2 13"
"271",0.634444103194103,271,"Cuyama","C2",14,"ephedra",4.2574,265,210,180,4,0,46,80,0,20,NA,NA,NA,"Y","june.28","july.1","july.1",NA,0.0851,30.9,22.4896265560166,"Semi-arid 2","C2 14"
"273",0.652790312258996,273,"Cuyama","C2",15,"ephedra",5.0363,435,420,155,0,0,44,50,0,20,30,NA,NA,NA,NA,NA,"june.29",NA,0.0851,30.9,22.4896265560166,"Semi-arid 2","C2 15"
"275",0.81771614897722,275,"Cuyama","C2",16,"ephedra",8.0553,330,300,155,1,3,45,95,0,5,NA,NA,NA,NA,NA,NA,"june.29",NA,0.0851,30.9,22.4896265560166,"Semi-arid 2","C2 16"
"277",-0.546388973140565,277,"Cuyama","C2",17,"ephedra",0.673,410,355,195,0,1,18,20,0,80,NA,NA,NA,NA,NA,NA,"june.29",NA,0.0851,30.9,22.4896265560166,"Semi-arid 2","C2 17"
"279",-0.798860579205571,279,"Cuyama","C2",18,"ephedra",0.1271,530,510,120,0,2,11,5,0,95,NA,NA,NA,"Y","june.28","july.1","july.1",NA,0.0851,30.9,22.4896265560166,"Semi-arid 2","C2 18"
"281",-1,281,"Cuyama","C2",19,"ephedra",0,260,240,140,0,0,10,4,0,96,NA,NA,NA,NA,NA,NA,"june.29",NA,0.0851,30.9,22.4896265560166,"Semi-arid 2","C2 19"
"283",0.88064922914209,283,"Cuyama","C2",20,"ephedra",6.9348,425,380,190,0,0,15,50,0,30,20,NA,NA,NA,NA,NA,"june.29",NA,0.0851,30.9,22.4896265560166,"Semi-arid 2","C2 20"
"285",-0.124431311852165,285,"Cuyama","C2",21,"ephedra",0.9334,255,210,145,1,1,30,20,0,80,NA,NA,NA,NA,NA,NA,"june.29",NA,0.0851,30.9,22.4896265560166,"Semi-arid 2","C2 21"
"287",0.598793271574842,287,"Cuyama","C2",22,"ephedra",2.6233,325,265,165,0,0,22,60,0,40,NA,NA,NA,"Y","june.28","july.1","july.1",NA,0.0851,30.9,22.4896265560166,"Semi-arid 2","C2 22"
"289",-0.168738898756661,289,"Cuyama","C2",23,"ephedra",1.6146,295,245,120,0,0,16,30,0,70,NA,NA,NA,NA,NA,NA,"june.29",NA,0.0851,30.9,22.4896265560166,"Semi-arid 2","C2 23"
"291",0.0254023351214894,291,"Cuyama","C2",24,"ephedra",1.9497,605,510,155,0,1,17,60,0,40,NA,NA,"Y",NA,NA,NA,"june.29",NA,0.0851,30.9,22.4896265560166,"Semi-arid 2","C2 24"
"293",0.770223807979241,293,"Cuyama","C2",25,"ephedra",1.3644,280,240,175,0,0,30,35,0,10,55,NA,NA,NA,NA,NA,"june.29","woody cover is yucca",0.0851,30.9,22.4896265560166,"Semi-arid 2","C2 25"
"295",0.570212329469689,295,"Cuyama","C2",26,"ephedra",0.7654,350,340,165,0,0,26,60,0,10,30,NA,NA,"Y","june.28","july.1","july.1",NA,0.0851,30.9,22.4896265560166,"Semi-arid 2","C2 26"
"297",0.855902266705917,297,"Cuyama","C2",27,"ephedra",3.7827,355,265,130,1,1,26,55,0,40,5,NA,NA,NA,NA,NA,"june.29",NA,0.0851,30.9,22.4896265560166,"Semi-arid 2","C2 27"
"299",0.978427916813536,299,"Cuyama","C2",28,"ephedra",4.2096,480,415,160,0,0,30,30,0,70,NA,NA,NA,NA,NA,NA,"june.29",NA,0.0851,30.9,22.4896265560166,"Semi-arid 2","C2 28"
"301",0.791926666298525,301,"Cuyama","C2",29,"ephedra",1.6225,430,420,195,3,0,37,80,0,20,NA,NA,"Y","Y","june.28","july.1","july.1",NA,0.0851,30.9,22.4896265560166,"Semi-arid 2","C2 29"
"303",0.711355047687601,303,"Cuyama","C2",30,"ephedra",0.951,580,460,255,1,0,23,35,0,65,NA,NA,NA,NA,NA,NA,"june.29",NA,0.0851,30.9,22.4896265560166,"Semi-arid 2","C2 30"
"305",0.218105065666041,305,"Cuyama","C3",1,"ephedra",1.0388,290,285,210,0,0,45,25,0,75,NA,NA,NA,NA,NA,NA,"june.30",NA,0.087,31.5,21.198347107438,"Semi-arid 3","C3 1"
"307",-0.112405358182877,307,"Cuyama","C3",2,"ephedra",1.143,310,290,165,2,0,31,45,0,55,NA,NA,NA,"Y","june.28","july.1","july.1",NA,0.087,31.5,21.198347107438,"Semi-arid 3","C3 2"
"309",-0.481057268722467,309,"Cuyama","C3",3,"ephedra",0.7657,390,360,140,0,2,22,25,0,75,NA,NA,NA,NA,NA,NA,"june.30",NA,0.087,31.5,21.198347107438,"Semi-arid 3","C3 3"
"311",-0.361122786498785,311,"Cuyama","C3",4,"ephedra",1.748,180,160,160,0,0,27,45,0,55,NA,NA,"Y",NA,NA,NA,"june.30",NA,0.087,31.5,21.198347107438,"Semi-arid 3","C3 4"
"313",0.165793173974179,313,"Cuyama","C3",5,"ephedra",0.912,485,460,205,1,1,31,35,0,65,NA,NA,NA,NA,NA,NA,"june.30",NA,0.087,31.5,21.198347107438,"Semi-arid 3","C3 5"
"315",-0.637627606939312,315,"Cuyama","C3",6,"ephedra",0.2893,235,220,105,1,0,28,25,0,75,NA,NA,NA,"N","june.28","july.1","july.1",NA,0.087,31.5,21.198347107438,"Semi-arid 3","C3 6"
"317",-0.347160411823315,317,"Cuyama","C3",7,"ephedra",1.9657,450,415,240,0,2,59,95,0,5,NA,NA,NA,NA,NA,NA,"june.30",NA,0.087,31.5,21.198347107438,"Semi-arid 3","C3 7"
"319",-0.382881702395304,319,"Cuyama","C3",8,"ephedra",1.1774,495,475,195,0,0,23,25,0,75,NA,NA,NA,NA,NA,NA,"june.30",NA,0.087,31.5,21.198347107438,"Semi-arid 3","C3 8"
"321",-0.224638287195785,321,"Cuyama","C3",9,"ephedra",2.7813,305,130,115,0,0,34,30,0,70,NA,NA,"Y","Y","june.28","july.1","july.1",NA,0.087,31.5,21.198347107438,"Semi-arid 3","C3 9"
"323",-0.405815672745195,323,"Cuyama","C3",10,"ephedra",3.6168,250,240,145,1,1,37,95,0,50,NA,NA,NA,NA,NA,NA,"june.30",NA,0.087,31.5,21.198347107438,"Semi-arid 3","C3 10"
"325",0.0622838685160555,325,"Cuyama","C3",11,"ephedra",1.3977,265,260,170,0,0,38,30,0,70,NA,NA,NA,NA,NA,NA,"june.30",NA,0.087,31.5,21.198347107438,"Semi-arid 3","C3 11"
"327",0.914347330729167,327,"Cuyama","C3",12,"ephedra",4.7047,235,235,130,1,1,30,50,0,80,NA,NA,"Y",NA,NA,NA,"june.30",NA,0.087,31.5,21.198347107438,"Semi-arid 3","C3 12"
"329",-0.543234233621335,329,"Cuyama","C3",13,"ephedra",0.3357,340,295,195,2,1,22,25,0,75,NA,NA,"Y",NA,NA,NA,"june.30",NA,0.087,31.5,21.198347107438,"Semi-arid 3","C3 13"
"331",0.0933712440664081,331,"Cuyama","C3",14,"ephedra",4.5376,315,305,155,1,0,36,75,0,25,NA,NA,NA,"Y","june.28","july.1","july.1",NA,0.087,31.5,21.198347107438,"Semi-arid 3","C3 14"
"333",-0.701661220043573,333,"Cuyama","C3",15,"ephedra",0.2191,280,250,145,1,0,26,20,0,80,NA,NA,NA,NA,NA,NA,"june.30",NA,0.087,31.5,21.198347107438,"Semi-arid 3","C3 15"
"335",0.261286339656527,335,"Cuyama","C3",16,"ephedra",2.8092,295,340,295,0,0,36,55,0,45,NA,NA,NA,NA,NA,NA,"june.30",NA,0.087,31.5,21.198347107438,"Semi-arid 3","C3 16"
"337",0.565766492005912,337,"Cuyama","C3",17,"ephedra",1.1654,390,350,165,2,0,41,40,0,50,10,NA,"Y",NA,NA,NA,"june.30",NA,0.087,31.5,21.198347107438,"Semi-arid 3","C3 17"
"339",0.111831822444514,339,"Cuyama","C3",18,"ephedra",4.2681,455,425,235,0,0,24,50,0,50,NA,NA,NA,"Y","june.28","july.1","july.1",NA,0.087,31.5,21.198347107438,"Semi-arid 3","C3 18"
"341",-0.918200208822762,341,"Cuyama","C3",19,"ephedra",0.5014,260,255,160,0,2,13,15,0,85,NA,NA,NA,NA,NA,NA,"june.30",NA,0.087,31.5,21.198347107438,"Semi-arid 3","C3 19"
"343",-0.871362619829198,343,"Cuyama","C3",20,"ephedra",0.4918,400,355,180,0,1,19,25,0,75,NA,NA,NA,NA,NA,NA,"june.30",NA,0.087,31.5,21.198347107438,"Semi-arid 3","C3 20"
"345",0.0859007436636819,345,"Cuyama","C3",21,"ephedra",2.862,490,450,235,3,3,40,15,0,65,20,NA,NA,NA,NA,NA,"june.30",NA,0.087,31.5,21.198347107438,"Semi-arid 3","C3 21"
"347",-0.456750163279419,347,"Cuyama","C3",22,"ephedra",5.6561,220,210,145,0,0,39,30,0,70,NA,NA,"Y","Y","june.28","july.1","july.1",NA,0.087,31.5,21.198347107438,"Semi-arid 3","C3 22"
"349",0.568714041362152,349,"Cuyama","C3",23,"ephedra",2.5221,310,290,225,0,1,34,55,0,45,NA,NA,NA,NA,NA,NA,"june.30",NA,0.087,31.5,21.198347107438,"Semi-arid 3","C3 23"
"351",-0.264964343225213,351,"Cuyama","C3",24,"ephedra",0.7988,630,440,245,2,0,22,8,0,92,NA,NA,NA,NA,NA,NA,"june.30",NA,0.087,31.5,21.198347107438,"Semi-arid 3","C3 24"
"353",1,353,"Cuyama","C3",25,"ephedra",0.7348,455,415,175,2,1,35,15,0,70,15,NA,NA,NA,NA,NA,"june.30",NA,0.087,31.5,21.198347107438,"Semi-arid 3","C3 25"
"355",1,355,"Cuyama","C3",26,"ephedra",0.0992,360,320,200,1,0,26,20,0,80,NA,NA,NA,"Y","june.28","july.1","july.1",NA,0.087,31.5,21.198347107438,"Semi-arid 3","C3 26"
"357",-0.735060042382859,357,"Cuyama","C3",27,"ephedra",0.2813,470,410,245,0,2,9,10,0,90,NA,NA,NA,NA,NA,NA,"june.30",NA,0.087,31.5,21.198347107438,"Semi-arid 3","C3 27"
"359",0.703182996898358,359,"Cuyama","C3",28,"ephedra",6.6993,330,310,155,1,0,39,70,0,30,NA,NA,NA,NA,NA,NA,"june.30",NA,0.087,31.5,21.198347107438,"Semi-arid 3","C3 28"
"361",-0.139249367293091,361,"Cuyama","C3",29,"ephedra",3.197,375,360,185,1,0,33,35,0,65,NA,NA,NA,"Y","june.28","july.1","july.1",NA,0.087,31.5,21.198347107438,"Semi-arid 3","C3 29"
"363",0.279147596736555,363,"Cuyama","C3",30,"ephedra",3.5355,370,360,185,3,0,26,75,0,25,NA,NA,"Y",NA,NA,NA,"june.30",NA,0.087,31.5,21.198347107438,"Semi-arid 3","C3 30"
"365",1,365,"Mojave","M1",1,"ephedra",2.4279,160,75,90,0,1,46,20,0,80,NA,NA,NA,NA,NA,NA,"july.6",NA,0.067,40.5,3.52750809061489,"Arid 8","M1 1"
"367",1,368,"Mojave","M1",2,"ephedra",0.8236,140,140,75,0,1,34,15,0,85,NA,NA,NA,"Y","july.4","july.7","july.7",NA,0.067,40.5,3.52750809061489,"Arid 8","M1 2"
"369",-1,371,"Mojave","M1",3,"ephedra",0,130,75,90,0,0,8,4,0,96,NA,NA,NA,NA,NA,NA,"july.6",NA,0.067,40.5,3.52750809061489,"Arid 8","M1 3"
"371",0.00732297698930662,374,"Mojave","M1",4,"ephedra",1.6438,110,65,80,1,0,22,25,0,75,NA,NA,NA,NA,NA,NA,"july.6",NA,0.067,40.5,3.52750809061489,"Arid 8","M1 4"
"373",1,377,"Mojave","M1",5,"ephedra",2.8529,215,135,110,0,1,55,20,0,60,20,NA,NA,NA,NA,NA,"july.6",NA,0.067,40.5,3.52750809061489,"Arid 8","M1 5"
"375",0.557539297496604,380,"Mojave","M1",6,"ephedra",0.8026,235,205,100,0,2,23,5,0,95,NA,NA,NA,"Y","july.4","july.7","july.7",NA,0.067,40.5,3.52750809061489,"Arid 8","M1 6"
"377",-1,383,"Mojave","M1",7,"ephedra",0,100,85,75,3,0,29,15,0,85,NA,NA,NA,NA,NA,NA,"july.6",NA,0.067,40.5,3.52750809061489,"Arid 8","M1 7"
"379",-0.485020503336818,386,"Mojave","M1",8,"ephedra",1.6012,95,85,70,2,0,15,40,0,60,NA,NA,"Y",NA,NA,NA,"july.6",NA,0.067,40.5,3.52750809061489,"Arid 8","M1 8"
"381",1,389,"Mojave","M1",9,"ephedra",4.5079,210,180,85,2,0,29,15,0,85,NA,NA,NA,NA,NA,NA,"july.6",NA,0.067,40.5,3.52750809061489,"Arid 8","M1 9"
"383",-0.536455142231948,392,"Mojave","M1",10,"ephedra",1.5888,185,175,120,1,0,15,15,0,85,NA,NA,NA,"Y","july.4","july.7","july.7",NA,0.067,40.5,3.52750809061489,"Arid 8","M1 10"
"385",-0.826287427422109,395,"Mojave","M1",11,"ephedra",0.9155,100,70,80,1,0,16,20,0,80,NA,NA,NA,NA,NA,NA,"july.6",NA,0.067,40.5,3.52750809061489,"Arid 8","M1 11"
"387",1,398,"Mojave","M1",12,"ephedra",0.2082,185,130,80,0,0,29,10,0,64,30,NA,NA,NA,NA,NA,"july.6",NA,0.067,40.5,3.52750809061489,"Arid 8","M1 12"
"389",1,401,"Mojave","M1",13,"ephedra",4.6911,125,105,100,2,0,25,30,0,70,NA,NA,NA,NA,NA,NA,"july.6",NA,0.067,40.5,3.52750809061489,"Arid 8","M1 13"
"391",1,404,"Mojave","M1",14,"ephedra",2.4993,275,210,150,0,5,40,25,0,75,NA,NA,NA,"Y","july.4","july.7","july.7",NA,0.067,40.5,3.52750809061489,"Arid 8","M1 14"
"393",1,407,"Mojave","M1",15,"ephedra",1.4538,240,125,120,3,1,35,25,0,50,5,20,NA,NA,NA,NA,"july.6",NA,0.067,40.5,3.52750809061489,"Arid 8","M1 15"
"395",-0.0472414932276181,410,"Mojave","M1",16,"ephedra",1.7304,140,120,110,1,0,17,15,0,85,NA,NA,NA,NA,NA,NA,"july.6",NA,0.067,40.5,3.52750809061489,"Arid 8","M1 16"
"397",0.425257951735312,413,"Mojave","M1",17,"ephedra",1.6714,180,125,120,0,0,20,10,0,90,NA,NA,NA,NA,NA,NA,"july.6",NA,0.067,40.5,3.52750809061489,"Arid 8","M1 17"
"399",-0.0208957210354695,416,"Mojave","M1",18,"ephedra",2.9426,160,130,70,2,1,26,8,0,92,NA,NA,NA,"Y","july.4","july.7","july.7",NA,0.067,40.5,3.52750809061489,"Arid 8","M1 18"
"401",0.949930521314268,419,"Mojave","M1",19,"ephedra",4.3501,215,210,115,3,0,29,25,0,75,NA,NA,NA,NA,NA,NA,"july.6",NA,0.067,40.5,3.52750809061489,"Arid 8","M1 19"
"403",-0.655474206850122,422,"Mojave","M1",20,"ephedra",0.6141,160,105,110,0,1,27,15,0,85,NA,NA,NA,NA,NA,NA,"july.6",NA,0.067,40.5,3.52750809061489,"Arid 8","M1 20"
"405",-0.281199068684517,425,"Mojave","M1",21,"ephedra",1.2349,225,155,110,2,1,39,20,0,65,15,NA,NA,NA,NA,NA,"july.6",NA,0.067,40.5,3.52750809061489,"Arid 8","M1 21"
"407",-0.0383953396001589,428,"Mojave","M1",22,"ephedra",0.7263,240,225,140,6,1,25,10,0,70,20,NA,NA,"Y","july.4","july.7","july.7",NA,0.067,40.5,3.52750809061489,"Arid 8","M1 22"
"409",1,431,"Mojave","M1",23,"ephedra",0.071,120,115,90,0,0,19,5,0,95,NA,NA,NA,NA,NA,NA,"july.6",NA,0.067,40.5,3.52750809061489,"Arid 8","M1 23"
"411",0.222650561123961,434,"Mojave","M1",24,"ephedra",2.1408,155,140,85,2,0,28,20,0,80,NA,NA,NA,NA,NA,NA,"july.6",NA,0.067,40.5,3.52750809061489,"Arid 8","M1 24"
"413",0.0633759614930867,437,"Mojave","M1",25,"ephedra",1.1267,225,180,100,6,0,18,2,0,98,NA,NA,NA,NA,NA,NA,"july.6",NA,0.067,40.5,3.52750809061489,"Arid 8","M1 25"
"415",-1,440,"Mojave","M1",26,"ephedra",0,150,145,95,1,1,6,3,0,97,NA,NA,NA,"Y","july.4","july.7","july.7",NA,0.067,40.5,3.52750809061489,"Arid 8","M1 26"
"417",0.883221128948731,443,"Mojave","M1",27,"ephedra",2.1819,220,180,105,6,0,32,15,0,85,NA,NA,NA,NA,NA,NA,"july.6","a lot of branches but they don't touch ground",0.067,40.5,3.52750809061489,"Arid 8","M1 27"
"419",1,446,"Mojave","M1",28,"ephedra",1.3746,190,170,115,1,1,28,5,0,95,NA,NA,NA,NA,NA,NA,"july.6",NA,0.067,40.5,3.52750809061489,"Arid 8","M1 28"
"421",1,449,"Mojave","M1",29,"ephedra",4.7343,220,145,95,0,0,37,35,0,65,NA,NA,NA,NA,NA,NA,"july.6",NA,0.067,40.5,3.52750809061489,"Arid 8","M1 29"
"423",-1,452,"Mojave","M1",30,"ephedra",0,260,145,100,0,0,36,30,0,70,NA,NA,NA,"Y","july.4","july.7","july.7",NA,0.067,40.5,3.52750809061489,"Arid 8","M1 30"
"425",0.370878103001111,455,"Mojave","M2",1,"ephedra",0.185,115,55,65,0,0,6,5,0,95,NA,NA,NA,NA,NA,NA,"july.7",NA,0.0346,39.2,4.54545454545455,"Arid 7","M2 1"
"427",-0.468742489384998,458,"Mojave","M2",2,"ephedra",0.9947,255,210,115,0,0,24,10,0,90,NA,NA,NA,"Y","july.4","july.7","july.7",NA,0.0346,39.2,4.54545454545455,"Arid 7","M2 2"
"429",1,461,"Mojave","M2",3,"ephedra",2.3849,265,255,140,2,0,20,20,0,80,NA,NA,NA,NA,NA,NA,"july.7",NA,0.0346,39.2,4.54545454545455,"Arid 7","M2 3"
"431",0.834734538753887,464,"Mojave","M2",4,"ephedra",1.5931,180,180,100,0,0,26,25,0,75,NA,NA,NA,NA,NA,NA,"july.7",NA,0.0346,39.2,4.54545454545455,"Arid 7","M2 4"
"433",0.660281690140845,467,"Mojave","M2",5,"ephedra",1.7682,120,105,70,0,0,29,15,0,85,NA,NA,NA,NA,NA,NA,"july.7",NA,0.0346,39.2,4.54545454545455,"Arid 7","M2 5"
"435",0.910015538917926,470,"Mojave","M2",6,"ephedra",1.3521,200,200,110,0,0,23,20,0,80,NA,NA,NA,"Y","july.4","july.7","july.7",NA,0.0346,39.2,4.54545454545455,"Arid 7","M2 6"
"437",0.729833057219319,473,"Mojave","M2",7,"ephedra",4.0722,235,200,135,0,0,40,35,0,65,NA,NA,NA,NA,NA,NA,"july.7",NA,0.0346,39.2,4.54545454545455,"Arid 7","M2 7"
"439",1,476,"Mojave","M2",8,"ephedra",1.118,305,205,130,1,0,26,20,0,80,NA,NA,NA,NA,NA,NA,"july.7",NA,0.0346,39.2,4.54545454545455,"Arid 7","M2 8"
"441",1,479,"Mojave","M2",9,"ephedra",5.4802,155,115,100,1,0,29,35,0,65,NA,NA,NA,NA,NA,NA,"july.7",NA,0.0346,39.2,4.54545454545455,"Arid 7","M2 9"
"443",1,482,"Mojave","M2",10,"ephedra",0.9115,315,180,130,0,0,27,20,0,80,NA,NA,NA,"Y","july.4","july.7","july.7",NA,0.0346,39.2,4.54545454545455,"Arid 7","M2 10"
"445",0.589300966509328,485,"Mojave","M2",11,"ephedra",1.7677,225,215,110,0,0,19,20,0,80,NA,NA,NA,NA,NA,NA,"july.7",NA,0.0346,39.2,4.54545454545455,"Arid 7","M2 11"
"447",0.999762385648093,488,"Mojave","M2",12,"ephedra",0.8416,155,135,95,0,0,16,10,0,90,NA,NA,NA,NA,NA,NA,"july.7",NA,0.0346,39.2,4.54545454545455,"Arid 7","M2 12"
"449",0.518239585784891,491,"Mojave","M2",13,"ephedra",0.6451,205,150,125,0,1,22,15,0,85,NA,NA,NA,NA,NA,NA,"july.7",NA,0.0346,39.2,4.54545454545455,"Arid 7","M2 13"
"451",0.598803772716816,494,"Mojave","M2",14,"ephedra",0.3475,220,190,110,0,0,29,25,0,75,NA,NA,NA,"Y","july.4","july.7","july.7",NA,0.0346,39.2,4.54545454545455,"Arid 7","M2 14"
"453",1,497,"Mojave","M2",15,"ephedra",2.0914,225,225,105,0,1,29,25,0,75,NA,NA,NA,NA,NA,NA,"july.7",NA,0.0346,39.2,4.54545454545455,"Arid 7","M2 15"
"455",0.972325179145046,500,"Mojave","M2",16,"ephedra",3.1928,190,160,95,0,0,28,25,0,75,NA,NA,NA,NA,NA,NA,"july.7",NA,0.0346,39.2,4.54545454545455,"Arid 7","M2 16"
"457",1,503,"Mojave","M2",17,"ephedra",3.4664,165,145,115,0,0,28,25,0,75,NA,NA,NA,NA,NA,NA,"july.7",NA,0.0346,39.2,4.54545454545455,"Arid 7","M2 17"
"459",0.34591401378405,506,"Mojave","M2",18,"ephedra",0.8202,185,175,85,0,0,28,35,0,65,NA,NA,NA,"Y","july.5","july.8","july.8",NA,0.0346,39.2,4.54545454545455,"Arid 7","M2 18"
"461",0.854025814382299,509,"Mojave","M2",19,"ephedra",3.0165,245,190,115,2,0,3,20,0,80,NA,NA,NA,NA,NA,NA,"july.7",NA,0.0346,39.2,4.54545454545455,"Arid 7","M2 19"
"463",0.922918992904225,512,"Mojave","M2",20,"ephedra",2.6693,180,170,95,0,0,28,30,0,70,NA,NA,NA,NA,NA,NA,"july.7",NA,0.0346,39.2,4.54545454545455,"Arid 7","M2 20"
"465",0.491823511261956,515,"Mojave","M2",21,"ephedra",0.4835,140,115,110,0,0,21,2,0,53,45,NA,NA,NA,NA,NA,"july.7",NA,0.0346,39.2,4.54545454545455,"Arid 7","M2 21"
"467",0.0453377582699925,518,"Mojave","M2",22,"ephedra",1.9529,170,120,75,0,0,24,20,0,80,NA,NA,NA,"N","july.5","july.8","july.8","pitfall out",0.0346,39.2,4.54545454545455,"Arid 7","M2 22"
"469",-0.477179929226023,521,"Mojave","M2",23,"ephedra",0.2881,110,110,85,0,2,16,15,0,85,NA,NA,NA,NA,NA,NA,"july.7",NA,0.0346,39.2,4.54545454545455,"Arid 7","M2 23"
"471",0.328166858017604,524,"Mojave","M2",24,"ephedra",1.3882,130,80,100,0,0,25,25,0,75,NA,NA,NA,NA,NA,NA,"july.7",NA,0.0346,39.2,4.54545454545455,"Arid 7","M2 24"
"473",0.802472565634116,527,"Mojave","M2",25,"ephedra",1.9464,220,145,115,1,0,26,30,0,70,NA,NA,NA,NA,NA,NA,"july.7",NA,0.0346,39.2,4.54545454545455,"Arid 7","M2 25"
"475",0.576898648035568,530,"Mojave","M2",26,"ephedra",1.7379,130,130,110,0,0,13,25,0,75,NA,NA,NA,"Y","july.5","july.8","july.8",NA,0.0346,39.2,4.54545454545455,"Arid 7","M2 26"
"477",0.645761145761146,533,"Mojave","M2",27,"ephedra",1.4249,190,185,95,0,0,14,25,0,75,NA,NA,NA,NA,NA,NA,"july.7",NA,0.0346,39.2,4.54545454545455,"Arid 7","M2 27"
"479",1,536,"Mojave","M2",28,"ephedra",1.2152,260,220,155,0,0,28,8,0,92,NA,NA,NA,NA,NA,NA,"july.7",NA,0.0346,39.2,4.54545454545455,"Arid 7","M2 28"
"481",0.382135950146838,539,"Mojave","M2",29,"ephedra",0.9648,110,95,70,0,0,15,6,0,94,NA,NA,NA,NA,NA,NA,"july.7",NA,0.0346,39.2,4.54545454545455,"Arid 7","M2 29"
"483",0.868531682335856,542,"Mojave","M2",30,"ephedra",1.2223,210,170,130,0,0,20,10,0,65,25,NA,NA,"Y","july.5","july.8","july.8",NA,0.0346,39.2,4.54545454545455,"Arid 7","M2 30"
"485",0.778918548939083,545,"Mojave","M3",1,"ephedra",0.7797,245,145,120,0,2,20,5,0,95,NA,NA,NA,NA,NA,NA,"july.8",NA,0.0229,40.1,2.6962457337884,"Arid 9","M3 1"
"487",0.0430622009569378,548,"Mojave","M3",2,"ephedra",0.0436,215,180,110,1,0,8,3,0,97,NA,NA,NA,"Y","july.5","july.8","july.8",NA,0.0229,40.1,2.6962457337884,"Arid 9","M3 2"
"489",1,551,"Mojave","M3",3,"ephedra",1.2947,175,120,80,1,1,29,5,0,95,NA,NA,NA,NA,NA,NA,"july.8",NA,0.0229,40.1,2.6962457337884,"Arid 9","M3 3"
"491",-0.330902461257976,554,"Mojave","M3",4,"ephedra",0.1101,195,145,105,0,0,13,5,0,95,NA,NA,NA,NA,NA,NA,"july.8",NA,0.0229,40.1,2.6962457337884,"Arid 9","M3 4"
"493",1,557,"Mojave","M3",5,"ephedra",0.1489,140,115,80,0,0,11,4,0,96,NA,NA,NA,NA,NA,NA,"july.8",NA,0.0229,40.1,2.6962457337884,"Arid 9","M3 5"
"495",-0.134557495484648,560,"Mojave","M3",6,"ephedra",0.2875,140,95,65,0,0,6,8,0,47,45,NA,NA,"Y","july.5","july.8","july.8",NA,0.0229,40.1,2.6962457337884,"Arid 9","M3 6"
"497",1,563,"Mojave","M3",7,"ephedra",0.7204,115,65,60,0,0,6,10,0,90,NA,NA,NA,NA,NA,NA,"july.8",NA,0.0229,40.1,2.6962457337884,"Arid 9","M3 7"
"499",0.698283767850124,566,"Mojave","M3",8,"ephedra",2.5926,75,40,55,0,0,17,10,0,90,NA,NA,NA,NA,NA,NA,"july.8",NA,0.0229,40.1,2.6962457337884,"Arid 9","M3 8"
"501",0.852631578947368,569,"Mojave","M3",9,"ephedra",0.352,75,60,55,0,0,22,10,0,90,NA,NA,NA,NA,NA,NA,"july.8",NA,0.0229,40.1,2.6962457337884,"Arid 9","M3 9"
"503",0.939163850178249,572,"Mojave","M3",10,"ephedra",2.0942,135,55,55,0,0,16,30,0,70,NA,NA,NA,"Y","july.5","july.8","july.8",NA,0.0229,40.1,2.6962457337884,"Arid 9","M3 10"
"505",0.608706656542647,575,"Mojave","M3",11,"ephedra",0.9534,145,140,80,0,0,28,20,0,80,NA,NA,NA,NA,NA,NA,"july.8",NA,0.0229,40.1,2.6962457337884,"Arid 9","M3 11"
"507",0.814789408698038,578,"Mojave","M3",12,"ephedra",0.6614,110,85,55,0,1,5,15,0,85,NA,NA,NA,NA,NA,NA,"july.8",NA,0.0229,40.1,2.6962457337884,"Arid 9","M3 12"
"509",0.55361397934869,581,"Mojave","M3",13,"ephedra",0.2934,85,55,60,0,0,28,5,0,95,NA,NA,NA,NA,NA,NA,"july.8",NA,0.0229,40.1,2.6962457337884,"Arid 9","M3 13"
"511",1,584,"Mojave","M3",14,"ephedra",0.2098,135,115,85,0,0,4,61,0,14,25,NA,NA,"Y","july.5","july.8","july.8",NA,0.0229,40.1,2.6962457337884,"Arid 9","M3 14"
"513",0.800248481501933,587,"Mojave","M3",15,"ephedra",2.6082,75,60,55,0,0,19,15,0,85,NA,NA,NA,NA,NA,NA,"july.8",NA,0.0229,40.1,2.6962457337884,"Arid 9","M3 15"
"515",0.889129562775772,590,"Mojave","M3",16,"ephedra",1.1774,115,95,65,0,0,20,20,0,80,NA,NA,NA,NA,NA,NA,"july.8",NA,0.0229,40.1,2.6962457337884,"Arid 9","M3 16"
"517",0.931098149469179,593,"Mojave","M3",17,"ephedra",2.301,100,85,75,0,0,24,15,0,85,NA,NA,NA,NA,NA,NA,"july.8",NA,0.0229,40.1,2.6962457337884,"Arid 9","M3 17"
"519",1,596,"Mojave","M3",18,"ephedra",0.3958,95,60,55,0,0,14,15,0,85,NA,NA,NA,"Y","july.5","july.8","july.8",NA,0.0229,40.1,2.6962457337884,"Arid 9","M3 18"
"521",0.902682741392419,599,"Mojave","M3",19,"ephedra",0.8759,85,60,55,0,0,25,15,0,85,NA,NA,NA,NA,NA,NA,"july.8",NA,0.0229,40.1,2.6962457337884,"Arid 9","M3 19"
"523",1,602,"Mojave","M3",20,"ephedra",2.1173,115,105,50,2,3,20,15,0,85,NA,NA,NA,NA,NA,NA,"july.8",NA,0.0229,40.1,2.6962457337884,"Arid 9","M3 20"
"525",0.745201753060299,605,"Mojave","M3",21,"ephedra",0.5774,125,85,70,0,0,21,15,0,85,NA,NA,NA,NA,NA,NA,"july.8",NA,0.0229,40.1,2.6962457337884,"Arid 9","M3 21"
"527",1,608,"Mojave","M3",22,"ephedra",0.3622,105,85,70,0,0,4,8,0,92,NA,NA,NA,"Y","july.5","july.8","july.8",NA,0.0229,40.1,2.6962457337884,"Arid 9","M3 22"
"529",1,611,"Mojave","M3",23,"ephedra",0.1757,155,115,80,2,0,12,10,0,90,NA,NA,NA,NA,NA,NA,"july.8",NA,0.0229,40.1,2.6962457337884,"Arid 9","M3 23"
"531",1,614,"Mojave","M3",24,"ephedra",1.2513,100,60,60,0,0,16,4,0,96,NA,NA,NA,NA,NA,NA,"july.8",NA,0.0229,40.1,2.6962457337884,"Arid 9","M3 24"
"533",0.468039683536356,617,"Mojave","M3",25,"ephedra",0.5845,75,55,65,0,0,6,10,0,90,NA,NA,NA,NA,NA,NA,"july.8",NA,0.0229,40.1,2.6962457337884,"Arid 9","M3 25"
"535",0.605337383380343,620,"Mojave","M3",26,"ephedra",0.7399,85,55,65,0,0,12,10,0,90,NA,NA,NA,"Y","july.5","july.8","july.8",NA,0.0229,40.1,2.6962457337884,"Arid 9","M3 26"
"537",0.793610760823876,623,"Mojave","M3",27,"ephedra",0.8534,75,55,45,2,1,16,15,0,85,NA,NA,NA,NA,NA,NA,"july.8",NA,0.0229,40.1,2.6962457337884,"Arid 9","M3 27"
"539",0.796495606509645,626,"Mojave","M3",28,"ephedra",1.7276,135,125,70,0,0,22,10,0,55,35,NA,NA,NA,NA,NA,"july.8",NA,0.0229,40.1,2.6962457337884,"Arid 9","M3 28"
"541",0.514522197140707,629,"Mojave","M3",29,"ephedra",0.5032,105,85,65,0,0,23,20,0,80,NA,NA,NA,NA,NA,NA,"july.8",NA,0.0229,40.1,2.6962457337884,"Arid 9","M3 29"
"543",-1,632,"Mojave","M3",30,"ephedra",0,180,135,85,1,0,22,15,0,85,NA,NA,NA,"Y","july.5","july.8","july.8",NA,0.0229,40.1,2.6962457337884,"Arid 9","M3 30"
