,Region,Site,Microsite,Rep,location,Quantity,Order,Family,Subfamily,Genus,Species,highest.rtu
457,Panoche,PAN3,ephedra,36,ethanol,1,Araneae,Agelenidae,NA,Hololena,NA,Hololena 1
456,Panoche,PAN2,ephedra,11,NA,1,Araneae,Agelenidae,NA,Hololena,NA,Hololena 1
2,Panoche,PAN2,open,15,ethanol,1,Araneae,Agelenidae,NA,NA,NA,Agelenidae 1
144,Cuyama,C1,open,18,voucher,1,Araneae,Gnaphosidae,NA,Callilepus,gosoga,Callilepus gosoga
145,Cuyama,C2,open,2,ethanol,1,Araneae,Gnaphosidae,NA,Callilepus,gosoga,Callilepus gosoga
146,Cuyama,C2,open,2,ethanol,1,Araneae,Gnaphosidae,NA,Callilepus,gosoga,Callilepus gosoga
147,Cuyama,C2,open,14,ethanol,1,Araneae,Gnaphosidae,NA,Callilepus,gosoga,Callilepus gosoga
148,Cuyama,C2,open,18,ethanol,1,Araneae,Gnaphosidae,NA,Callilepus,gosoga,Callilepus gosoga
149,Cuyama,C2,open,22,ethanol,1,Araneae,Gnaphosidae,NA,Callilepus,gosoga,Callilepus gosoga
150,Cuyama,C2,ephedra,6,ethanol,1,Araneae,Gnaphosidae,NA,Callilepus,gosoga,Callilepus gosoga
151,Cuyama,C2,ephedra,10,ethanol,3,Araneae,Gnaphosidae,NA,Callilepus,gosoga,Callilepus gosoga
152,Cuyama,C2,ephedra,18,ethanol,4,Araneae,Gnaphosidae,NA,Callilepus,gosoga,Callilepus gosoga
153,Cuyama,C2,ephedra,22,ethanol,2,Araneae,Gnaphosidae,NA,Callilepus,gosoga,Callilepus gosoga
154,Cuyama,C3,open,22,ethanol,1,Araneae,Gnaphosidae,NA,Callilepus,gosoga,Callilepus gosoga
155,Panoche,PAN2,ephedra,32,ethanol,1,Araneae,Gnaphosidae,NA,Callilepus,gosoga,Callilepus gosoga
156,Panoche,PAN3,open,12,ethanol,1,Araneae,Gnaphosidae,NA,Callilepus,gosoga,Callilepus gosoga
157,Panoche,PAN3,open,23,ethanol,1,Araneae,Gnaphosidae,NA,Callilepus,gosoga,Callilepus gosoga
305,Cuyama,C1,ephedra,2,ethanol,1,Araneae,Gnaphosidae,NA,Drassylus,insularis,Drassylus insularis
306,Cuyama,C2,open,29,ethanol,1,Araneae,Gnaphosidae,NA,Drassylus,insularis,Drassylus insularis
307,Cuyama,C2,ephedra,14,ethanol,1,Araneae,Gnaphosidae,NA,Drassylus,insularis,Drassylus insularis
308,Cuyama,C3,ephedra,2,ethanol,1,Araneae,Gnaphosidae,NA,Drassylus,insularis,Drassylus insularis
309,Mojave,M1,ephedra,30,ethanol,1,Araneae,Gnaphosidae,NA,Drassylus,insularis,Drassylus insularis
427,Panoche,PAN1,ephedra,30,ethanol,1,Araneae,Gnaphosidae,NA,Gnaphosa,californica,Gnaphosa californica
428,Panoche,PAN3,open,12,ethanol,1,Araneae,Gnaphosidae,NA,Gnaphosa,californica,Gnaphosa californica
597,Cuyama,C1,open,6,ethanol,1,Araneae,Gnaphosidae,NA,Micaria,deserticola,Micaria deserticola
598,Cuyama,C1,ephedra,26,ethanol,1,Araneae,Gnaphosidae,NA,Micaria,deserticola,Micaria deserticola
599,Cuyama,C2,ephedra,10,ethanol,1,Araneae,Gnaphosidae,NA,Micaria,deserticola,Micaria deserticola
600,Cuyama,C3,open,26,ethanol,1,Araneae,Gnaphosidae,NA,Micaria,deserticola,Micaria deserticola
601,Cuyama,C1,ephedra,18,ethanol,1,Araneae,Gnaphosidae,NA,Micaria,jeanae,Micaria jeanae
602,Cuyama,C2,ephedra,2,ethanol,2,Araneae,Gnaphosidae,NA,Micaria,jeanae,Micaria jeanae
603,Cuyama,C2,ephedra,22,ethanol,1,Araneae,Gnaphosidae,NA,Micaria,jeanae,Micaria jeanae
873,Cuyama,C1,ephedra,26,ethanol,1,Araneae,Gnaphosidae,NA,Scopoides,NA,Scopoides
874,Cuyama,C2,ephedra,6,ethanol,1,Araneae,Gnaphosidae,NA,Scopoides,NA,Scopoides
875,Cuyama,C2,ephedra,22,ethanol,1,Araneae,Gnaphosidae,NA,Scopoides,NA,Scopoides
876,Panoche,PAN3,ephedra,32,ethanol,1,Araneae,Gnaphosidae,NA,Scopoides,NA,Scopoides
69,Panoche,PAN3,ephedra,23,ethanol,1,Araneae,Liocranidae,NA,Apostenus,californicus,Apostenus californicus
651,Cuyama,C2,open,22,ethanol,1,Araneae,Liocranidae,NA,Neoanagraphis,chamberlini,Neoanagraphis chamberlini
652,Panoche,PAN1,open,5,ethanol,1,Araneae,Liocranidae,NA,Neoanagraphis,chamberlini,Neoanagraphis chamberlini
653,Panoche,PAN1,open,26,separated,1,Araneae,Liocranidae,NA,Neoanagraphis,chamberlini,Neoanagraphis chamberlini
654,Panoche,PAN1,ephedra,13,ethanol,1,Araneae,Liocranidae,NA,Neoanagraphis,chamberlini,Neoanagraphis chamberlini
655,Panoche,PAN1,ephedra,38,ethanol,1,Araneae,Liocranidae,NA,Neoanagraphis,chamberlini,Neoanagraphis chamberlini
657,Panoche,PAN3,open,32,ethanol,1,Araneae,Liocranidae,NA,Neoanagraphis,chamberlini,Neoanagraphis chamberlini
656,Panoche,PAN3,open,6,ethanol,1,Araneae,Liocranidae,NA,Neonographis,chamberlini,Neoanagraphis chamberlini
13,Cuyama,C2,ephedra,26,ethanol,1,Araneae,Lycosidae,NA,Alopecosa,kochi,Alopecosa kochi
14,Cuyama,C3,ephedra,2,ethanol,3,Araneae,Lycosidae,NA,Alopecosa,kochi,Alopecosa kochi
15,Cuyama,C3,ephedra,9,ethanol,2,Araneae,Lycosidae,NA,Alopecosa,kochi,Alopecosa kochi
16,Cuyama,C3,ephedra,29,ethanol,1,Araneae,Lycosidae,NA,Alopecosa,kochi,Alopecosa kochi
17,Panoche,PAN1,ephedra,26,ethanol,1,Araneae,Lycosidae,NA,Alopecosa,kochi,Alopecosa kochi
18,Panoche,PAN1,ephedra,30,ethanol,1,Araneae,Lycosidae,NA,Alopecosa,kochi,Alopecosa kochi
19,Panoche,PAN2,ephedra,32,ethanol,1,Araneae,Lycosidae,NA,Alopecosa,kochi,Alopecosa kochi
20,Panoche,PAN3,ephedra,12,ethanol,1,Araneae,Lycosidae,NA,Alopecosa,kochi,Alopecosa kochi
21,Panoche,PAN3,ephedra,23,ethanol,1,Araneae,Lycosidae,NA,Alopecosa,kochi,Alopecosa kochi
22,Panoche,PAN3,ephedra,40,ethanol,1,Araneae,Lycosidae,NA,Alopecosa,kochi,Alopecosa kochi
868,Panoche,PAN1,ephedra,5,ethanol,1,Araneae,Lycosidae,NA,Schizocosa ,mccooki ,Schizocosa mccooki
869,Panoche,PAN1,ephedra,13,ethanol,1,Araneae,Lycosidae,NA,Schizocosa ,mccooki,Schizocosa mccooki
372,Cuyama,C2,open,14,ethanol,1,Araneae,Oonopidae,NA,Escaphiella,hespera,Escaphiella hespera
373,Panoche,PAN3,ephedra,12,ethanol,1,Araneae,Oonopidae,NA,Escaphiella,hespera,Escaphiella hespera
685,Cuyama,C1,ephedra,30,ethanol,1,Araneae,Oxyopidae,NA,Oxyopes,tridens,Oxyopes tridens
686,Mojave,M2,ephedra,26,ethanol,1,Araneae,Oxyopidae,NA,Oxyopes,tridens,Oxyopes tridens
687,Mojave,M2,ephedra,30,ethanol,2,Araneae,Oxyopidae,NA,Oxyopes,tridens,Oxyopes tridens
688,Mojave,M2,open,18,ethanol,1,Araneae,Oxyopidae,NA,Oxyopes,tridens,Oxyopes tridens
689,Mojave,M2,open,26,ethanol,1,Araneae,Oxyopidae,NA,Oxyopes,tridens,Oxyopes tridens
843,Mojave,M1,open,26,ethanol,1,Araneae,Pholcidae,NA,Psilchorus,utahensis,Psilochorus utahensis
812,Cuyama,C3,ephedra,9,ethanol,3,Araneae,Pholcidae,NA,Psilochorus,californiae,Psilochorus californiae
813,Cuyama,C3,ephedra,14,ethanol,2,Araneae,Pholcidae,NA,Psilochorus,californiae,Psilochorus californiae
814,Cuyama,C3,ephedra,26,ethanol,1,Araneae,Pholcidae,NA,Psilochorus,californiae,Psilochorus californiae
815,Panoche,PAN1,open,38,ethanol,2,Araneae,Pholcidae,NA,Psilochorus,californiae,Psilochorus californiae
816,Panoche,PAN1,open,30,ethanol,1,Araneae,Pholcidae,NA,Psilochorus,californiae,Psilochorus californiae
817,Panoche,PAN1,ephedra,9,ethanol,1,Araneae,Pholcidae,NA,Psilochorus,californiae,Psilochorus californiae
818,Panoche,PAN1,ephedra,34,ethanol,1,Araneae,Pholcidae,NA,Psilochorus,californiae,Psilochorus californiae
819,Panoche,PAN2,open,11,ethanol,2,Araneae,Pholcidae,NA,Psilochorus,californiae,Psilochorus californiae
820,Panoche,PAN2,open,24,NA,1,Araneae,Pholcidae,NA,Psilochorus,californiae,Psilochorus californiae
821,Panoche,PAN2,ephedra,15,ethanol,1,Araneae,Pholcidae,NA,Psilochorus,californiae,Psilochorus californiae
822,Panoche,PAN3,open,6,ethanol,1,Araneae,Pholcidae,NA,Psilochorus,californiae,Psilochorus californiae
823,Panoche,PAN3,open,16,ethanol,1,Araneae,Pholcidae,NA,Psilochorus,californiae,Psilochorus californiae
824,Panoche,PAN3,open,19,ethanol,1,Araneae,Pholcidae,NA,Psilochorus,californiae,Psilochorus californiae
825,Panoche,PAN3,open,23,ethanol,2,Araneae,Pholcidae,NA,Psilochorus,californiae,Psilochorus californiae
826,Panoche,PAN3,open,28,ethanol,2,Araneae,Pholcidae,NA,Psilochorus,californiae,Psilochorus californiae
827,Panoche,PAN3,open,32,ethanol,1,Araneae,Pholcidae,NA,Psilochorus,californiae,Psilochorus californiae
828,Panoche,PAN3,open,40,ethanol,1,Araneae,Pholcidae,NA,Psilochorus,californiae,Psilochorus californiae
829,Panoche,PAN3,ephedra,8,ethanol,1,Araneae,Pholcidae,NA,Psilochorus,calforniae,Psilochorus californiae
830,Panoche,PAN3,ephedra,28,ethanol,2,Araneae,Pholcidae,NA,Psilochorus,californiae,Psilochorus californiae
831,Panoche,PAN3,ephedra,36,ethanol,2,Araneae,Pholcidae,NA,Psilochorus,californiae,Psilochorus californiae
832,Panoche,PAN3,ephedra,40,ethanol,1,Araneae,Pholcidae,NA,Psilochorus,californiae,Psilochorus californiae
833,Cuyama,C1,ephedra,2,ethanol,1,Araneae,Pholcidae,NA,Psilochorus,utahensis,Psilochorus utahensis
834,Cuyama,C1,ephedra,30,ethanol,4,Araneae,Pholcidae,NA,Psilochorus,utahensis,Psilochorus utahensis
835,Cuyama,C2,open,10,ethanol,1,Araneae,Pholcidae,NA,Psilochorus,utahensis,Psilochorus utahensis
836,Cuyama,C2,ephedra,2,ethanol,2,Araneae,Pholcidae,NA,Psilochorus,utahensis,Psilochorus utahensis
837,Cuyama,C2,ephedra,14,ethanol,1,Araneae,Pholcidae,NA,Psilochorus,utahensis,Psilochorus utahensis
838,Cuyama,C2,ephedra,14,ethanol,2,Araneae,Pholcidae,NA,Psilochorus,utahensis,Psilochorus utahensis
839,Cuyama,C3,open,29,ethanol,1,Araneae,Pholcidae,NA,Psilochorus,utahensis,Psilochorus utahensis
840,Mojave,M1,ephedra,18,ethanol,1,Araneae,Pholcidae,NA,Psilochorus,utahensis,Psilochorus utahensis
841,Mojave,M1,ephedra,22,ethanol,1,Araneae,Pholcidae,NA,Psilochorus,utahensis,Psilochorus utahensis
842,Mojave,M1,ephedra,30,ethanol,2,Araneae,Pholcidae,NA,Psilochorus,utahensis,Psilochorus utahensis
844,Mojave,M2,ephedra,30,ethanol,1,Araneae,Pholcidae,NA,Psilochorus,utahensis,Psilochorus utahensis
845,Mojave,M3,ephedra,2,ethanol,1,Araneae,Pholcidae,NA,Psilochorus,utahensis,Psilochorus utahensis
846,Mojave,M3,ephedra,18,ethanol,2,Araneae,Pholcidae,NA,Psilochorus,utahensis,Psilochorus utahensis
847,Mojave,M3,ephedra,22,ethanol,1,Araneae,Pholcidae,NA,Psilochorus,utahensis,Psilochorus utahensis
848,Mojave,M3,open,2,ethanol,1,Araneae,Pholcidae,NA,Psilochorus,utahensis,Psilochorus utahensis
473,Panoche,PAN1,ephedra,17,ethanol,1,Araneae,Plectreuridae,NA,Kibramoa,madrona,Kibramoa madrona
474,Panoche,PAN2,ephedra,24,NA,1,Araneae,Plectreuridae,NA,Kibramoa,madrona,Kibramoa madrona
778,Cuyama,C3,ephedra,2,ethanol,1,Araneae,Plectreuridae,NA,Plectreurys,NA,Plectreurys
854,Panoche,PAN3,ephedra,12,ethanol,1,Araneae,Salticidae,NA,NA,NA,Salticidae 1
855,Cuyama,C2,open,2,ethanol,1,Araneae,Salticidae,NA,NA,NA,Salticidae 2
856,Cuyama,C2,ephedra,2,ethanol,1,Araneae,Salticidae,NA,NA,NA,Salticidae 3
857,Mojave,M2,ephedra,2,ethanol,1,Araneae,Salticidae,NA,NA,NA,Salticidae 4
858,Mojave,M1,open,14,ethanol,1,Araneae,Salticidae,NA,NA,NA,Salticidae 5
487,Mojave,M2,ephedra,30,ethanol,1,Araneae,Sicariidae,NA,Loxosceles,deserta,Loxosceles deserta
488,Panoche,PAN2,open,6,ethanol,1,Araneae,Sicariidae,NA,Loxosceles,deserta,Loxosceles deserta
489,Panoche,PAN2,ephedra,11,NA,3,Araneae,Sicariidae,NA,Loxosceles,deserta,Loxosceles deserta
476,Cuyama,C1,open,18,ethanol,1,Araneae,Theridiidae,NA,Latrodectus,hesperus,Latrodectus hesperus
477,Cuyama,C1,open,10,ethanol,1,Araneae,Theridiidae,NA,Latrodectus,hesperus,Latrodectus hesperus
478,Cuyama,C2,open,18,ethanol,1,Araneae,Theridiidae,NA,Latrodectus,hesperus,Latrodectus hesperus
975,Cuyama,C2,ephedra,6,ethanol,1,Araneae,Thomisidae,NA,Xysticus,NA,Xysticus
976,Cuyama,C2,ephedra,10,ethanol,1,Araneae,Thomisidae,NA,Xysticus,NA,Xysticus
977,Cuyama,C3,open,9,ethanol,1,Araneae,Thomisidae,NA,Xysticus,NA,Xysticus
978,Cuyama,C3,ephedra,18,ethanol,1,Araneae,Thomisidae,NA,Xysticus,NA,Xysticus
979,Cuyama,C3,ephedra,26,ethanol,2,Araneae,Thomisidae,NA,Xysticus,NA,Xysticus
980,Panoche,PAN1,ephedra,1,ethanol,1,Araneae,Thomisidae,NA,Xysticus,NA,Xysticus
946,Cuyama,C1,ephedra,14,ethanol,1,Araneae,Zoropsidae,NA,Titionus,NA,Titionus
143,Cuyama,C3,ephedra,26,pinned,1,Coleoptera,Carabidae,NA,Calathus,ruficollis,Calathus ruficollis
852,Cuyama,C2,ephedra,18,pinned,1,Coleoptera,Carabidae,NA,Pterostichus,NA,Pterostichus
936,Mojave,M1,open,26,pinned,1,Coleoptera,Carabidae,NA,Tetragonoderus,pallidus,Tetragonoderus pallidus
935,Cuyama,C2,ephedra,14,pinned,1,Coleoptera,Carabidae,NA,Tetragonoderus ,pallidus,Tetragonoderus pallidus
1,Mojave,M2,open,14,pinned,1,Coleoptera,Cerambycidae ,NA,Aethecerinus ,latecinctus,"Aethecerinus latecinctus
"
776,Cuyama,C1,open,6,pinned,1,Coleoptera,Chrysomelidae,NA,Phyllotreta ,NA,Phyllotreta 
469,Cuyama,C1,open,30,ethanol,5,Coleoptera,Coccinelidae,NA,Hyperaspidius,NA,Hyperaspidius
939,Panoche,PAN2,open,24,pinned,1,Coleoptera,Curcolionidae,Entiminae,Thinoxenus,squalens,Thinoxenus squalens
940,Panoche,PAN2,ephedra,6,pinned,1,Coleoptera,Curcolionidae,Entiminae,Thinoxenus,squalens,Thinoxenus squalens
941,Panoche,PAN2,ephedra,32,NA,1,Coleoptera,Curcolionidae,Entiminae,Thinoxenus,squalens,Thinoxenus squalens
942,Panoche,PAN3,ephedra,8,ethanol,1,Coleoptera,Curcolionidae,Entiminae,Thinoxenus,squalens,Thinoxenus squalens
943,Panoche,PAN3,ephedra,16,pinned,1,Coleoptera,Curcolionidae,Entiminae,Thinoxenus,squalens,Thinoxenus squalens
944,Panoche,PAN3,ephedra,23,ethanol,1,Coleoptera,Curcolionidae,Entiminae,Thinoxenus,squalens,Thinoxenus squalens
945,Panoche,PAN3,ephedra,28,pinned,1,Coleoptera,Curcolionidae,Entiminae,Thinoxenus,squalens,Thinoxenus squalens
965,Cuyama,C1,open,2,pinned,1,Coleoptera,Dermestidae,NA,Trogoderma,NA,Trogoderma
458,Cuyama,C3,ephedra,29,ethanol,1,Coleoptera,Elateridae,NA,Horistonotus,simplex,Horistonotus simplex
459,Mojave,M1,ephedra,14,ethanol,1,Coleoptera,Elateridae,NA,Horistonotus,simplex,Horistonotus simplex
460,Mojave,M1,ephedra,22,ethanol,1,Coleoptera,Elateridae,NA,Horistonotus,simplex,Horistonotus simplex
461,Mojave,M1,open,14,ethanol,1,Coleoptera,Elateridae,NA,Horistonotus,simplex,Horistonotus simplex
462,Mojave,M1,open,18,ethanol,1,Coleoptera,Elateridae,NA,Horistonotus,simplex,Horistonotus simplex
463,Mojave,M1,open,22,ethanol,1,Coleoptera,Elateridae,NA,Horistonotus,simplex,Horistonotus simplex
464,Mojave,M2,ephedra,2,ethanol,1,Coleoptera,Elateridae,NA,Horistonotus,simplex,Horistonotus simplex
465,Mojave,M2,open,2,ethanol,1,Coleoptera,Elateridae,NA,Horistonotus,simplex,Horistonotus simplex
466,Mojave,M2,open,18,ethanol,1,Coleoptera,Elateridae,NA,Horistonotus,simplex,Horistonotus simplex
467,Mojave,M2,open,22,ethanol,1,Coleoptera,Elateridae,NA,Horistonotus,simplex,Horistonotus simplex
673,Panoche,PAN1,ephedra,13,ethanol,1,Coleoptera,Elateridae,NA,Octinodes,amplichollis,Octinodes amplicollis
453,Mojave,M1,ephedra,10,ethanol,1,Coleoptera,Histeridae,NA,NA,NA,Histeridae
454,Mojave,M1,open,30,1 pinned,2,Coleoptera,Histeridae,NA,NA,NA,Histeridae
455,Mojave,M2,open,14,pinned,1,Coleoptera,Histeridae,NA,NA,NA,Histeridae
81,Cuyama,C3,open,2,ethanol,1,Coleoptera,Melyridae,NA,Attalus,NA,Attalus
966,Cuyama,C1,open,6,pinned,1,Coleoptera,Mycetophagidae,NA,Typhaea,stercorea,Typhaea stercorea
967,Cuyama,C1,ephedra,6,ethanol,2,Coleoptera,Mycetophagidae,NA,Typhaea,stercorea,Typhaea stercorea
968,Cuyama,C2,open,26,ethanol,1,Coleoptera,Mycetophagidae,NA,Typhaea,stercorea,Typhaea stercorea
969,Cuyama,C2,ephedra,29,ethanol,1,Coleoptera,Mycetophagidae,NA,Typhaea,stercorea,Typhaea stercorea
970,Cuyama,C3,ephedra,2,ethanol,1,Coleoptera,Mycetophagidae,NA,Typhaea,stercorea,Typhaea stercorea
971,Mojave,M1,open,10,ethanol,1,Coleoptera,Mycetophagidae,NA,Typhaea,stercorea,Typhaea stercorea
972,Mojave,M3,open,18,ethanol,1,Coleoptera,Mycetophagidae,NA,Typhaea,stercorea,Typhaea stercorea
161,Mojave,M1,ephedra,2,ethanol,1,Coleoptera,Nitidulidae,NA,Carpophilus,hemipterus,Carpophilus hemipterus
162,Mojave,M1,ephedra,6,ethanol,1,Coleoptera,Nitidulidae,NA,Carpophilus,hemipterus,Carpophilus hemipterus
163,Mojave,M1,open,26,pinned,1,Coleoptera,Nitidulidae,NA,Carpophilus,hemipterus,Carpophilus hemipterus
658,Cuyama,C1,open,21,ethanol,3,Coleoptera,Ptinidae,Ptininae,Niptus,ventriculus,Niptus ventriculus
659,Cuyama,C2,open,6,ethanol,1,Coleoptera,Ptinidae,Ptininae,Niptus,ventriculus,Niptus ventriculus
660,Cuyama,C2,open,14,ethanol,1,Coleoptera,Ptinidae,Ptininae,Niptus,ventriculus,Niptus ventriculus
661,Cuyama,C2,open,22,ethanol,1,Coleoptera,Ptinidae,Ptininae,Niptus,ventriculus,Niptus ventriculus
662,Cuyama,C2,ephedra,22,ethanol,1,Coleoptera,Ptinidae,Ptininae,Niptus,ventriculus,Niptus ventriculus
663,Panoche,PAN1,open,1,ethanol,1,Coleoptera,Ptinidae,Ptininae,Niptus,ventriculus,Niptus ventriculus
664,Panoche,PAN1,open,34,ethanol,1,Coleoptera,Ptinidae,Ptininae,Niptus,ventriculus,Niptus ventriculus
665,Panoche,PAN1,ephedra,26,ethanol,1,Coleoptera,Ptinidae,Ptininae,Niptus,ventriculus,Niptus ventriculus
666,Panoche,PAN2,open,15,pinned,1,Coleoptera,Ptinidae,Ptininae,Niptus,ventriculus,Niptus ventriculus
667,Panoche,PAN3,open,8,ethanol,1,Coleoptera,Ptinidae,Ptininae,Niptus,ventriculus,Niptus ventriculus
668,Panoche,PAN3,open,16,ethanol,1,Coleoptera,Ptinidae,Ptininae,Niptus,ventriculus,Niptus ventriculus
669,Panoche,PAN3,ephedra,16,ethanol,1,Coleoptera,Ptinidae,Ptininae,Niptus,ventriculus,Niptus ventriculus
670,Panoche,PAN3,ephedra,28,ethanol,1,Coleoptera,Ptinidae,Ptininae,Niptus,ventriculus,Niptus ventriculus
853,Cuyama,C3,ephedra,2,ethanol,2,Coleoptera,Ptinidae,Ptininae,Ptinus,NA,Ptinus
229,Cuyama,C1,open,6,pinned,1,Coleoptera,Pyrochroidae,NA,Cononotus,sericans,Cononotus sericans
230,Cuyama,C2,open,6,ethanol,1,Coleoptera,Pyrochroidae,NA,Cononotus,sericans,Cononotus sericans
231,Cuyama,C2,ephedra,18,ethanol,1,Coleoptera,Pyrochroidae,NA,Cononotus,sericans,Cononotus sericans
232,Mojave,M1,ephedra,2,ethanol,1,Coleoptera,Pyrochroidae,NA,Cononotus,sericans,Cononotus sericans
233,Mojave,M1,ephedra,10,ethanol,1,Coleoptera,Pyrochroidae,NA,Cononotus,sericans,Cononotus sericans
234,Mojave,M1,ephedra,26,ethanol,2,Coleoptera,Pyrochroidae,NA,Cononotus,sericans,Cononotus sericans
235,Mojave,M1,ephedra,30,ethanol,1,Coleoptera,Pyrochroidae,NA,Cononotus,sericans,Cononotus sericans
236,Mojave,M1,open,26,ethanol,6,Coleoptera,Pyrochroidae,NA,Cononotus,sericans,Cononotus sericans
237,Mojave,M1,open,30,ethanol,1,Coleoptera,Pyrochroidae,NA,Cononotus,sericans,Cononotus sericans
238,Mojave,M2,ephedra,2,ethanol,2,Coleoptera,Pyrochroidae,NA,Cononotus,sericans,Cononotus sericans
239,Mojave,M2,ephedra,6,ethanol,1,Coleoptera,Pyrochroidae,NA,Cononotus,sericans,Cononotus sericans
240,Mojave,M2,ephedra,10,ethanol,1,Coleoptera,Pyrochroidae,NA,Cononotus,sericans,Cononotus sericans
241,Mojave,M2,ephedra,26,ethanol,4,Coleoptera,Pyrochroidae,NA,Cononotus,sericans,Cononotus sericans
242,Mojave,M2,ephedra,26,ethanol,1,Coleoptera,Pyrochroidae,NA,Cononotus,sericans,Cononotus sericans
243,Mojave,M2,ephedra,30,ethanol,1,Coleoptera,Pyrochroidae,NA,Cononotus,sericans,Cononotus sericans
244,Mojave,M2,ephedra,30,ethanol,52,Coleoptera,Pyrochroidae,NA,Cononotus,sericans,Cononotus sericans
245,Mojave,M2,open,6,ethanol,1,Coleoptera,Pyrochroidae,NA,Cononotus,sericans,Cononotus sericans
246,Mojave,M2,open,22,pinned,1,Coleoptera,Pyrochroidae,NA,Cononotus,sericans,Cononotus sericans
247,Mojave,M2,open,26,ethanol,1,Coleoptera,Pyrochroidae,NA,Cononotus,sericans,Cononotus sericans
10,Cuyama,C1,open,21,ethanol,1,Coleoptera,Staphylinidae,NA,Aleochara,NA,Aleochara
11,Cuyama,C2,open,18,ethanol,1,Coleoptera,Staphylinidae,NA,Aleochara,NA,Aleochara
12,Cuyama,C2,open,22,ethanol,1,Coleoptera,Staphylinidae,NA,Aleochara,NA,Aleochara
3,Mojave,M2,ephedra,6,pinned,1,Coleoptera,Tenebrionidae,NA,Alaephus,NA,Alaephus
4,Mojave,M2,ephedra,14,ethanol,1,Coleoptera,Tenebrionidae,NA,Alaephus,NA,Alaephus
5,Mojave,M2,ephedra,18,pinned,1,Coleoptera,Tenebrionidae,NA,Alaephus,NA,Alaephus
6,Mojave,M2,ephedra,26,pinned,1,Coleoptera,Tenebrionidae,NA,Alaephus,NA,Alaephus
7,Mojave,M2,ephedra,30,pinned,2,Coleoptera,Tenebrionidae,NA,Alaephus,NA,Alaephus
8,Mojave,M2,open,2,pinned,1,Coleoptera,Tenebrionidae,NA,Alaephus,NA,Alaephus
9,Mojave,M2,open,22,ethanol,1,Coleoptera,Tenebrionidae,NA,Alaephus,NA,Alaephus
23,Cuyama,C1,open,18,pinned,1,Coleoptera,Tenebrionidae,NA,Anepsius,delicatulus,Anepsius delicatulus
24,Cuyama,C2,open,6,ethanol,1,Coleoptera,Tenebrionidae,NA,Anepsius,delicatulus,Anepsius delicatulus
25,Cuyama,C2,ephedra,10,pinned,1,Coleoptera,Tenebrionidae,NA,Anepsius,delicatulus,Anepsius delicatulus
26,Cuyama,C2,ephedra,14,ethanol,2,Coleoptera,Tenebrionidae,NA,Anepsius,delicatulus,Anepsius delicatulus
27,Cuyama,C3,ephedra,2,ethanol,1,Coleoptera,Tenebrionidae,NA,Anepsius,delicatulus,Anepsius delicatulus
28,Cuyama,C3,ephedra,2,ethanol,1,Coleoptera,Tenebrionidae,NA,Anepsius,delicatulus,Anepsius delicatulus
29,Cuyama,C3,ephedra,9,ethanol,2,Coleoptera,Tenebrionidae,NA,Anepsius,delicatulus,Anepsius delicatulus
30,Cuyama,C3,ephedra,14,ethanol,2,Coleoptera,Tenebrionidae,NA,Anepsius,delicatulus,Anepsius delicatulus
31,Mojave,M1,ephedra,26,ethanol,1,Coleoptera,Tenebrionidae,NA,Anepsius,delicatulus,Anepsius delicatulus
32,Mojave,M1,open,2,ethanol,1,Coleoptera,Tenebrionidae,NA,Anepsius,delicatulus,Anepsius delicatulus
33,Mojave,M1,open,18,ethanol,1,Coleoptera,Tenebrionidae,NA,Anepsius,delicatulus,Anepsius delicatulus
34,Mojave,M1,open,22,ethanol,3,Coleoptera,Tenebrionidae,NA,Anepsius,delicatulus,Anepsius delicatulus
35,Mojave,M2,ephedra,6,ethanol,2,Coleoptera,Tenebrionidae,NA,Anepsius,delicatulus,Anepsius delicatulus
36,Mojave,M2,ephedra,10,ethanol,5,Coleoptera,Tenebrionidae,NA,Anepsius,delicatulus,Anepsius delicatulus
37,Mojave,M2,ephedra,14,ethanol,13,Coleoptera,Tenebrionidae,NA,Anepsius,delicatulus,Anepsius delicatulus
38,Mojave,M2,ephedra,18,ethanol,1,Coleoptera,Tenebrionidae,NA,Anepsius,delicatulus,Anepsius delicatulus
39,Mojave,M2,ephedra,26,ethanol,7,Coleoptera,Tenebrionidae,NA,Anepsius,delicatulus,Anepsius delicatulus
40,Mojave,M2,ephedra,26,ethanol,1,Coleoptera,Tenebrionidae,NA,Anepsius,delicatulus,Anepsius delicatulus
41,Mojave,M2,ephedra,30,ethanol,2,Coleoptera,Tenebrionidae,NA,Anepsius,delicatulus,Anepsius delicatulus
42,Mojave,M2,ephedra,30,ethanol,5,Coleoptera,Tenebrionidae,NA,Anepsius,delicatulus,Anepsius delicatulus
43,Mojave,M2,open,2,ethanol,1,Coleoptera,Tenebrionidae,NA,Anepsius,delicatulus,Anepsius delicatulus
44,Mojave,M2,open,10,ethanol,2,Coleoptera,Tenebrionidae,NA,Anepsius,delicatulus,Anepsius delicatulus
45,Mojave,M2,open,18,ethanol,1,Coleoptera,Tenebrionidae,NA,Anepsius,delicatulus,Anepsius delicatulus
46,Mojave,M2,open,22,ethanol,1,Coleoptera,Tenebrionidae,NA,Anepsius,delicatulus,Anepsius delicatulus
47,Mojave,M2,open,26,ethanol,1,Coleoptera,Tenebrionidae,NA,Anepsius,delicatulus,Anepsius delicatulus
70,Cuyama,C2,ephedra,14,pinned,1,Coleoptera,Tenebrionidae,NA,Apsena,rufipes,Apsena rufipes
82,Cuyama,C2,ephedra,14,ethanol,4,Coleoptera,Tenebrionidae,NA,Auchmobius,NA,Auchmobius
83,Cuyama,C3,ephedra,9,pinned,1,Coleoptera,Tenebrionidae,NA,Auchmobius,NA,Auchmobius
84,Cuyama,C3,ephedra,29,pinned,1,Coleoptera,Tenebrionidae,NA,Auchmobius,NA,Auchmobius
85,Mojave,M1,ephedra,10,pinned,1,Coleoptera,Tenebrionidae,NA,Auchmobius,NA,Auchmobius
86,Mojave,M2,ephedra,10,ethanol,1,Coleoptera,Tenebrionidae,NA,Auchmobius,NA,Auchmobius
87,Mojave,M2,ephedra,18,1 pinned,2,Coleoptera,Tenebrionidae,NA,Auchmobius,NA,Auchmobius
88,Mojave,M2,ephedra,30,one pinned,2,Coleoptera,Tenebrionidae,NA,Auchmobius,NA,Auchmobius
89,Panoche,PAN1,ephedra,13,ethanol,1,Coleoptera,Tenebrionidae,NA,Auchmobius,NA,Auchmobius
90,Panoche,PAN1,ephedra,34,pinned,1,Coleoptera,Tenebrionidae,NA,Auchmobius,NA,Auchmobius
91,Panoche,PAN1,ephedra,38,pinned,1,Coleoptera,Tenebrionidae,NA,Auchmobius,NA,Auchmobius
92,Panoche,PAN2,ephedra,6,pinned,1,Coleoptera,Tenebrionidae,NA,Auchmobius,NA,Auchmobius
105,Cuyama,C1,open,6,pinned,1,Coleoptera,Tenebrionidae,NA,Blapstinus,NA,Blapstinus
106,Cuyama,C2,ephedra,2,pinned,1,Coleoptera,Tenebrionidae,NA,Blapstinus,NA,Blapstinus
107,Cuyama,C3,ephedra,2,one pinned,5,Coleoptera,Tenebrionidae,NA,Blapstinus,NA,Blapstinus
108,Cuyama,C3,ephedra,18,ethanol,1,Coleoptera,Tenebrionidae,NA,Blapstinus,NA,Blapstinus
165,Mojave,M2,ephedra,26,pinned,1,Coleoptera,Tenebrionidae,NA,Cerenopus,concolor,Cerenopus concoler
166,Mojave,M3,ephedra,2,pinned,1,Coleoptera,Tenebrionidae,NA,Cerenopus,concolor,Cerenopus concoler
167,Mojave,M3,ephedra,30,ethanol,1,Coleoptera,Tenebrionidae,NA,Cerenopus,concolor,Cerenopus concoler
168,Mojave,M3,open,6,ethanol,1,Coleoptera,Tenebrionidae,NA,Cerenopus,concolor,Cerenopus concoler
228,Mojave,M1,open,14,pinned,1,Coleoptera,Tenebrionidae,NA,Conibius,NA,Conibius
255,Mojave,M2,ephedra,6,ethanol,1,Coleoptera,Tenebrionidae,NA,Cryptoglossa,muricata,Cryptoglossa muricata
256,Mojave,M2,open,22,ethanol,1,Coleoptera,Tenebrionidae,NA,Cryptoglossa,muricata,Cryptoglossa muricata
257,Mojave,M3,ephedra,2,pinned,1,Coleoptera,Tenebrionidae,NA,Cryptoglossa,muricata,Cryptoglossa muricata
258,Mojave,M3,ephedra,6,ethanol,1,Coleoptera,Tenebrionidae,NA,Cryptoglossa,muricata,Cryptoglossa muricata
259,Mojave,M3,ephedra,10,ethanol,3,Coleoptera,Tenebrionidae,NA,Cryptoglossa,muricata,Cryptoglossa muricata
260,Mojave,M3,ephedra,14,ethanol,2,Coleoptera,Tenebrionidae,NA,Cryptoglossa,muricata,Cryptoglossa muricata
261,Mojave,M3,ephedra,22,ethanol,1,Coleoptera,Tenebrionidae,NA,Cryptoglossa,muricata,Cryptoglossa muricata
262,Mojave,M3,ephedra,26,ethanol,3,Coleoptera,Tenebrionidae,NA,Cryptoglossa,muricata,Cryptoglossa muricata
263,Mojave,M3,ephedra,30,ethanol,2,Coleoptera,Tenebrionidae,NA,Cryptoglossa,muricata,Cryptoglossa muricata
264,Mojave,M3,open,6,ethanol,1,Coleoptera,Tenebrionidae,NA,Cryptoglossa,muricata,Cryptoglossa muricata
265,Mojave,M3,open,26,ethanol,2,Coleoptera,Tenebrionidae,NA,Cryptoglossa,muricata,Cryptoglossa muricata
266,Mojave,M3,open,30,ethanol,1,Coleoptera,Tenebrionidae,NA,Cryptoglossa,muricata,Cryptoglossa muricata
310,Mojave,M2,ephedra,10,pinned,1,Coleoptera,Tenebrionidae,NA,Edrotes,rotundus,Edrotes rotundus
311,Cuyama,C2,ephedra,14,ethanol,1,Coleoptera,Tenebrionidae,NA,Eleodes,NA,Eleodes 2
312,Cuyama,C2,ephedra,26,ethanol,1,Coleoptera,Tenebrionidae,NA,Eleodes,NA,Eleodes 2
313,Panoche,PAN2,ephedra,6,NA,1,Coleoptera,Tenebrionidae,NA,Eleodes,NA,Eleodes 2
314,Cuyama,C1,open,6,ethanol,2,Coleoptera,Tenebrionidae,NA,Eleodes,armata,Eleodes armata
315,Cuyama,C2,ephedra,14,ethanol,1,Coleoptera,Tenebrionidae,NA,Eleodes,armata,Eleodes armata
316,Cuyama,C3,open,2,ethanol,2,Coleoptera,Tenebrionidae,NA,Eleodes,armata,Eleodes armata
317,Mojave,M1,ephedra,22,ethanol,2,Coleoptera,Tenebrionidae,NA,Eleodes,armata,Eleodes armata
318,Mojave,M1,ephedra,26,ethanol,4,Coleoptera,Tenebrionidae,NA,Eleodes,armata,Eleodes armata
319,Mojave,M1,ephedra,30,ethanol,2,Coleoptera,Tenebrionidae,NA,Eleodes,armata,Eleodes armata
320,Mojave,M1,open,6,ethanol,1,Coleoptera,Tenebrionidae,NA,Eleodes,armata,Eleodes armata
321,Mojave,M1,open,14,ethanol,1,Coleoptera,Tenebrionidae,NA,Eleodes,armata,Eleodes armata
322,Mojave,M1,open,30,ethanol,2,Coleoptera,Tenebrionidae,NA,Eleodes,armata,Eleodes armata
323,Mojave,M1,open,30,ethanol,1,Coleoptera,Tenebrionidae,NA,Eleodes,armata,Eleodes armata
324,Mojave,M2,ephedra,2,ethanol,1,Coleoptera,Tenebrionidae,NA,Eleodes,armata,Eleodes armata
325,Mojave,M2,ephedra,6,ethanol,2,Coleoptera,Tenebrionidae,NA,Eleodes,armata,Eleodes armata
326,Mojave,M2,open,2,ethanol,2,Coleoptera,Tenebrionidae,NA,Eleodes,armata,Eleodes armata
327,Mojave,M2,open,10,ethanol,2,Coleoptera,Tenebrionidae,NA,Eleodes,armata,Eleodes armata
328,Mojave,M2,open,10,ethanol,1,Coleoptera,Tenebrionidae,NA,Eleodes,armata,Eleodes armata
329,Mojave,M2,open,14,ethanol,4,Coleoptera,Tenebrionidae,NA,Eleodes,armata,Eleodes armata
330,Mojave,M2,open,18,pinned,1,Coleoptera,Tenebrionidae,NA,Eleodes,armata,Eleodes armata
331,Mojave,M2,open,22,ethanol,2,Coleoptera,Tenebrionidae,NA,Eleodes,armata,Eleodes armata
332,Mojave,M2,open,26,ethanol,2,Coleoptera,Tenebrionidae,NA,Eleodes,armata,Eleodes armata
333,Mojave,M3,ephedra,18,ethanol,1,Coleoptera,Tenebrionidae,NA,Eleodes,armata,Eleodes armata
334,Mojave,M3,open,30,ethanol,1,Coleoptera,Tenebrionidae,NA,Eleodes,armata,Eleodes armata
335,Panoche,PAN2,ephedra,32,pinned,1,Coleoptera,Tenebrionidae,NA,Eleodes,armata,Eleodes armata
336,Panoche,PAN3,ephedra,36,ethanol,1,Coleoptera,Tenebrionidae,NA,Eleodes,armata,Eleodes armata
337,Panoche,PAN1,open,17,ethanol,1,Coleoptera,Tenebrionidae,NA,Eleodes,dentipes,Eleodes dentipes
338,Panoche,PAN1,open,22,ethanol,1,Coleoptera,Tenebrionidae,NA,Eleodes,dentipes,Eleodes dentipes
339,Panoche,PAN1,ephedra,9,ethanol,1,Coleoptera,Tenebrionidae,NA,Eleodes,dentipes,Eleodes dentipes
340,Panoche,PAN1,ephedra,17,ethanol,4,Coleoptera,Tenebrionidae,NA,Eleodes,dentipes,Eleodes dentipes
341,Panoche,PAN1,ephedra,26,ethanol,1,Coleoptera,Tenebrionidae,NA,Eleodes,dentipes,Eleodes dentipes
342,Panoche,PAN1,ephedra,38,ethanol,2,Coleoptera,Tenebrionidae,NA,Eleodes,dentipes,Eleodes dentipes
343,Panoche,PAN2,open,24,NA,1,Coleoptera,Tenebrionidae,NA,Eleodes,dentipes,Eleodes dentipes
344,Panoche,PAN2,ephedra,32,pinned,1,Coleoptera,Tenebrionidae,NA,Eleodes,dentipes,Eleodes dentipes
345,Panoche,PAN3,ephedra,12,ethanol,1,Coleoptera,Tenebrionidae,NA,Eleodes,dentipes,Eleodes dentipes
346,Panoche,PAN3,ephedra,40,pinned,1,Coleoptera,Tenebrionidae,NA,Eleodes,dentipes,Eleodes dentipes
347,Cuyama,C2,ephedra,10,pinned,1,Coleoptera,Tenebrionidae,NA,Eleodes,longicollis,Eleodes longicollis
348,Cuyama,C3,open,22,ethanol,1,Coleoptera,Tenebrionidae,NA,Eleodes,longicollis,Eleodes longicollis
349,Cuyama,C3,ephedra,14,ethanol,1,Coleoptera,Tenebrionidae,NA,Eleodes,longicollis,Eleodes longicollis
350,Cuyama,C3,ephedra,29,ethanol,1,Coleoptera,Tenebrionidae,NA,Eleodes,longicollis,Eleodes longicollis
351,Panoche,PAN1,ephedra,1,ethanol,1,Coleoptera,Tenebrionidae,NA,Eleodes,longicollis,Eleodes longicollis
352,Panoche,PAN1,ephedra,34,ethanol,1,Coleoptera,Tenebrionidae,NA,Eleodes,longicollis,Eleodes longicollis
353,Panoche,PAN3,ephedra,8,ethanol,1,Coleoptera,Tenebrionidae,NA,Eleodes,longicollis,Eleodes longicollis
354,Panoche,PAN3,ephedra,32,ethanol,1,Coleoptera,Tenebrionidae,NA,Eleodes,longicollis,Eleodes longicollis
468,Cuyama,C3,ephedra,9,pinned,1,Coleoptera,Tenebrionidae,NA,Hymenorus,NA,Hymenorus
595,Cuyama,C2,ephedra,2,pinned,1,Coleoptera,Tenebrionidae,NA,Metoponium,NA,Metoponium
596,Cuyama,C3,open,9,pinned,1,Coleoptera,Tenebrionidae,NA,Metoponium,NA,Metoponium
671,Mojave,M2,open,14,pinned,1,Coleoptera,Tenebrionidae,NA,Nocibiotes,caudatus,Nocibiotes caudatus
672,Mojave,M1,open,18,one pinned,2,Coleoptera,Tenebrionidae,NA,Notibius,puncticollis,Notibius puncticollis
952,Mojave,M1,ephedra,10,pinned,2,Coleoptera,Tenebrionidae,NA,Triorophus,NA,Triorophus
953,Mojave,M1,ephedra,26,ethanol,1,Coleoptera,Tenebrionidae,NA,Triorophus,NA,Triorophus
954,Mojave,M1,ephedra,30,ethanol,1,Coleoptera,Tenebrionidae,NA,Triorophus,NA,Triorophus
955,Mojave,M1,open,10,pinned,1,Coleoptera,Tenebrionidae,NA,Triorophus,NA,Triorophus
956,Mojave,M2,ephedra,14,ethanol,1,Coleoptera,Tenebrionidae,NA,Triorophus,NA,Triorophus
957,Mojave,M2,ephedra,26,ethanol,1,Coleoptera,Tenebrionidae,NA,Triorophus,NA,Triorophus
958,Mojave,M2,ephedra,30,ethanol,2,Coleoptera,Tenebrionidae,NA,Triorophus,NA,Triorophus
959,Mojave,M2,open,10,pinned,1,Coleoptera,Tenebrionidae,NA,Triorophus,NA,Triorophus
960,Mojave,M2,open,26,ethanol,1,Coleoptera,Tenebrionidae,NA,Triorophus,NA,Triorophus
961,Mojave,M3,ephedra,10,ethanol,1,Coleoptera,Tenebrionidae,NA,Triorophus,NA,Triorophus
962,Mojave,M3,ephedra,14,pinned,1,Coleoptera,Tenebrionidae,NA,Triorophus,NA,Triorophus
963,Panoche,PAN1,ephedra,22,pinned,1,Coleoptera,Tenebrionidae,NA,Triorophus,NA,Triorophus
964,Panoche,PAN1,ephedra,38,pinned,3,Coleoptera,Tenebrionidae,NA,Triorophus,NA,Triorophus
416,Cuyama,C1,ephedra,10,pinned,1,Dermaptera,Forficulidae,NA,Forficula,Forficula auricularia,Forficula auricularia
417,Panoche,PAN2,ephedra,11,pinned,1,Dermaptera,Forficulidae,NA,Forficula,auricularia,Forficula auricularia
109,Cuyama,C1,open,18,ethanol,3,Diptera,Anthomyiidae,NA,Botanophila,NA,Botanophila 
110,Cuyama,C1,open,21,ethanol,1,Diptera,Anthomyiidae,NA,Botanophila,NA,Botanophila 
111,Cuyama,C1,open,26,ethanol,5,Diptera,Anthomyiidae,NA,Botanophila,NA,Botanophila 
112,Cuyama,C1,open,30,ethanol,7,Diptera,Anthomyiidae,NA,Botanophila,NA,Botanophila 
113,Cuyama,C1,open,10,ethanol,2,Diptera,Anthomyiidae,NA,Botanophila,NA,Botanophila 
114,Cuyama,C1,ephedra,2,ethanol,1,Diptera,Anthomyiidae,NA,Botanophila,NA,Botanophila 
115,Cuyama,C1,ephedra,14,ethanol,1,Diptera,Anthomyiidae,NA,Botanophila,NA,Botanophila 
116,Cuyama,C1,ephedra,26,ethanol,1,Diptera,Anthomyiidae,NA,Botanophila,NA,Botanophila 
117,Cuyama,C1,ephedra,30,ethanol,7,Diptera,Anthomyiidae,NA,Botanophila,NA,Botanophila 
118,Cuyama,C2,open,2,pinned,19,Diptera,Anthomyiidae,NA,Botanophila,NA,Botanophila 
119,Cuyama,C2,open,6,ethanol,6,Diptera,Anthomyiidae,NA,Botanophila,NA,Botanophila 
120,Cuyama,C2,open,10,pinned,30,Diptera,Anthomyiidae,NA,Botanophila,NA,Botanophila 
121,Cuyama,C2,open,14,ethanol,7,Diptera,Anthomyiidae,NA,Botanophila,NA,Botanophila 
122,Cuyama,C2,open,18,ethanol,18,Diptera,Anthomyiidae,NA,Botanophila,NA,Botanophila 
123,Cuyama,C2,open,22,ethanol,13,Diptera,Anthomyiidae,NA,Botanophila,NA,Botanophila 
124,Cuyama,C2,open,26,ethanol,50,Diptera,Anthomyiidae,NA,Botanophila,NA,Botanophila 
125,Cuyama,C2,open,29,ethanol,27,Diptera,Anthomyiidae,NA,Botanophila,NA,Botanophila 
126,Cuyama,C2,ephedra,2,ethanol,2,Diptera,Anthomyiidae,NA,Botanophila,NA,Botanophila 
127,Cuyama,C2,ephedra,6,pinned,1,Diptera,Anthomyiidae,NA,Botanophila,NA,Botanophila 
128,Cuyama,C2,ephedra,14,ethanol,1,Diptera,Anthomyiidae,NA,Botanophila,NA,Botanophila 
129,Cuyama,C2,ephedra,18,ethanol,2,Diptera,Anthomyiidae,NA,Botanophila,NA,Botanophila 
130,Cuyama,C2,ephedra,22,ethanol,1,Diptera,Anthomyiidae,NA,Botanophila,NA,Botanophila 
131,Cuyama,C2,ephedra,26,ethanol,1,Diptera,Anthomyiidae,NA,Botanophila,NA,Botanophila 
132,Cuyama,C2,ephedra,30,ethanol,2,Diptera,Anthomyiidae,NA,Botanophila,NA,Botanophila 
133,Cuyama,C3,open,14,ethanol,4,Diptera,Anthomyiidae,NA,Botanophila,NA,Botanophila 
134,Cuyama,C3,open,29,ethanol,5,Diptera,Anthomyiidae,NA,Botanophila,NA,Botanophila 
135,Cuyama,C3,open,26,ethanol,1,Diptera,Anthomyiidae,NA,Botanophila,NA,Botanophila 
136,Mojave,M1,open,30,ethanol,1,Diptera,Anthomyiidae,NA,Botanophila,NA,Botanophila 
137,Mojave,M3,open,26,ethanol,1,Diptera,Anthomyiidae,NA,Botanophila,NA,Botanophila 
376,Cuyama,C1,open,2,ethanol,1,Diptera,Anthomyiidae,NA,Eutrichota,affinis-group,Eutrichota affinis-group
377,Cuyama,C1,open,21,ethanol,1,Diptera,Anthomyiidae,NA,Eutrichota,affinis-group,Eutrichota affinis-group
378,Cuyama,C1,ephedra,26,ethanol,1,Diptera,Anthomyiidae,NA,Eutrichota,affinis-group,Eutrichota affinis-group
379,Cuyama,C1,ephedra,30,ethanol,1,Diptera,Anthomyiidae,NA,Eutrichota,affinis-group,Eutrichota affinis-group
380,Cuyama,C2,open,26,ethanol,3,Diptera,Anthomyiidae,NA,Eutrichota,affinis-group,Eutrichota affinis-group
381,Cuyama,C2,open,29,ethanol,2,Diptera,Anthomyiidae,NA,Eutrichota,affinis-group,Eutrichota affinis-group
382,Cuyama,C3,open,29,ethanol,2,Diptera,Anthomyiidae,NA,Eutrichota,affinis-group,Eutrichota affinis-group
383,Cuyama,C3,ephedra,14,ethanol,1,Diptera,Anthomyiidae,NA,Eutrichota,affinis-group,Eutrichota affinis-group
384,Cuyama,C3,ephedra,18,ethanol,1,Diptera,Anthomyiidae,NA,Eutrichota,affinis-group,Eutrichota affinis-group
48,Cuyama,C1,open,30,ethanol,1,Diptera,Anthomyiidae,NA,NA,NA,Anthomyiidae 2
267,Mojave,M1,ephedra,18,ethanol,1,Diptera,Culicidae,NA,NA,NA,Culicidae
271,Cuyama,C1,ephedra,6,ethanol,1,Diptera,Dolichopodidae,NA,NA,NA,Dolichopodidae
272,Cuyama,C1,ephedra,14,ethanol,1,Diptera,Dolichopodidae,NA,NA,NA,Dolichopodidae
273,Cuyama,C2,ephedra,29,ethanol,1,Diptera,Dolichopodidae,NA,NA,NA,Dolichopodidae
274,Cuyama,C2,open,10,pinned,1,Diptera,Dolichopodidae ,NA,NA,NA,Dolichopodidae 
448,Cuyama,C3,ephedra,9,ethanol,2,Diptera,Heleomyzidae,NA,Acantholeria,NA,Heleomyzidae 2
431,Cuyama,C2,open,6,ethanol,1,Diptera,Heleomyzidae,NA,NA,NA,Heleomyzidae 1
432,Cuyama,C1,open,26,ethanol,1,Diptera,Heleomyzidae,NA,NA,NA,Heleomyzidae 2
433,Cuyama,C1,open,30,ethanol,1,Diptera,Heleomyzidae,NA,NA,NA,Heleomyzidae 2
434,Cuyama,C1,ephedra,14,ethanol,1,Diptera,Heleomyzidae,NA,NA,NA,Heleomyzidae 2
435,Cuyama,C1,ephedra,18,ethanol,1,Diptera,Heleomyzidae,NA,NA,NA,Heleomyzidae 2
436,Cuyama,C1,ephedra,26,ethanol,1,Diptera,Heleomyzidae,NA,NA,NA,Heleomyzidae 2
437,Cuyama,C1,ephedra,30,ethanol,1,Diptera,Heleomyzidae,NA,NA,NA,Heleomyzidae 2
438,Cuyama,C2,open,2,ethanol,1,Diptera,Heleomyzidae,NA,NA,NA,Heleomyzidae 2
439,Cuyama,C2,open,10,pinned,2,Diptera,Heleomyzidae,NA,NA,NA,Heleomyzidae 2
440,Cuyama,C2,open,14,ethanol,1,Diptera,Heleomyzidae,NA,NA,NA,Heleomyzidae 2
441,Cuyama,C2,open,26,ethanol,2,Diptera,Heleomyzidae,NA,NA,NA,Heleomyzidae 2
442,Cuyama,C2,open,29,ethanol,1,Diptera,Heleomyzidae,NA,NA,NA,Heleomyzidae 2
443,Cuyama,C2,ephedra,18,ethanol,1,Diptera,Heleomyzidae,NA,NA,NA,Heleomyzidae 2
444,Cuyama,C2,ephedra,22,ethanol,1,Diptera,Heleomyzidae,NA,NA,NA,Heleomyzidae 2
445,Cuyama,C2,ephedra,29,ethanol,1,Diptera,Heleomyzidae,NA,NA,NA,Heleomyzidae 2
446,Cuyama,C3,open,29,ethanol,2,Diptera,Heleomyzidae,NA,NA,NA,Heleomyzidae 2
447,Cuyama,C3,open,26,ethanol,1,Diptera,Heleomyzidae,NA,NA,NA,Heleomyzidae 2
449,Cuyama,C3,ephedra,26,ethanol,1,Diptera,Heleomyzidae,NA,NA,NA,Heleomyzidae 2
450,Cuyama,C2,ephedra,18,ethanol,1,Diptera,Heleomyzidae,NA,NA,NA,Heleomyzidae 3
451,Cuyama,C2,open,29,ethanol,1,Diptera,Heleomyzidae,NA,NA,NA,Heleomyzidae 4
452,Cuyama,C2,ephedra,6,ethanol,1,Diptera,Heleomyzidae,NA,NA,NA,Heleomyzidae 5
767,Cuyama,C2,open,2,ethanol,1,Diptera,Phoridae,NA,NA,NA,Phoridae 1
768,Cuyama,C2,open,26,ethanol,1,Diptera,Phoridae,NA,NA,NA,Phoridae 1
769,Cuyama,C2,ephedra,14,ethanol,2,Diptera,Phoridae,NA,NA,NA,Phoridae 1
770,Panoche,PAN1,open,13,ethanol,1,Diptera,Phoridae,NA,NA,NA,Phoridae 1
771,Panoche,PAN1,ephedra,34,ethanol,1,Diptera,Phoridae,NA,NA,NA,Phoridae 1
772,Panoche,PAN2,open,11,ethanol,1,Diptera,Phoridae,NA,NA,NA,Phoridae 1
773,Panoche,PAN3,open,28,ethanol,1,Diptera,Phoridae,NA,NA,NA,Phoridae 1
774,Cuyama,C2,ephedra,22,ethanol,2,Diptera,Phoridae,NA,NA,NA,Phoridae 2
775,Panoche,PAN3,ephedra,12,ethanol,1,Diptera,Phoridae,NA,NA,NA,Phoridae 2
777,Cuyama,C2,open,6,ethanol,1,Diptera,Pipunculidae,NA,NA,NA,Pipunculidae
859,Mojave,M1,ephedra,10,ethanol,1,Diptera,Sarcophagidae,NA,NA,NA,Sarcophagidae
860,Mojave,M1,ephedra,18,pinned,1,Diptera,Sarcophagidae,NA,NA,NA,Sarcophagidae
861,Mojave,M1,ephedra,22,ethanol,1,Diptera,Sarcophagidae,NA,NA,NA,Sarcophagidae
862,Mojave,M1,open,14,ethanol,1,Diptera,Sarcophagidae,NA,NA,NA,Sarcophagidae
863,Mojave,M2,ephedra,30,pinned,1,Diptera,Sarcophagidae,NA,NA,NA,Sarcophagidae
864,Mojave,M1,ephedra,2,ethanol,1,Diptera,Sarcophagidae,NA,NA,NA,Sarcophagidae 2
865,Mojave,M1,ephedra,22,ethanol,1,Diptera,Sarcophagidae,NA,NA,NA,Sarcophagidae 2
866,Mojave,M1,open,10,pinned,1,Diptera,Sarcophagidae,NA,NA,NA,Sarcophagidae 2
867,Mojave,M3,ephedra,26,ethanol,1,Diptera,Sarcophagidae,NA,NA,NA,Sarcophagidae 2
870,Cuyama,C2,ephedra,22,ethanol,1,Diptera,Sciaridae,NA,NA,NA,Sciaridae
71,Cuyama,C1,open,26,ethanol,1,Diptera,Therevidae,NA,Arenigena,NA,Arenigena
72,Cuyama,C2,open,10,pinned,1,Diptera,Therevidae,NA,Arenigena,NA,Arenigena
73,Cuyama,C3,ephedra,9,ethanol,1,Diptera,Therevidae,NA,Arenigena,male!!,Arenigena
74,Panoche,PAN1,ephedra,1,pinned,1,Diptera,Therevidae,NA,Arenigena,NA,Arenigena
75,Panoche,PAN3,ephedra,19,pinned,1,Diptera,Therevidae,NA,Arenigena,NA,Arenigena
429,Cuyama,C1,open,6,ethanol,1,Embioptera,Oligotomidae,NA,Haploembia,solieri,Haploembia solieri
430,Panoche,PAN3,open,12,ethanol,1,Embioptera,Oligotomidae,NA,Haploembia,solieri,Haploembia solieri
164,Cuyama,C1,ephedra,18,ethanol,1,Hemiptera,Cicadellidae,NA,Ceratagallia,NA,Ceratagallia
684,Panoche,PAN2,ephedra,15,ethanol,1,Hemiptera,Cicadellidae,NA,"Osbornellus
",NA,"Osbornellus
"
766,Mojave,M3,ephedra,6,ethanol,1,Hemiptera,Cicadellidae,NA,Phlepsanus,vanduzeei,Phlepsanus vanduzeei
974,Cuyama,C2,open,2,ethanol,1,Hemiptera,Cicadellidae,NA,Xerophloea,peltata,Xerophloea peltata
682,Cuyama,C1,ephedra,14,ethanol,1,Hemiptera,Dictyopharidae,Orgeriinae,Orgerius,NA,Orgerius
683,Cuyama,C1,ephedra,30,ethanol,1,Hemiptera,Dictyopharidae,Orgeriinae,Orgerius,NA,Orgerius
418,Cuyama,C1,open,21,ethanol,1,Hemiptera,Geocoridae,NA,Geocoris,pallens,Geocoris pallens
419,Cuyama,C1,open,26,ethanol,1,Hemiptera,Geocoridae,NA,Geocoris,pallens,Geocoris pallens
420,Cuyama,C1,open,10,ethanol,1,Hemiptera,Geocoridae,NA,Geocoris,pallens,Geocoris pallens
421,Cuyama,C2,open,14,ethanol,1,Hemiptera,Geocoridae,NA,Geocoris,pallens,Geocoris pallens
422,Cuyama,C2,open,29,ethanol,1,Hemiptera,Geocoridae,NA,Geocoris,pallens,Geocoris pallens
423,Cuyama,C3,open,29,ethanol,1,Hemiptera,Geocoridae,NA,Geocoris,pallens,Geocoris pallens
424,Cuyama,C3,ephedra,22,ethanol,1,Hemiptera,Geocoridae,NA,Geocoris,pallens,Geocoris pallens
425,Mojave,M3,open,30,ethanol,1,Hemiptera,Geocoridae,NA,Geocoris,pallens,Geocoris pallens
426,Panoche,PAN1,open,22,ethanol,1,Hemiptera,Geocoridae,NA,Geocoris,pallens,Geocoris pallens
203,Cuyama,C3,ephedra,14,ethanol,1,Hemiptera,Pentamoidae,NA,Chlorochroa,sayi,Chlorochroa sayi
215,Cuyama,C3,ephedra,22,ethanol,1,Hemiptera,Pentamoidae,NA,Chlorochroa,uhleri,Chlorochroa uhleri
204,Panoche,PAN3,open,8,ethanol,2,Hemiptera,Pentatamoidae,NA,Chlorochroa,sayi,Chlorochroa sayi
205,Panoche,PAN3,open,12,ethanol,2,Hemiptera,Pentatamoidae,NA,Chlorochroa,sayi,Chlorochroa sayi
206,Panoche,PAN3,open,16,ethanol,3,Hemiptera,Pentatamoidae,NA,Chlorochroa,sayi,Chlorochroa sayi
207,Panoche,PAN3,open,19,ethanol,1,Hemiptera,Pentatamoidae,NA,Chlorochroa,sayi,Chlorochroa sayi
208,Panoche,PAN3,open,28,ethanol,1,Hemiptera,Pentatamoidae,NA,Chlorochroa,sayi,Chlorochroa sayi
209,Panoche,PAN3,ephedra,8,ethanol,2,Hemiptera,Pentatamoidae,NA,Chlorochroa,sayi,Chlorochroa sayi
210,Panoche,PAN3,ephedra,12,ethanol,1,Hemiptera,Pentatamoidae,NA,Chlorochroa,sayi,Chlorochroa sayi
211,Panoche,PAN3,ephedra,19,ethanol,1,Hemiptera,Pentatamoidae,NA,Chlorochroa,sayi,Chlorochroa sayi
212,Panoche,PAN3,ephedra,28,ethanol,1,Hemiptera,Pentatamoidae,NA,Chlorochroa,sayi,Chlorochroa sayi
213,Panoche,PAN3,ephedra,32,ethanol,1,Hemiptera,Pentatamoidae,NA,Chlorochroa,sayi,Chlorochroa sayi
214,Panoche,PAN3,ephedra,40,ethanol,2,Hemiptera,Pentatamoidae,NA,Chlorochroa,sayi,Chlorochroa sayi
76,Cuyama,C2,ephedra,22,ethanol,1,Hemiptera,Rhopalidae,NA,Arhyssus,NA,Arhyssus
77,Mojave,M1,ephedra,30,ethanol,1,Hemiptera,Rhopalidae,NA,Arhyssus,NA,Arhyssus
78,Mojave,M1,open,14,ethanol,1,Hemiptera,Rhopalidae,NA,Arhyssus,NA,Arhyssus
79,Mojave,M1,open,26,ethanol,1,Hemiptera,Rhopalidae,NA,Arhyssus,NA,Arhyssus
80,Panoche,PAN2,open,11,ethanol,1,Hemiptera,Rhopalidae,NA,Arhyssus,NA,Arhyssus
355,Panoche,PAN1,ephedra,22,ethanol,1,Hemiptera,Rhyparochromidae,NA,Emblethis,vicarius,Emblethis vicarius
356,Panoche,PAN2,ephedra,11,ethanol,1,Hemiptera,Rhyparochromidae,NA,Emblethis,vicarius,Emblethis vicarius
973,Cuyama,C2,ephedra,10,pinned,1,Hemiptera,Rhyparochromidae,NA,Xanthochilus,Xanthochilus saturnius,Xanthochilus saturnius
269,Cuyama,C2,ephedra,18,pinned,1,Hemiptera,Tropiduchidae,NA,Dictyobia,semivitrea,Dictyobia semivitrea
93,Cuyama,C2,open,29,ethanol,1,Hymenoptera,Bethylidae,NA,NA,NA,Bethylidae 1
94,Mojave,M1,open,26,ethanol,1,Hymenoptera,Bethylidae,NA,NA,NA,Bethylidae 1
95,Panoche,PAN1,open,5,ethanol,1,Hymenoptera,Bethylidae,NA,NA,NA,Bethylidae 1
96,Panoche,PAN2,open,18,ethanol,1,Hymenoptera,Bethylidae,NA,NA,NA,Bethylidae 1
97,Cuyama,C1,open,6,ethanol,1,Hymenoptera,Bethylidae,NA,NA,NA,Bethylidae 2
98,Mojave,M2,open,14,ethanol,2,Hymenoptera,Bethylidae,NA,NA,NA,Bethylidae 2
99,Mojave,M2,open,26,ethanol,1,Hymenoptera,Bethylidae,NA,NA,NA,Bethylidae 2
100,Mojave,M3,open,18,ethanol,1,Hymenoptera,Bethylidae,NA,NA,NA,Bethylidae 2
101,Mojave,M1,ephedra,18,ethanol,1,Hymenoptera,Bethylidae,NA,NA,NA,Bethylidae 3
102,Mojave,M1,ephedra,30,ethanol,1,Hymenoptera,Bethylidae,NA,NA,NA,Bethylidae 3
103,Mojave,M2,ephedra,18,ethanol,1,Hymenoptera,Bethylidae,NA,NA,NA,Bethylidae 3
104,Mojave,M3,open,26,ethanol,1,Hymenoptera,Bethylidae,NA,NA,NA,Bethylidae 3
140,Mojave,M1,ephedra,2,ethanol,1,Hymenoptera,Braconidae,NA,NA,NA,Braconidae
141,Mojave,M2,ephedra,6,ethanol,1,Hymenoptera,Braconidae,NA,NA,NA,Braconidae
142,Mojave,M2,ephedra,14,ethanol,1,Hymenoptera,Braconidae,NA,NA,NA,Braconidae
216,Mojave,M3,open,2,ethanol,2,Hymenoptera,Chrysididae,NA,NA,NA,Chrysididae
219,Cuyama,C2,ephedra,14,pinned,1,Hymenoptera,Chyphotidae,NA,Chyphotes,NA,Chyphotes
220,Mojave,M2,ephedra,6,pinned,1,Hymenoptera,Chyphotidae,NA,Chyphotes,NA,Chyphotes
221,Mojave,M2,ephedra,26,pinned,1,Hymenoptera,Chyphotidae,NA,Chyphotes,NA,Chyphotes
222,Mojave,M2,open,2,pinned,1,Hymenoptera,Chyphotidae,NA,Chyphotes,NA,Chyphotes
223,Mojave,M3,ephedra,2,ethanol,1,Hymenoptera,Chyphotidae,NA,Chyphotes,NA,Chyphotes
224,Mojave,M3,ephedra,18,ethanol,1,Hymenoptera,Chyphotidae,NA,Chyphotes,NA,Chyphotes
225,Mojave,M3,ephedra,26,ethanol,1,Hymenoptera,Chyphotidae,NA,Chyphotes,NA,Chyphotes
604,Mojave,M1,ephedra,26,ethanol,3,Hymenoptera,Crabronidae,NA,Miscophus,NA,Miscophus 1
605,Mojave,M1,open,10,ethanol,1,Hymenoptera,Crabronidae,NA,Miscophus,NA,Miscophus 1
606,Mojave,M1,open,26,ethanol,1,Hymenoptera,Crabronidae,NA,Miscophus,NA,Miscophus 1
607,Mojave,M2,open,6,ethanol,1,Hymenoptera,Crabronidae,NA,Miscophus,NA,Miscophus 1
608,Mojave,M3,ephedra,10,ethanol,1,Hymenoptera,Crabronidae,NA,Miscophus,NA,Miscophus 1
609,Mojave,M3,ephedra,22,ethanol,1,Hymenoptera,Crabronidae,NA,Miscophus,NA,Miscophus 1
610,Mojave,M3,ephedra,26,ethanol,1,Hymenoptera,Crabronidae,NA,Miscophus,NA,Miscophus 1
611,Mojave,M1,ephedra,2,ethanol,1,Hymenoptera,Crabronidae,NA,Miscophus,NA,Miscophus 3
612,Mojave,M3,ephedra,14,ethanol,2,Hymenoptera,Crabronidae,NA,Miscophus,NA,Miscophus 3
613,Mojave,M3,ephedra,18,ethanol,1,Hymenoptera,Crabronidae,NA,Miscophus,NA,Miscophus 3
926,Mojave,M3,ephedra,30,ethanol,1,Hymenoptera,Crabronidae,NA,Tachysphex,NA,Tachysphex
357,Cuyama,C1,ephedra,2,ethanol,1,Hymenoptera,Encyrtidae,NA,NA,NA,Encyrtidae
49,Mojave,M1,ephedra,2,ethanol,4,Hymenoptera,Formicidae,NA,Aphaenogaster,megommata,Aphaenogaster megommata
50,Mojave,M1,ephedra,10,ethanol,2,Hymenoptera,Formicidae,NA,Aphaenogaster,megommata,Aphaenogaster megommata
51,Mojave,M1,ephedra,14,ethanol,2,Hymenoptera,Formicidae,NA,Aphaenogaster,megommata,Aphaenogaster megommata
52,Mojave,M1,ephedra,22,ethanol,3,Hymenoptera,Formicidae,NA,Aphaenogaster,megommata,Aphaenogaster megommata
53,Mojave,M1,ephedra,26,ethanol,2,Hymenoptera,Formicidae,NA,Aphaenogaster,megommata,Aphaenogaster megommata
54,Mojave,M1,ephedra,30,ethanol,1,Hymenoptera,Formicidae,NA,Aphaenogaster,megommata,Aphaenogaster megommata
55,Mojave,M1,open,2,ethanol,2,Hymenoptera,Formicidae,NA,Aphaenogaster,megommata,Aphaenogaster megommata
56,Mojave,M1,open,6,ethanol,1,Hymenoptera,Formicidae,NA,Aphaenogaster,megommata,Aphaenogaster megommata
57,Mojave,M1,open,14,ethanol,6,Hymenoptera,Formicidae,NA,Aphaenogaster,megommata,Aphaenogaster megommata
58,Mojave,M1,open,22,ethanol,1,Hymenoptera,Formicidae,NA,Aphaenogaster,megommata,Aphaenogaster megommata
59,Mojave,M1,open,26,ethanol,1,Hymenoptera,Formicidae,NA,Aphaenogaster,megommata,Aphaenogaster megommata
60,Mojave,M2,ephedra,14,ethanol,3,Hymenoptera,Formicidae,NA,Aphaenogaster,megommata,Aphaenogaster megommata
61,Mojave,M2,ephedra,18,ethanol,1,Hymenoptera,Formicidae,NA,Aphaenogaster,megommata,Aphaenogaster megommata
62,Mojave,M2,ephedra,26,ethanol,3,Hymenoptera,Formicidae,NA,Aphaenogaster,megommata,Aphaenogaster megommata
63,Mojave,M2,ephedra,26,ethanol,5,Hymenoptera,Formicidae,NA,Aphaenogaster,megommata,Aphaenogaster megommata
64,Mojave,M2,ephedra,30,ethanol,1,Hymenoptera,Formicidae,NA,Aphaenogaster,megommata,Aphaenogaster megommata
65,Mojave,M2,open,10,ethanol,3,Hymenoptera,Formicidae,NA,Aphaenogaster,megommata,Aphaenogaster megommata
66,Mojave,M2,open,18,ethanol,1,Hymenoptera,Formicidae,NA,Aphaenogaster,megommata,Aphaenogaster megommata
67,Mojave,M2,open,22,ethanol,5,Hymenoptera,Formicidae,NA,Aphaenogaster,megommata,Aphaenogaster megommata
68,Mojave,M2,open,26,ethanol,1,Hymenoptera,Formicidae,NA,Aphaenogaster,megommata,Aphaenogaster megommata
158,Cuyama,C2,ephedra,22,pinned,2,Hymenoptera,Formicidae,NA,Camponotus,NA,Camponotus black
159,Cuyama,C3,ephedra,26,ethanol,1,Hymenoptera,Formicidae,NA,Camponotus,NA,Camponotus black
160,Cuyama,C2,ephedra,29,pinned,6,Hymenoptera,Formicidae,NA,Camponotus,semitestaceus,Camponotus semitestaceus
248,Mojave,M1,ephedra,6,ethanol,3,Hymenoptera,Formicidae,NA,Crematogaster,depilis,Crematogaster depilis
249,Mojave,M1,ephedra,10,ethanol,6,Hymenoptera,Formicidae,NA,Crematogaster,depilis,Crematogaster depilis
250,Mojave,M1,ephedra,26,ethanol,1,Hymenoptera,Formicidae,NA,Crematogaster,depilis,Crematogaster depilis
251,Mojave,M2,ephedra,6,ethanol,6,Hymenoptera,Formicidae,NA,Crematogaster,depilis,Crematogaster depilis
252,Mojave,M2,ephedra,14,ethanol,3,Hymenoptera,Formicidae,NA,Crematogaster,depilis,Crematogaster depilis
253,Mojave,M2,ephedra,26,ethanol,1,Hymenoptera,Formicidae,NA,Crematogaster,depilis,Crematogaster depilis
254,Mojave,M2,ephedra,26,ethanol,1,Hymenoptera,Formicidae,NA,Crematogaster,depilis,Crematogaster depilis
275,Cuyama,C1,open,30,ethanol,1,Hymenoptera,Formicidae,NA,Dorymyrmex,insanus,Dorymyrmex insanus
276,Cuyama,C1,ephedra,14,ethanol,1,Hymenoptera,Formicidae,NA,Dorymyrmex,insanus,Dorymyrmex insanus
277,Cuyama,C1,ephedra,18,ethanol,2,Hymenoptera,Formicidae,NA,Dorymyrmex,insanus,Dorymyrmex insanus
278,Cuyama,C1,ephedra,30,ethanol,2,Hymenoptera,Formicidae,NA,Dorymyrmex,insanus,Dorymyrmex insanus
279,Cuyama,C2,open,2,pinned,1,Hymenoptera,Formicidae,NA,Dorymyrmex,insanus,Dorymyrmex insanus
280,Cuyama,C2,open,2,ethanol,3,Hymenoptera,Formicidae,NA,Dorymyrmex,insanus,Dorymyrmex insanus
281,Cuyama,C2,open,6,ethanol,6,Hymenoptera,Formicidae,NA,Dorymyrmex,insanus,Dorymyrmex insanus
282,Cuyama,C2,open,10,ethanol,1,Hymenoptera,Formicidae,NA,Dorymyrmex,insanus,Dorymyrmex insanus
283,Cuyama,C2,open,22,ethanol,5,Hymenoptera,Formicidae,NA,Dorymyrmex,insanus,Dorymyrmex insanus
284,Cuyama,C2,open,26,ethanol,1,Hymenoptera,Formicidae,NA,Dorymyrmex,insanus,Dorymyrmex insanus
285,Cuyama,C2,open,29,ethanol,11,Hymenoptera,Formicidae,NA,Dorymyrmex,insanus,Dorymyrmex insanus
286,Cuyama,C2,ephedra,10,ethanol,2,Hymenoptera,Formicidae,NA,Dorymyrmex,insanus,Dorymyrmex insanus
287,Cuyama,C2,ephedra,22,ethanol,10,Hymenoptera,Formicidae,NA,Dorymyrmex,insanus,Dorymyrmex insanus
288,Cuyama,C2,ephedra,29,ethanol,8,Hymenoptera,Formicidae,NA,Dorymyrmex,insanus,Dorymyrmex insanus
289,Cuyama,C3,ephedra,2,ethanol,2,Hymenoptera,Formicidae,NA,Dorymyrmex,insanus,Dorymyrmex insanus
290,Mojave,M1,ephedra,30,ethanol,2,Hymenoptera,Formicidae,NA,Dorymyrmex,insanus,Dorymyrmex insanus
291,Mojave,M2,ephedra,10,ethanol,1,Hymenoptera,Formicidae,NA,Dorymyrmex,insanus,Dorymyrmex insanus
292,Mojave,M2,ephedra,18,ethanol,4,Hymenoptera,Formicidae,NA,Dorymyrmex,insanus,Dorymyrmex insanus
293,Mojave,M2,ephedra,26,ethanol,7,Hymenoptera,Formicidae,NA,Dorymyrmex,insanus,Dorymyrmex insanus
294,Mojave,M2,ephedra,26,ethanol,5,Hymenoptera,Formicidae,NA,Dorymyrmex,insanus,Dorymyrmex insanus
295,Mojave,M2,open,2,ethanol,1,Hymenoptera,Formicidae,NA,Dorymyrmex,insanus,Dorymyrmex insanus
296,Mojave,M2,open,6,ethanol,2,Hymenoptera,Formicidae,NA,Dorymyrmex,insanus,Dorymyrmex insanus
297,Mojave,M2,open,18,ethanol,7,Hymenoptera,Formicidae,NA,Dorymyrmex,insanus,Dorymyrmex insanus
298,Mojave,M2,open,26,ethanol,1,Hymenoptera,Formicidae,NA,Dorymyrmex,insanus,Dorymyrmex insanus
299,Mojave,M3,ephedra,6,ethanol,1,Hymenoptera,Formicidae,NA,Dorymyrmex,insanus,Dorymyrmex insanus
300,Mojave,M3,ephedra,26,ethanol,1,Hymenoptera,Formicidae,NA,Dorymyrmex,insanus,Dorymyrmex insanus
301,Panoche,PAN1,open,34,ethanol,1,Hymenoptera,Formicidae,NA,Dorymyrmex,insanus,Dorymyrmex insanus
302,Panoche,PAN1,open,38,ethanol,5,Hymenoptera,Formicidae,NA,Dorymyrmex,insanus,Dorymyrmex insanus
303,Panoche,PAN1,ephedra,38,ethanol,15,Hymenoptera,Formicidae,NA,Dorymyrmex,insanus,Dorymyrmex insanus
304,Panoche,PAN2,ephedra,32,pinned,1,Hymenoptera,Formicidae,NA,Dorymyrmex,insanus,Dorymyrmex insanus
385,Cuyama,C3,open,14,ethanol,11,Hymenoptera,Formicidae,NA,Forelius,mccooki,Forelius mccooki
386,Mojave,M2,ephedra,14,ethanol,2,Hymenoptera,Formicidae,NA,Forelius,mccooki,Forelius mccooki
387,Mojave,M3,open,2,ethanol,1,Hymenoptera,Formicidae,NA,Forelius,mccooki,Forelius mccooki
388,Cuyama,C1,open,2,ethanol,9,Hymenoptera,Formicidae,NA,Forelius,pruinosus,Forelius pruinosus
389,Cuyama,C1,open,6,ethanol,1,Hymenoptera,Formicidae,NA,Forelius,pruinosus,Forelius pruinosus
390,Cuyama,C1,open,18,ethanol,3,Hymenoptera,Formicidae,NA,Forelius,pruinosus,Forelius pruinosus
391,Cuyama,C1,open,21,ethanol,4,Hymenoptera,Formicidae,NA,Forelius,pruinosus,Forelius pruinosus
392,Cuyama,C1,open,26,ethanol,12,Hymenoptera,Formicidae,NA,Forelius,pruinosus,Forelius pruinosus
393,Cuyama,C1,open,30,ethanol,7,Hymenoptera,Formicidae,NA,Forelius,pruinosus,Forelius pruinosus
394,Cuyama,C1,ephedra,10,ethanol,2,Hymenoptera,Formicidae,NA,Forelius,pruinosus,Forelius pruinosus
395,Cuyama,C1,ephedra,18,ethanol,3,Hymenoptera,Formicidae,NA,Forelius,pruinosus,Forelius pruinosus
396,Cuyama,C1,ephedra,26,ethanol,1,Hymenoptera,Formicidae,NA,Forelius,pruinosis,Forelius pruinosus
397,Cuyama,C1,ephedra,30,ethanol,3,Hymenoptera,Formicidae,NA,Forelius,pruinosus,Forelius pruinosus
398,Cuyama,C2,open,2,ethanol,4,Hymenoptera,Formicidae,NA,Forelius,pruinosus,Forelius pruinosus
399,Cuyama,C2,open,6,ethanol,3,Hymenoptera,Formicidae,NA,Forelius,pruinosus,Forelius pruinosus
400,Cuyama,C2,open,14,ethanol,5,Hymenoptera,Formicidae,NA,Forelius,pruinosus,Forelius pruinosus
401,Cuyama,C2,open,18,ethanol,10,Hymenoptera,Formicidae,NA,Forelius,pruinosus,Forelius pruinosus
402,Cuyama,C2,open,22,ethanol,19,Hymenoptera,Formicidae,NA,Forelius,pruinosus,Forelius pruinosus
403,Cuyama,C2,open,26,ethanol,11,Hymenoptera,Formicidae,NA,Forelius,pruinosus,Forelius pruinosus
404,Cuyama,C2,open,29,ethanol,2,Hymenoptera,Formicidae,NA,Forelius,pruinosus,Forelius pruinosus
405,Cuyama,C2,ephedra,18,ethanol,2,Hymenoptera,Formicidae,NA,Forelius,pruinosus,Forelius pruinosus
406,Cuyama,C2,ephedra,29,separated.,1,Hymenoptera,Formicidae,NA,Forelius,pruinosus,Forelius pruinosus
407,Cuyama,C3,ephedra,14,ethanol,1,Hymenoptera,Formicidae,NA,Forelius,pruinosis,Forelius pruinosus
408,Mojave,M1,ephedra,10,ethanol,1,Hymenoptera,Formicidae,NA,Forelius,pruinosus,Forelius pruinosus
409,Mojave,M2,ephedra,26,ethanol,2,Hymenoptera,Formicidae,NA,Forelius,Forelius pruinosus,Forelius pruinosus
410,Mojave,M2,ephedra,30,ethanol,1,Hymenoptera,Formicidae,NA,Forelius,Forelius pruinosus,Forelius pruinosus
411,Mojave,M3,ephedra,14,ethanol,1,Hymenoptera,Formicidae,NA,Forelius,Forelius pruinosus,Forelius pruinosus
412,Panoche,PAN2,ephedra,32,pinned,1,Hymenoptera,Formicidae,NA,Forelius,Forelius pruinosus,Forelius pruinosus
413,Panoche,PAN3,open,6,ethanol,1,Hymenoptera,Formicidae,NA,Forelius,pruinosus,Forelius pruinosus
414,Panoche,PAN3,open,8,ethanol,3,Hymenoptera,Formicidae,NA,Forelius,pruinosus,Forelius pruinosus
415,Panoche,PAN3,open,19,ethanol,2,Hymenoptera,Formicidae,NA,Forelius,pruinosus,Forelius pruinosus
555,Cuyama,C3,open,14,ethanol,10,Hymenoptera,Formicidae,NA,Messor,andrei,Messor andrei
556,Cuyama,C3,ephedra,18,ethanol,1,Hymenoptera,Formicidae,NA,Messor,andrei,Messor andrei
557,Panoche,PAN3,open,40,ethanol,56,Hymenoptera,Formicidae,NA,Messor,andrei,Messor andrei
558,Panoche,PAN3,open,40,ethanol,289,Hymenoptera,Formicidae,NA,Messor,andrei,Messor andrei
559,Panoche,PAN3,open,40,ethanol,37,Hymenoptera,Formicidae,NA,Messor,andrei,Messor andrei
560,Panoche,PAN3,ephedra,36,ethanol,18,Hymenoptera,Formicidae,NA,Messor,andrei,Messor andrei
561,Panoche,PAN3,ephedra,40,ethanol,20,Hymenoptera,Formicidae,NA,Messor,andrei,Messor andrei
562,Cuyama,C2,open,10,pinned,3,Hymenoptera,Formicidae,NA,Messor,pergandei,Messor pergandei
563,Cuyama,C2,open,22,pinned,9,Hymenoptera,Formicidae,NA,Messor,pergandei,Messor pergandei
564,Cuyama,C2,ephedra,29,pinned,5,Hymenoptera,Formicidae,NA,Messor,pergandei,Messor pergandei
565,Cuyama,C3,open,14,ethanol,18,Hymenoptera,Formicidae,NA,Messor,pergandei,Messor pergandei
566,Mojave,M1,ephedra,2,ethanol,19,Hymenoptera,Formicidae,NA,Messor,pergandei,Messor pergandei
567,Mojave,M1,ephedra,6,ethanol,4,Hymenoptera,Formicidae,NA,Messor,pergandei,Messor pergandei
568,Mojave,M1,ephedra,14,ethanol,2,Hymenoptera,Formicidae,NA,Messor,pergandei,Messor pergandei
569,Mojave,M1,ephedra,22,ethanol,5,Hymenoptera,Formicidae,NA,Messor,pergandei,Messor pergandei
570,Mojave,M1,ephedra,30,ethanol,10,Hymenoptera,Formicidae,NA,Messor,pergandei,Messor pergandei
571,Mojave,M1,open,2,ethanol,27,Hymenoptera,Formicidae,NA,Messor,pergandei,Messor pergandei
572,Mojave,M1,open,10,ethanol,4,Hymenoptera,Formicidae,NA,Messor,pergandei,Messor pergandei
573,Mojave,M1,open,14,pinned,1,Hymenoptera,Formicidae,NA,Messor,pergandei,Messor pergandei
574,Mojave,M1,open,18,ethanol,14,Hymenoptera,Formicidae,NA,Messor,pergandei,Messor pergandei
575,Mojave,M1,open,22,ethanol,18,Hymenoptera,Formicidae,NA,Messor,pergandei,Messor pergandei
576,Mojave,M1,open,26,ethanol,2,Hymenoptera,Formicidae,NA,Messor,perganedi,Messor pergandei
577,Mojave,M1,open,26,ethanol,6,Hymenoptera,Formicidae,NA,Messor,perganedi,Messor pergandei
578,Mojave,M1,open,30,ethanol,10,Hymenoptera,Formicidae,NA,Messor,pergandei,Messor pergandei
579,Mojave,M2,ephedra,2,ethanol,2,Hymenoptera,Formicidae,NA,Messor,pergandei,Messor pergandei
580,Mojave,M2,ephedra,18,ethanol,30,Hymenoptera,Formicidae,NA,Messor,pergandei,Messor pergandei
581,Mojave,M2,ephedra,30,ethanol,2,Hymenoptera,Formicidae,NA,Messor,pergandei,Messor pergandei
582,Mojave,M2,ephedra,30,ethanol,3,Hymenoptera,Formicidae,NA,Messor,pergandei,Messor pergandei
583,Mojave,M2,open,14,ethanol,3,Hymenoptera,Formicidae,NA,Messor,pergandei,Messor pergandei
584,Mojave,M2,open,14,ethanol,1,Hymenoptera,Formicidae,NA,Messor,pergandei,Messor pergandei
585,Mojave,M2,open,18,ethanol,13,Hymenoptera,Formicidae,NA,Messor,pergandei,Messor pergandei
586,Mojave,M3,ephedra,2,ethanol,1,Hymenoptera,Formicidae,NA,Messor, pergandei,Messor pergandei
587,Mojave,M3,ephedra,14,ethanol,3,Hymenoptera,Formicidae,NA,Messor,pergandei,Messor pergandei
589,Mojave,M3,ephedra,22,ethanol,2,Hymenoptera,Formicidae,NA,Messor,pergandei,Messor pergandei
591,Mojave,M3,open,2,ethanol,8,Hymenoptera,Formicidae,NA,Messor,pergandei,Messor pergandei
592,Mojave,M3,open,6,ethanol,9,Hymenoptera,Formicidae,NA,Messor,pergandei,Messor pergandei
593,Mojave,M3,open,18,ethanol,19,Hymenoptera,Formicidae,NA,Messor,pergandei,Messor pergandei
594,Mojave,M3,open,26,ethanol,5,Hymenoptera,Formicidae,NA,Messor,pergandei,Messor pergandei
588,Mojave,M3,ephedra,18,ethanol,6,Hymenoptera,Formicidae,NA,Messor ,pergandei,Messor pergandei
590,Mojave,M3,ephedra,26,ethanol,7,Hymenoptera,Formicidae,NA,Messor ,pergandei,Messor pergandei
616,Cuyama,C1,open,2,ethanol,3,Hymenoptera,Formicidae,NA,Myrmecocystus,semirufus,Myrmecocystus kennedyi
617,Cuyama,C1,open,18,ethanol,1,Hymenoptera,Formicidae,NA,Myrmecocystus,semirufus,Myrmecocystus kennedyi
618,Cuyama,C1,open,26,ethanol,4,Hymenoptera,Formicidae,NA,Myrmecocystus,semirufus,Myrmecocystus kennedyi
619,Cuyama,C1,open,30,ethanol,10,Hymenoptera,Formicidae,NA,Myrmecocystus,semirufus,Myrmecocystus kennedyi
620,Cuyama,C1,open,10,ethanol,2,Hymenoptera,Formicidae,NA,Myrmecocystus,semirufus,Myrmecocystus kennedyi
621,Cuyama,C1,ephedra,6,ethanol,1,Hymenoptera,Formicidae,NA,Myrmecocystus,semirufus,Myrmecocystus kennedyi
622,Cuyama,C1,ephedra,30,ethanol,1,Hymenoptera,Formicidae,NA,Myrmecocystus,semirufus,Myrmecocystus kennedyi
623,Cuyama,C2,open,2,pinned,2,Hymenoptera,Formicidae,NA,Myrmecocystus,semirufus,Myrmecocystus kennedyi
624,Cuyama,C2,open,2,ethanol,8,Hymenoptera,Formicidae,NA,Myrmecocystus,semirufus,Myrmecocystus kennedyi
625,Cuyama,C2,open,6,ethanol,2,Hymenoptera,Formicidae,NA,Myrmecocystus,semirufus,Myrmecocystus kennedyi
626,Cuyama,C2,open,14,ethanol,1,Hymenoptera,Formicidae,NA,Myrmecocystus,semirufus,Myrmecocystus kennedyi
627,Cuyama,C2,open,26,ethanol,1,Hymenoptera,Formicidae,NA,Myrmecocystus,semirufus,Myrmecocystus kennedyi
628,Cuyama,C2,open,29,ethanol,1,Hymenoptera,Formicidae,NA,Myrmecocystus,semirufus,Myrmecocystus kennedyi
629,Cuyama,C3,open,2,ethanol,2,Hymenoptera,Formicidae,NA,Myrmecocystus,semirufus,Myrmecocystus kennedyi
630,Cuyama,C3,open,9,ethanol,1,Hymenoptera,Formicidae,NA,Myrmecocystus,semirufus,Myrmecocystus kennedyi
631,Cuyama,C3,open,14,ethanol,1,Hymenoptera,Formicidae,NA,Myrmecocystus,semirufus,Myrmecocystus kennedyi
632,Cuyama,C3,open,29,ethanol,3,Hymenoptera,Formicidae,NA,Myrmecocystus,semirufus,Myrmecocystus kennedyi
633,Mojave,M1,open,2,ethanol,5,Hymenoptera,Formicidae,NA,Myrmecocystus,semirufus,Myrmecocystus kennedyi
634,Mojave,M1,open,18,ethanol,8,Hymenoptera,Formicidae,NA,Myrmecocystus,semirufus,Myrmecocystus kennedyi
635,Mojave,M2,ephedra,10,ethanol,2,Hymenoptera,Formicidae,NA,Myrmecocystus,semirufus,Myrmecocystus kennedyi
636,Mojave,M2,open,2,ethanol,1,Hymenoptera,Formicidae,NA,Myrmecocystus,semirufus,Myrmecocystus kennedyi
637,Mojave,M2,open,18,ethanol,1,Hymenoptera,Formicidae,NA,Myrmecocystus,semirufus,Myrmecocystus kennedyi
638,Mojave,M3,ephedra,22,ethanol,1,Hymenoptera,Formicidae,NA,Myrmecocystus,semirufus,Myrmecocystus kennedyi
640,Panoche,PAN1,open,22,ethanol,1,Hymenoptera,Formicidae,NA,Myrmecocystus,semirufus,Myrmecocystus kennedyi
641,Panoche,PAN3,open,23,ethanol,1,Hymenoptera,Formicidae,NA,Myrmecocystus,semirufus,Myrmecocystus kennedyi
614,Mojave,M1,ephedra,26,ethanol,1,Hymenoptera,Formicidae,NA,Myrmecocystus,lugubris,Myrmecocystus lugubris
615,Mojave,M2,ephedra,14,ethanol,2,Hymenoptera,Formicidae,NA,Myrmecocystus,mexicanus,Myrmecocystus mexicanus
642,Cuyama,C2,open,22,ethanol,3,Hymenoptera,Formicidae,NA,Myrmecocystus,testaceus,Myrmecocystus testaceus
643,Cuyama,C2,open,26,ethanol,2,Hymenoptera,Formicidae,NA,Myrmecocystus,testaceus,Myrmecocystus testaceus
644,Cuyama,C3,open,26,ethanol,99,Hymenoptera,Formicidae,NA,Myrmecocystus,testaceus,Myrmecocystus testaceus
645,Cuyama,C3,ephedra,26,ethanol,4,Hymenoptera,Formicidae,NA,Myrmecocystus,testaceus,Myrmecocystus testaceus
646,Mojave,M1,open,2,ethanol,3,Hymenoptera,Formicidae,NA,Myrmecocystus,testaceus,Myrmecocystus testaceus
647,Mojave,M2,open,22,ethanol,1,Hymenoptera,Formicidae,NA,Myrmecocystus,testaceus,Myrmecocystus testaceus
639,Mojave,M3,open,26,ethanol,1,Hymenoptera,Formicidae,NA,Myrmecocystus ,semirufus,Myrmecocystus kennedyi
740,Panoche,PAN2,open,24,NA,47,Hymenoptera,Formicidae,Myrmicinae,NA,hyatti,Pheidole hyatti
701,Cuyama,C1,open,18,voucher,5,Hymenoptera,Formicidae,NA,Pheidole,barbata,Pheidole barbata
702,Mojave,M2,ephedra,2,ethanol,34,Hymenoptera,Formicidae,NA,Pheidole,desertorum,Pheidole desertorum
703,Mojave,M2,ephedra,6,ethanol,3,Hymenoptera,Formicidae,NA,Pheidole,desertorum,Pheidole desertorum
704,Mojave,M2,open,2,ethanol,6,Hymenoptera,Formicidae,NA,Pheidole,desertorum,Pheidole desertorum
705,Mojave,M2,open,6,ethanol,1,Hymenoptera,Formicidae,NA,Pheidole,desertorum,Pheidole desertorum
706,Cuyama,C1,ephedra,2,ethanol,7,Hymenoptera,Formicidae,NA,Pheidole,hyatti,Pheidole hyatti
707,Cuyama,C1,ephedra,14,ethanol,1,Hymenoptera,Formicidae,NA,Pheidole,hyatti,Pheidole hyatti
708,Cuyama,C1,ephedra,30,ethanol,8,Hymenoptera,Formicidae,NA,Pheidole,hyatti,Pheidole hyatti
709,Cuyama,C2,open,6,ethanol,1,Hymenoptera,Formicidae,NA,Pheidole,hyatti,Pheidole hyatti
710,Cuyama,C2,open,10,ethanol,3,Hymenoptera,Formicidae,NA,Pheidole,hyatti,Pheidole hyatti
711,Cuyama,C2,open,18,ethanol,1,Hymenoptera,Formicidae,NA,Pheidole,hyatti,Pheidole hyatti
712,Cuyama,C2,open,22,ethanol,1,Hymenoptera,Formicidae,NA,Pheidole,hyatti,Pheidole hyatti
713,Cuyama,C2,open,29,ethanol,9,Hymenoptera,Formicidae,NA,Pheidole,hyatti,Pheidole hyatti
714,Cuyama,C2,ephedra,2,ethanol,3,Hymenoptera,Formicidae,NA,Pheidole,hyatti,Pheidole hyatti
715,Cuyama,C2,ephedra,10,ethanol,4,Hymenoptera,Formicidae,NA,Pheidole,hyatti,Pheidole hyatti
716,Cuyama,C2,ephedra,14,ethanol,31,Hymenoptera,Formicidae,NA,Pheidole,hyatti,Pheidole hyatti
717,Cuyama,C2,ephedra,26,ethanol,1,Hymenoptera,Formicidae,NA,Pheidole,hyatti,Pheidole hyatti
718,Cuyama,C2,ephedra,29,ethanol,47,Hymenoptera,Formicidae,NA,Pheidole,hyatti,Pheidole hyatti
719,Panoche,PAN1,open,1,ethanol,4,Hymenoptera,Formicidae,NA,Pheidole,hyatti,Pheidole hyatti
720,Panoche,PAN1,open,5,ethanol,8,Hymenoptera,Formicidae,NA,Pheidole,hyatti,Pheidole hyatti
721,Panoche,PAN1,open,9,ethanol,2,Hymenoptera,Formicidae,NA,Pheidole,hyatti,Pheidole hyatti
722,Panoche,PAN1,open,13,ethanol,6,Hymenoptera,Formicidae,NA,Pheidole,hyatti,Pheidole hyatti
723,Panoche,PAN1,open,17,ethanol,3,Hymenoptera,Formicidae,NA,Pheidole,hyatti,Pheidole hyatti
724,Panoche,PAN1,open,34,ethanol,4,Hymenoptera,Formicidae,NA,Pheidole,hyatti,Pheidole hyatti
725,Panoche,PAN1,ephedra,1,ethanol,33,Hymenoptera,Formicidae,NA,Pheidole,hyatti,Pheidole hyatti
726,Panoche,PAN1,ephedra,1,ethanol,3,Hymenoptera,Formicidae,NA,Pheidole,hyatti,Pheidole hyatti
727,Panoche,PAN1,ephedra,5,ethanol,11,Hymenoptera,Formicidae,NA,Pheidole,hyatti,Pheidole hyatti
728,Panoche,PAN1,ephedra,9,ethanol,1,Hymenoptera,Formicidae,NA,Pheidole,hyatti,Pheidole hyatti
729,Panoche,PAN1,ephedra,13,ethanol,11,Hymenoptera,Formicidae,NA,Pheidole,hyatti,Pheidole hyatti
730,Panoche,PAN1,ephedra,17,ethanol,5,Hymenoptera,Formicidae,NA,Pheidole,hyatti,Pheidole hyatti
731,Panoche,PAN1,ephedra,22,ethanol,6,Hymenoptera,Formicidae,NA,Pheidole,hyatti,Pheidole hyatti
732,Panoche,PAN1,ephedra,26,ethanol,119,Hymenoptera,Formicidae,NA,Pheidole,hyatti,Pheidole hyatti
734,Panoche,PAN1,ephedra,34,ethanol,25,Hymenoptera,Formicidae,NA,Pheidole,hyatti,Pheidole hyatti
735,Panoche,PAN2,open,6,ethanol,23,Hymenoptera,Formicidae,NA,Pheidole,hyatti,Pheidole hyatti
736,Panoche,PAN2,open,11,ethanol,1176,Hymenoptera,Formicidae,NA,Pheidole,hyatti,Pheidole hyatti
737,Panoche,PAN2,open,11,ethanol,7,Hymenoptera,Formicidae,NA,Pheidole,hyatti,Pheidole hyatti
738,Panoche,PAN2,open,11,ethanol,10,Hymenoptera,Formicidae,NA,Pheidole,hyatti,Pheidole hyatti
739,Panoche,PAN2,open,15,ethanol,19,Hymenoptera,Formicidae,Myrmicinae,Pheidole,hyatti,Pheidole hyatti
741,Panoche,PAN2,open,18,pinned,2,Hymenoptera,Formicidae,NA,Pheidole,hyatti,Pheidole hyatti
742,Panoche,PAN2,open,18,ethanol,44,Hymenoptera,Formicidae,NA,Pheidole,hyatti,Pheidole hyatti
743,Panoche,PAN2,ephedra,6,NA,26,Hymenoptera,Formicidae,NA,Pheidole,hyatti,Pheidole hyatti
744,Panoche,PAN2,ephedra,11,NA,11,Hymenoptera,Formicidae,NA,Pheidole,hyatti,Pheidole hyatti
745,Panoche,PAN2,ephedra,15,ethanol,10,Hymenoptera,Formicidae,NA,Pheidole,hyatti,Pheidole hyatti
746,Panoche,PAN2,ephedra,24,NA,7,Hymenoptera,Formicidae,NA,Pheidole,hyatti,Pheidole hyatti
747,Panoche,PAN2,ephedra,32,pinned,2,Hymenoptera,Formicidae,NA,Pheidole,hyatti,Pheidole hyatti
748,Panoche,PAN3,open,6,ethanol,4,Hymenoptera,Formicidae,NA,Pheidole,hyatti,Pheidole hyatti
749,Panoche,PAN3,open,8,ethanol,11,Hymenoptera,Formicidae,NA,Pheidole,hyatti,Pheidole hyatti
750,Panoche,PAN3,open,12,ethanol,3,Hymenoptera,Formicidae,NA,Pheidole,hyatti,Pheidole hyatti
751,Panoche,PAN3,open,16,ethanol,12,Hymenoptera,Formicidae,NA,Pheidole,hyatti,Pheidole hyatti
752,Panoche,PAN3,open,19,ethanol,13,Hymenoptera,Formicidae,NA,Pheidole,hyatti,Pheidole hyatti
753,Panoche,PAN3,open,23,ethanol,11,Hymenoptera,Formicidae,NA,Pheidole,hyatti,Pheidole hyatti
754,Panoche,PAN3,open,28,ethanol,8,Hymenoptera,Formicidae,NA,Pheidole,hyatti,Pheidole hyatti
755,Panoche,PAN3,open,32,ethanol,4,Hymenoptera,Formicidae,NA,Pheidole,hyatti,Pheidole hyatti
756,Panoche,PAN3,open,40,ethanol,16,Hymenoptera,Formicidae,NA,Pheidole,hyatti,Pheidole hyatti
757,Panoche,PAN3,ephedra,8,ethanol,3,Hymenoptera,Formicidae,NA,Pheidole,hyatti,Pheidole hyatti
758,Panoche,PAN3,ephedra,12,ethanol,11,Hymenoptera,Formicidae,NA,Pheidole,hyatti,Pheidole hyatti
759,Panoche,PAN3,ephedra,16,ethanol,6,Hymenoptera,Formicidae,NA,Pheidole,hyatti,Pheidole hyatti
760,Panoche,PAN3,ephedra,23,ethanol,3,Hymenoptera,Formicidae,NA,Pheidole,hyatti,Pheidole hyatti
761,Panoche,PAN3,ephedra,28,ethanol,12,Hymenoptera,Formicidae,NA,Pheidole,hyatti,Pheidole hyatti
763,Panoche,PAN3,ephedra,32,ethanol,2,Hymenoptera,Formicidae,NA,Pheidole,hyatti,Pheidole hyatti
764,Panoche,PAN3,ephedra,36,ethanol,17,Hymenoptera,Formicidae,NA,Pheidole,hyatti,Pheidole hyatti
765,Panoche,PAN3,ephedra,40,ethanol,57,Hymenoptera,Formicidae,NA,Pheidole,hyatti,Pheidole hyatti
762,Panoche,PAN3,ephedra,28,ethanol,1,Hymenoptera,Formicidae,NA,Pheidole - major,hyatti,Pheidole hyatti
733,Panoche,PAN1,ephedra,26,ethanol,4,Hymenoptera,Formicidae,NA,Pheidole major,hyatti,Pheidole hyatti
779,Cuyama,C1,open,18,ethanol,7,Hymenoptera,Formicidae,NA,Pogonomyrmex,californicus,Pogonomyrmex californicus
780,Cuyama,C1,open,21,ethanol,14,Hymenoptera,Formicidae,NA,Pogonomyrmex,californicus,Pogonomyrmex californicus
781,Cuyama,C1,open,10,ethanol,1,Hymenoptera,Formicidae,NA,Pogonomyrmex,californicus,Pogonomyrmex californicus
782,Cuyama,C2,open,2,ethanol,13,Hymenoptera,Formicidae,NA,Pogonomyrmex,californicus,Pogonomyrmex californicus
783,Cuyama,C2,open,2,ethanol,28,Hymenoptera,Formicidae,NA,Pogonomyrmex,californicus,Pogonomyrmex californicus
784,Cuyama,C2,open,6,ethanol,1,Hymenoptera,Formicidae,NA,Pogonomyrmex,californicus,Pogonomyrmex californicus
785,Cuyama,C2,open,10,ethanol,13,Hymenoptera,Formicidae,NA,Pogonomyrmex,californicus,Pogonomyrmex californicus
786,Cuyama,C2,open,14,ethanol,4,Hymenoptera,Formicidae,NA,Pogonomyrmex,californicus,Pogonomyrmex californicus
787,Cuyama,C2,open,18,ethanol,3,Hymenoptera,Formicidae,NA,Pogonomyrmex,californicus,Pogonomyrmex californicus
788,Cuyama,C2,open,22,ethanol,10,Hymenoptera,Formicidae,NA,Pogonomyrmex,californicus,Pogonomyrmex californicus
789,Cuyama,C2,open,29,ethanol,3,Hymenoptera,Formicidae,NA,Pogonomyrmex,californicus,Pogonomyrmex californicus
790,Cuyama,C2,ephedra,2,ethanol,1,Hymenoptera,Formicidae,NA,Pogonomyrmex,californicus,Pogonomyrmex californicus
791,Mojave,M1,ephedra,2,ethanol,1,Hymenoptera,Formicidae,NA,Pogonomyrmex,californicus,Pogonomyrmex californicus
792,Mojave,M1,ephedra,6,ethanol,3,Hymenoptera,Formicidae,NA,Pogonomyrmex,californicus,Pogonomyrmex californicus
793,Mojave,M1,ephedra,10,ethanol,8,Hymenoptera,Formicidae,NA,Pogonomyrmex,californicus,Pogonomyrmex californicus
794,Mojave,M1,ephedra,30,ethanol,1,Hymenoptera,Formicidae,NA,Pogonomyrmex,californicus,Pogonomyrmex californicus
795,Mojave,M1,open,2,ethanol,1,Hymenoptera,Formicidae,NA,Pogonomyrmex,californicus,Pogonomyrmex californicus
797,Mojave,M1,open,10,ethanol,2,Hymenoptera,Formicidae,NA,Pogonomyrmex,californicus,Pogonomyrmex californicus
798,Mojave,M1,open,14,ethanol,1,Hymenoptera,Formicidae,NA,Pogonomyrmex,californicus,Pogonomyrmex californicus
799,Mojave,M1,open,22,ethanol,2,Hymenoptera,Formicidae,NA,Pogonomyrmex,californicus,Pogonomyrmex californicus
800,Mojave,M1,open,30,ethanol,3,Hymenoptera,Formicidae,NA,Pogonomyrmex,californicus,Pogonomyrmex californicus
801,Mojave,M2,ephedra,2,ethanol,1,Hymenoptera,Formicidae,NA,Pogonomyrmex,californicus,Pogonomyrmex californicus
802,Mojave,M2,ephedra,6,ethanol,1,Hymenoptera,Formicidae,NA,Pogonomyrmex,californicus,Pogonomyrmex californicus
803,Mojave,M2,open,2,ethanol,1,Hymenoptera,Formicidae,NA,Pogonomyrmex,californicus,Pogonomyrmex californicus
804,Mojave,M2,open,26,ethanol,5,Hymenoptera,Formicidae,NA,Pogonomyrmex,californicus,Pogonomyrmex californicus
796,Mojave,M1,open,6,ethanol,1,Hymenoptera,Formicidae,NA,Pogonomyrmex ,californicus,Pogonomyrmex californicus
878,Panoche,PAN3,ephedra,16,pinned,1,Hymenoptera,Formicidae,NA,Solenepsis,aurea,Solenopsis aurea
915,Panoche,PAN3,ephedra,16,pinned,1,Hymenoptera,Formicidae,NA,Solenepsis,xyloni,Solenopsis xyloni
879,Cuyama,C1,open,2,ethanol,18,Hymenoptera,Formicidae,NA,Solenopsis,xyloni,Solenopsis xyloni
880,Cuyama,C1,open,6,ethanol,6,Hymenoptera,Formicidae,NA,Solenopsis,xyloni,Solenopsis xyloni
881,Cuyama,C1,open,30,ethanol,4,Hymenoptera,Formicidae,NA,Solenopsis,xyloni,Solenopsis xyloni
882,Cuyama,C1,open,10,ethanol,1,Hymenoptera,Formicidae,NA,Solenopsis,xyloni,Solenopsis xyloni
883,Cuyama,C1,ephedra,2,ethanol,39,Hymenoptera,Formicidae,NA,Solenopsis,xyloni,Solenopsis xyloni
884,Cuyama,C1,ephedra,6,ethanol,1,Hymenoptera,Formicidae,NA,Solenopsis,xyloni,Solenopsis xyloni
885,Cuyama,C1,ephedra,18,ethanol,1,Hymenoptera,Formicidae,NA,Solenopsis,xyloni,Solenopsis xyloni
886,Cuyama,C1,ephedra,26,ethanol,2,Hymenoptera,Formicidae,NA,Solenopsis,xyloni,Solenopsis xyloni
887,Cuyama,C1,ephedra,30,ethanol,4,Hymenoptera,Formicidae,NA,Solenopsis,xyloni,Solenopsis xyloni
888,Cuyama,C2,open,2,ethanol,1,Hymenoptera,Formicidae,NA,Solenopsis,xyloni,Solenopsis xyloni
889,Cuyama,C2,open,6,ethanol,8,Hymenoptera,Formicidae,NA,Solenopsis,xyloni,Solenopsis xyloni
890,Cuyama,C2,open,14,ethanol,1,Hymenoptera,Formicidae,NA,Solenopsis,xyloni,Solenopsis xyloni
891,Cuyama,C2,open,22,ethanol,2,Hymenoptera,Formicidae,NA,Solenopsis,xyloni,Solenopsis xyloni
892,Cuyama,C2,open,26,ethanol,8,Hymenoptera,Formicidae,NA,Solenopsis,xyloni,Solenopsis xyloni
893,Cuyama,C2,ephedra,2,ethanol,2,Hymenoptera,Formicidae,NA,Solenopsis,xyloni,Solenopsis xyloni
894,Cuyama,C2,ephedra,6,ethanol,18,Hymenoptera,Formicidae,NA,Solenopsis,xyloni,Solenopsis xyloni
895,Cuyama,C2,ephedra,10,ethanol,5,Hymenoptera,Formicidae,NA,Solenopsis,xyloni,Solenopsis xyloni
896,Cuyama,C2,ephedra,14,ethanol,72,Hymenoptera,Formicidae,NA,Solenopsis,xyloni,Solenopsis xyloni
897,Cuyama,C2,ephedra,22,ethanol,1,Hymenoptera,Formicidae,NA,Solenopsis,xyloni,Solenopsis xyloni
898,Cuyama,C2,ephedra,26,ethanol,10,Hymenoptera,Formicidae,NA,Solenopsis,xyloni,Solenopsis xyloni
899,Cuyama,C3,open,22,ethanol,10,Hymenoptera,Formicidae,NA,Solenopsis,xyloni,Solenopsis xyloni
900,Cuyama,C3,ephedra,9,ethanol,5,Hymenoptera,Formicidae,NA,Solenopsis,xyloni,Solenopsis xyloni
901,Cuyama,C3,ephedra,18,ethanol,2,Hymenoptera,Formicidae,NA,Solenopsis,xyloni,Solenopsis xyloni
902,Mojave,M1,ephedra,10,ethanol,4,Hymenoptera,Formicidae,NA,Solenopsis,xyloni,Solenopsis xyloni
903,Mojave,M3,ephedra,14,ethanol,1,Hymenoptera,Formicidae,NA,Solenopsis,xyloni,Solenopsis xyloni
904,Panoche,PAN1,open,1,ethanol,1,Hymenoptera,Formicidae,NA,Solenopsis,xyloni,Solenopsis xyloni
905,Panoche,PAN1,open,34,ethanol,19,Hymenoptera,Formicidae,NA,Solenopsis,xyloni,Solenopsis xyloni
906,Panoche,PAN1,ephedra,9,ethanol,2,Hymenoptera,Formicidae,NA,Solenopsis,xyloni,Solenopsis xyloni
907,Panoche,PAN1,ephedra,17,ethanol,1,Hymenoptera,Formicidae,NA,Solenopsis,xyloni,Solenopsis xyloni
908,Panoche,PAN1,ephedra,38,ethanol,1,Hymenoptera,Formicidae,NA,Solenopsis,xyloni,Solenopsis xyloni
909,Panoche,PAN2,open,15,ethanol,3,Hymenoptera,Formicidae,Myrmicinae,Solenopsis,xyloni,Solenopsis xyloni
910,Panoche,PAN2,open,18,pinned,2,Hymenoptera,Formicidae,NA,Solenopsis,xyloni,Solenopsis xyloni
912,Panoche,PAN2,ephedra,15,ethanol,1,Hymenoptera,Formicidae,NA,Solenopsis,xyloni,Solenopsis xyloni
913,Panoche,PAN3,open,23,ethanol,1,Hymenoptera,Formicidae,NA,Solenopsis,xyloni,Solenopsis xyloni
914,Panoche,PAN3,ephedra,12,ethanol,7,Hymenoptera,Formicidae,NA,Solenopsis,xyloni,Solenopsis xyloni
916,Panoche,PAN3,ephedra,36,ethanol,12,Hymenoptera,Formicidae,NA,Solenopsis,xyloni,Solenopsis xyloni
917,Panoche,PAN3,ephedra,40,ethanol,8,Hymenoptera,Formicidae,NA,Solenopsis,xyloni,Solenopsis xyloni
911,Panoche,PAN2,ephedra,6,NA,1,Hymenoptera,Formicidae,NA,Solenopsis ,xyloni,Solenopsis xyloni
927,Cuyama,C1,ephedra,2,ethanol,14,Hymenoptera,Formicidae,NA,Tapinoma,sessile,Tapinoma sessile
928,Cuyama,C1,ephedra,26,ethanol,1,Hymenoptera,Formicidae,NA,Temnothorax,andrei,Temnothorax andrei
929,Cuyama,C2,ephedra,6,ethanol,2,Hymenoptera,Formicidae,NA,Temnothorax,andrei,Temnothorax andrei
930,Cuyama,C2,ephedra,10,ethanol,1,Hymenoptera,Formicidae,NA,Temnothorax,andrei,Temnothorax andrei
931,Cuyama,C2,ephedra,14,ethanol,2,Hymenoptera,Formicidae,NA,Temnothorax,andrei,Temnothorax andrei
932,Cuyama,C2,ephedra,22,ethanol,2,Hymenoptera,Formicidae,NA,Temnothorax,andrei,Temnothorax andrei
933,Cuyama,C2,ephedra,26,ethanol,2,Hymenoptera,Formicidae,NA,Temnothorax,andrei,Temnothorax andrei
934,Cuyama,C2,ephedra,29,ethanol,4,Hymenoptera,Formicidae,NA,Temnothorax,andrei,Temnothorax andrei
475,Cuyama,C1,open,21,pinned,1,Hymenoptera,Halictidae,NA,Lasioglossum (Dialictus),NA,Lasioglossum
268,Mojave,M2,open,2,pinned,1,Hymenoptera,Mutillidae,NA,Dasymutilla,gloriosa,Dasymutilla gloriosa
270,Mojave,M2,open,2,pinned,1,Hymenoptera,Mutillidae,NA,Dilophotopsis,NA,Dilophotopsis
679,Panoche,PAN1,ephedra,34,pinned,1,Hymenoptera,Mutillidae,NA,NA,NA,Odontophotopsis 
674,Mojave,M1,ephedra,22,ethanol,1,Hymenoptera,Mutillidae,NA,Odontophotopsis,NA,Odontophotopsis
675,Mojave,M1,open,14,pinned,1,Hymenoptera,Mutillidae,NA,Odontophotopsis,NA,Odontophotopsis
677,Mojave,M1,open,22,ethanol,1,Hymenoptera,Mutillidae,NA,Odontophotopsis,NA,Odontophotopsis 
678,Mojave,M2,open,22,pinned,1,Hymenoptera,Mutillidae,NA,Odontophotopsis,NA,Odontophotopsis 
680,Panoche,PAN2,ephedra,6,pinned,1,Hymenoptera,Mutillidae,NA,Odontophotopsis,NA,Odontophotopsis 
681,Panoche,PAN3,ephedra,32,pinned,1,Hymenoptera,Mutillidae,NA,Odontophotopsis,NA,Odontophotopsis 
918,Mojave,M1,ephedra,10,ethanol,1,Hymenoptera,Mutillidae,NA,Sphaeropthalma,becki,Sphaeropthalma becki
921,Cuyama,C2,ephedra,14,pinned,1,Hymenoptera,Mutillidae,NA,Sphaeropthalma,brachyptera,Sphaeropthalma brachyptera
922,Panoche,PAN1,ephedra,34,pinned,1,Hymenoptera,Mutillidae,NA,Sphaeropthalma,brachyptera,Sphaeropthalma brachyptera
925,Panoche,PAN3,open,6,pinned,1,Hymenoptera,Mutillidae,NA,Sphaeropthalma,edwardsii,Sphaeropthalma edwardsii
676,Mojave,M3,ephedra,14,pinned,1,Hymenoptera,Mutillidae,NA,Sphaeropthalma ,difficilis,Sphaeropthalma difficilis
919,Mojave,M1,ephedra,22,ethanol,1,Hymenoptera,Mutillidae,NA,Sphaeropthalma ,becki,Sphaeropthalma becki
920,Mojave,M1,open,30,ethanol,1,Hymenoptera,Mutillidae,NA,Sphaeropthalma ,becki,Sphaeropthalma becki
923,Mojave,M3,ephedra,14,pinned,1,Hymenoptera,Mutillidae,NA,Sphaeropthalma ,difficilis,Sphaeropthalma difficilis
924,Mojave,M3,ephedra,18,ethanol,1,Hymenoptera,Mutillidae,NA,tiny one,NA,Sphaeropthalma difficilis
805,Cuyama,C3,ephedra,18,pinned,1,Hymenoptera,Pompilidae,NA,NA,NA,Pompilidae
806,Mojave,M1,ephedra,2,pinned,1,Hymenoptera,Pompilidae,NA,NA,NA,Pompilidae
807,Mojave,M1,ephedra,26,ethanol,1,Hymenoptera,Pompilidae,NA,NA,NA,Pompilidae
808,Mojave,M1,open,22,ethanol,1,Hymenoptera,Pompilidae,NA,NA,NA,Pompilidae
809,Mojave,M2,open,2,pinned,1,Hymenoptera,Pompilidae,NA,NA,NA,Pompilidae
700,Mojave,M1,open,6,ethanol,1,Hymenoptera,Pompilidae,NA,Pepsis,chrysothemis,Pepsis chrysothemis
851,Panoche,PAN2,ephedra,32,NA,1,Hymenoptera,Pteromalidae,NA,Pteromalidae,NA,Pteromalidae
690,Panoche,PAN1,ephedra,34,pinned,1,Hymenoptera,Tiphidae,NA,Paratiphia,NA,Paratiphia
138,Mojave,M3,ephedra,2,ethanol,1,Hymenoptera,Tiphiidae,"
Brachycistidinae
",NA,NA,Brachycistidinae
139,Mojave,M3,open,30,ethanol,1,Hymenoptera,Tiphiidae,Brachycistidinae,NA,NA,Brachycistidinae
810,Cuyama,C1,ephedra,30,ethanol,1,Isopoda,Porcellionidae,NA,Porcellio,laevis,Porcellio laevis
479,Mojave,M2,open,2,ethanol,1,Mantodea,Mantidae,Amelina,Litaneutria,minor,Litaneutria minor
480,Mojave,M2,open,10,ethanol,1,Mantodea,Mantidae,Amelina,Litaneutria,minor,Litaneutria minor
481,Panoche,PAN1,open,5,pinned,1,Mantodea,Mantidae,NA,Litaneutria,minor,Litaneutria minor
482,Panoche,PAN1,open,17,pinned,1,Mantodea,Mantidae,NA,Litaneutria,minor,Litaneutria minor
483,Panoche,PAN1,ephedra,9,pinned,3,Mantodea,Mantidae,NA,Litaneutria,minor,Litaneutria minor
484,Panoche,PAN1,ephedra,22,pinned,1,Mantodea,Mantidae,NA,Litaneutria,minor,Litaneutria minor
485,Panoche,PAN1,ephedra,34,pinned,1,Mantodea,Mantidae,NA,Litaneutria,minor,Litaneutria minor
486,Panoche,PAN2,open,18,pinned,1,Mantodea,Mantidae,Amelinae,Litaneutria,minor,Litaneutria minor
537,Panoche,PAN1,ephedra,34,ethanol,1,Microcoryphia,Meinertellidae,NA,Machilinus,aurantiacus,Machilinus aurantiacus
538,Panoche,PAN1,ephedra,38,ethanol,5,Microcoryphia,Meinertellidae,NA,Machilinus,aurantiacus,Machilinus aurantiacus
539,Panoche,PAN2,open,24,NA,1,Microcoryphia,Meinertellidae,NA,Machilinus,aurantiacus,Machilinus aurantiacus
540,Panoche,PAN2,open,18,ethanol,1,Microcoryphia,Meinertellidae,NA,Machilinus,aurantiacus,Machilinus aurantiacus
541,Panoche,PAN2,ephedra,6,NA,3,Microcoryphia,Meinertellidae,NA,Machilinus,aurantiacus,Machilinus aurantiacus
542,Panoche,PAN2,ephedra,15,ethanol,1,Microcoryphia,Meinertellidae,NA,Machilinus,aurantiacus,Machilinus aurantiacus
543,Panoche,PAN2,ephedra,32,ethanol,2,Microcoryphia,Meinertellidae,NA,Machilinus,aurantiacus,Machilinus aurantiacus
544,Panoche,PAN3,open,28,ethanol,1,Microcoryphia,Meinertellidae,NA,Machilinus,aurantiacus,Machilinus aurantiacus
549,Panoche,PAN3,ephedra,19,ethanol,2,Microcoryphia,Meinertellidae,NA,Machilinus,aurantiacus,Machilinus aurantiacus
550,Panoche,PAN3,ephedra,23,ethanol,2,Microcoryphia,Meinertellidae,NA,Machilinus,aurantiacus,Machilinus aurantiacus
551,Panoche,PAN3,ephedra,28,ethanol,3,Microcoryphia,Meinertellidae,NA,Machilinus,aurantiacus,Machilinus aurantiacus
552,Panoche,PAN3,ephedra,32,ethanol,4,Microcoryphia,Meinertellidae,NA,Machilinus,aurantiacus,Machilinus aurantiacus
546,Panoche,PAN3,ephedra,8,ethanol,5,Microcoryphia,Meinertellidae,NA,Machilinus ,aurantiacus,Machilinus aurantiacus
553,Panoche,PAN3,ephedra,36,ethanol,11,Microcoryphia,Meinertellidae,NA,Machilinus ,aurantiacus,Machilinus aurantiacus
554,Panoche,PAN3,ephedra,40,ethanol,7,Microcoryphia,Meinertellidae,NA,Machilinus ,aurantiacus,Machilinus aurantiacus
490,Cuyama,C1,open,30,ethanol,1,Microcoryphia,Meintertellidae,NA,Machilinus,aurantiacus,Machilinus aurantiacus
491,Cuyama,C1,ephedra,2,ethanol,8,Microcoryphia,Meintertellidae,NA,Machilinus,aurantiacus,Machilinus aurantiacus
492,Cuyama,C1,ephedra,10,ethanol,9,Microcoryphia,Meintertellidae,NA,Machilinus,aurantiacus,Machilinus aurantiacus
493,Cuyama,C1,ephedra,14,ethanol,24,Microcoryphia,Meintertellidae,NA,Machilinus,aurantiacus,Machilinus aurantiacus
494,Cuyama,C1,ephedra,18,ethanol,43,Microcoryphia,Meintertellidae,NA,Machilinus,aurantiacus,Machilinus aurantiacus
495,Cuyama,C1,ephedra,26,ethanol,11,Microcoryphia,Meintertellidae,NA,Machilinus,aurantiacus,Machilinus aurantiacus
496,Cuyama,C1,ephedra,30,ethanol,9,Microcoryphia,Meintertellidae,NA,Machilinus,aurantiacus,Machilinus aurantiacus
497,Cuyama,C2,open,10,ethanol,1,Microcoryphia,Meintertellidae,NA,Machilinus,aurantiacus,Machilinus aurantiacus
498,Cuyama,C2,open,26,ethanol,2,Microcoryphia,Meintertellidae,NA,Machilinus,aurantiacus,Machilinus aurantiacus
499,Cuyama,C2,ephedra,2,ethanol,18,Microcoryphia,Meintertellidae,NA,Machilinus,aurantiacus,Machilinus aurantiacus
500,Cuyama,C2,ephedra,6,ethanol,13,Microcoryphia,Meintertellidae,NA,Machilinus,aurantiacus,Machilinus aurantiacus
501,Cuyama,C2,ephedra,10,ethanol,39,Microcoryphia,Meintertellidae,NA,Machilinus,aurantiacus,Machilinus aurantiacus
502,Cuyama,C2,ephedra,14,ethanol,5,Microcoryphia,Meintertellidae,NA,Machilinus,aurantiacus,Machilinus aurantiacus
503,Cuyama,C2,ephedra,14,ethanol,40,Microcoryphia,Meintertellidae,NA,Machilinus,aurantiacus,Machilinus aurantiacus
504,Cuyama,C2,ephedra,18,ethanol,7,Microcoryphia,Meintertellidae,NA,Machilinus,aurantiacus,Machilinus aurantiacus
505,Cuyama,C2,ephedra,22,ethanol,25,Microcoryphia,Meintertellidae,NA,Machilinus,aurantiacus,Machilinus aurantiacus
506,Cuyama,C2,ephedra,26,ethanol,5,Microcoryphia,Meintertellidae,NA,Machilinus,aurantiacus,Machilinus aurantiacus
507,Cuyama,C2,ephedra,29,ethanol,3,Microcoryphia,Meintertellidae,NA,Machilinus,aurantiacus,Machilinus aurantiacus
508,Cuyama,C3,ephedra,2,ethanol,6,Microcoryphia,Meintertellidae,NA,Machilinus,aurantiacus,Machilinus aurantiacus
509,Cuyama,C3,ephedra,18,ethanol,2,Microcoryphia,Meintertellidae,NA,Machilinus,aurantiacus,Machilinus aurantiacus
510,Cuyama,C3,ephedra,29,ethanol,6,Microcoryphia,Meintertellidae,NA,Machilinus,aurantiacus,Machilinus aurantiacus
511,Mojave,M1,ephedra,2,ethanol,4,Microcoryphia,Meintertellidae,NA,Machilinus,aurantiacus,Machilinus aurantiacus
512,Mojave,M1,ephedra,6,ethanol,6,Microcoryphia,Meintertellidae,NA,Machilinus,aurantiacus,Machilinus aurantiacus
513,Mojave,M1,ephedra,10,ethanol,5,Microcoryphia,Meintertellidae,NA,Machilinus,aurantiacus,Machilinus aurantiacus
514,Mojave,M1,ephedra,14,ethanol,1,Microcoryphia,Meintertellidae,NA,Machilinus,aurantiacus,Machilinus aurantiacus
515,Mojave,M1,ephedra,26,ethanol,6,Microcoryphia,Meintertellidae,NA,Machilinus,aurantiacus,Machilinus aurantiacus
516,Mojave,M1,ephedra,30,ethanol,12,Microcoryphia,Meintertellidae,NA,Machilinus,aurantiacus,Machilinus aurantiacus
517,Mojave,M2,ephedra,2,ethanol,2,Microcoryphia,Meintertellidae,NA,Machilinus,aurantiacus,Machilinus aurantiacus
518,Mojave,M2,ephedra,2,ethanol,181,Microcoryphia,Meintertellidae,NA,Machilinus,aurantiacus,Machilinus aurantiacus
519,Mojave,M2,ephedra,6,ethanol,91,Microcoryphia,Meintertellidae,NA,Machilinus,aurantiacus,Machilinus aurantiacus
520,Mojave,M2,ephedra,10,ethanol,28,Microcoryphia,Meintertellidae,NA,Machilinus,aurantiacus,Machilinus aurantiacus
521,Mojave,M2,ephedra,14,ethanol,101,Microcoryphia,Meintertellidae,NA,Machilinus,aurantiacus,Machilinus aurantiacus
522,Mojave,M2,ephedra,18,ethanol,71,Microcoryphia,Meintertellidae,NA,Machilinus,aurantiacus,Machilinus aurantiacus
523,Mojave,M2,ephedra,26,ethanol,76,Microcoryphia,Meintertellidae,NA,Machilinus,aurantiacus,Machilinus aurantiacus
524,Mojave,M2,ephedra,26,ethanol,33,Microcoryphia,Meintertellidae,NA,Machilinus,aurantiacus,Machilinus aurantiacus
525,Mojave,M2,ephedra,30,ethanol,9,Microcoryphia,Meintertellidae,NA,Machilinus,aurantiacus,Machilinus aurantiacus
526,Mojave,M2,ephedra,30,ethanol,141,Microcoryphia,Meintertellidae,NA,Machilinus,aurantiacus,Machilinus aurantiacus
527,Mojave,M2,open,2,ethanol,5,Microcoryphia,Meintertellidae,NA,Machilinus,aurantiacus,Machilinus aurantiacus
528,Mojave,M2,open,6,ethanol,3,Microcoryphia,Meintertellidae,NA,Machilinus,aurantiacus,Machilinus aurantiacus
529,Mojave,M2,open,18,ethanol,1,Microcoryphia,Meintertellidae,NA,Machilinus,aurantiacus,Machilinus aurantiacus
530,Mojave,M2,open,22,ethanol,6,Microcoryphia,Meintertellidae,NA,Machilinus,aurantiacus,Machilinus aurantiacus
531,Mojave,M2,open,26,ethanol,4,Microcoryphia,Meintertellidae,NA,Machilinus,aurantiacus,Machilinus aurantiacus
532,Mojave,M3,ephedra,2,ethanol,6,Microcoryphia,Meintertellidae,NA,Machilinus,aurantiacus,Machilinus aurantiacus
533,Mojave,M3,ephedra,6,ethanol,7,Microcoryphia,Meintertellidae,NA,Machilinus,aurantiacus,Machilinus aurantiacus
534,Mojave,M3,ephedra,30,ethanol,3,Microcoryphia,Meintertellidae,NA,Machilinus,aurantiacus,Machilinus aurantiacus
535,Panoche,PAN1,ephedra,13,ethanol,3,Microcoryphia,Meintertellidae,NA,Machilinus,aurantiacus,Machilinus aurantiacus
536,Panoche,PAN1,ephedra,22,ethanol,1,Microcoryphia,Meintertellidae,NA,Machilinus,aurantiacus,Machilinus aurantiacus
545,Panoche,PAN3,open,32,ethanol,2,Microcoryphia,Meintertellidae,NA,Machilinus,aurantiacus,Machilinus aurantiacus
547,Panoche,PAN3,ephedra,12,ethanol,7,Microcoryphia,Meintertellidae,NA,Machilinus,aurantiacus,Machilinus aurantiacus
548,Panoche,PAN3,ephedra,16,ethanol,3,Microcoryphia,Meintertellidae,NA,Machilinus,aurantiacus,Machilinus aurantiacus
217,Mojave,M1,open,18,ethanol,1,Neuroptera,Chrysopidae,NA,Chrysoperla,NA,Chrysoperla
218,Mojave,M2,open,2,ethanol,1,Neuroptera,Chrysopidae,NA,Chrysoperla,NA,Chrysoperla
369,Mojave,M1,open,26,ethanol,1,Neuroptera,Chrysopidae,NA,Eremochrysa,NA,Eremochrysa
370,Mojave,M3,ephedra,18,ethanol,2,Neuroptera,Chrysopidae,NA,Eremochrysa,NA,Eremochrysa
371,Mojave,M3,open,18,ethanol,1,Neuroptera,Chrysopidae,NA,Eremochyrsa,NA,Eremochrysa
375,Mojave,M3,ephedra,14,ethanol,1,Neuroptera,Myrmeleontidae,NA,Euptilon ,NA,Euptilon 
648,Mojave,M1,ephedra,18,pinned,1,Neuroptera,Myrmeleontidae,NA,NA,NA,Myrmeleontidae 2
650,Mojave,M1,open,30,ethanol,2,Neuroptera,Myrmeleontidae,NA,NA,striped like the pinned one,Myrmeleontidae 2
877,Mojave,M2,ephedra,6,pinned,1,Neuroptera,Myrmeleontidae,NA,Scotoleon,longipalpis,Scotoleon longipalpis
649,Mojave,M1,ephedra,22,ethanol,1,Neuroptera,Myrmeleontidae,NA,striped,NA,Myrmeleontidae 2
226,Mojave,M2,ephedra,30,pinned,2,Orthoptera,Acrididae,Gomphocerinae,Cibolacris,parviceps,Cibolacris parviceps
227,Mojave,M2,open,22,pinned,1,Orthoptera,Acrididae,Gomphocerinae,Cibolacris,parviceps,Cibolacris parviceps
374,Cuyama,C1,open,30,pinned,1,Orthoptera,Acrididae,Gomphocerinae,Eupnigodes ,sierranus,Eupnigodes sierranus
947,Cuyama,C1,open,26,pinned,1,Orthoptera,Acrididae,Oedipodinae,Trimerotropis,pallidipennis,Trimerotropis pallidipennis
948,Cuyama,C2,open,2,pinned,1,Orthoptera,Acrididae,Oedipodinae,Trimerotropis,pallidipennis,Trimerotropis pallidipennis
949,Cuyama,C2,open,14,pinned,1,Orthoptera,Acrididae,Oedipodinae,Trimerotropis,pallidipennis,Trimerotropis pallidipennis
950,Cuyama,C2,open,29,pinned,1,Orthoptera,Acrididae,Oedipodinae,Trimerotropis,pallidipennis,Trimerotropis pallidipennis
951,Cuyama,C2,ephedra,14,pinned,1,Orthoptera,Acrididae,Oedipodinae,Trimerotropis,pallidipennis,Trimerotropis pallidipennis
169,Cuyama,C1,ephedra,14,ethanol,1,Orthoptera,Rhaphidophoridae,NA,Ceuthophilus,californicus,Ceuthophilus californicus
170,Cuyama,C1,ephedra,30,ethanol,2,Orthoptera,Rhaphidophoridae,NA,Ceuthophilus,californicus,Ceuthophilus californicus
171,Cuyama,C2,open,26,ethanol,3,Orthoptera,Rhaphidophoridae,NA,Ceuthophilus,californicus,Ceuthophilus californicus
172,Cuyama,C2,ephedra,6,ethanol,1,Orthoptera,Rhaphidophoridae,NA,Ceuthophilus,californicus,Ceuthophilus californicus
173,Cuyama,C2,ephedra,10,ethanol,6,Orthoptera,Rhaphidophoridae,NA,Ceuthophilus,californicus,Ceuthophilus californicus
174,Cuyama,C2,ephedra,14,ethanol,1,Orthoptera,Rhaphidophoridae,NA,Ceuthophilus,californicus,Ceuthophilus californicus
175,Cuyama,C2,ephedra,22,ethanol,2,Orthoptera,Rhaphidophoridae,NA,Ceuthophilus,californicus,Ceuthophilus californicus
176,Cuyama,C3,open,14,ethanol,1,Orthoptera,Rhaphidophoridae,NA,Ceuthophilus,californicus,Ceuthophilus californicus
177,Cuyama,C3,open,26,ethanol,2,Orthoptera,Rhaphidophoridae,NA,Ceuthophilus,californicus,Ceuthophilus californicus
178,Cuyama,C3,ephedra,2,ethanol,1,Orthoptera,Rhaphidophoridae,NA,Ceuthophilus,californicus,Ceuthophilus californicus
179,Cuyama,C3,ephedra,9,ethanol,2,Orthoptera,Rhaphidophoridae,NA,Ceuthophilus,californicus,Ceuthophilus californicus
180,Cuyama,C3,ephedra,22,ethanol,2,Orthoptera,Rhaphidophoridae,NA,Ceuthophilus,californicus,Ceuthophilus californicus
181,Panoche,PAN1,open,17,ethanol,1,Orthoptera,Rhaphidophoridae,NA,Ceuthophilus,californicus,Ceuthophilus californicus
182,Panoche,PAN1,open,26,ucdavis,1,Orthoptera,Rhaphidophoridae,NA,Ceuthophilus,californicus,Ceuthophilus californicus
183,Panoche,PAN3,open,32,ethanol,1,Orthoptera,Rhaphidophoridae,NA,Ceuthophilus,californicus,Ceuthophilus californicus
184,Cuyama,C1,ephedra,10,pinned,3,Orthoptera,Rhaphidophoridae,NA,Ceuthophilus,fossor,Ceuthophilus fossor
185,Cuyama,C1,ephedra,26,ethanol,5,Orthoptera,Rhaphidophoridae,NA,Ceuthophilus,fossor,Ceuthophilus fossor
186,Cuyama,C3,ephedra,29,ethanol,3,Orthoptera,Rhaphidophoridae,NA,Ceuthophilus,fossor,Ceuthophilus fossor
188,Panoche,PAN1,open,9,ethanol,2,Orthoptera,Rhaphidophoridae,NA,Ceuthophilus,fossor,Ceuthophilus fossor
189,Panoche,PAN1,open,22,ethanol,1,Orthoptera,Rhaphidophoridae,NA,Ceuthophilus,fossor,Ceuthophilus fossor
190,Panoche,PAN1,open,34,pinned,1,Orthoptera,Rhaphidophoridae,NA,Ceuthophilus,fossor,Ceuthophilus fossor
191,Panoche,PAN1,open,30,ethanol,4,Orthoptera,Rhaphidophoridae,NA,Ceuthophilus,fossor,Ceuthophilus fossor
192,Panoche,PAN1,ephedra,9,pinned,1,Orthoptera,Rhaphidophoridae,NA,Ceuthophilus,fossor,Ceuthophilus fossor
193,Panoche,PAN1,ephedra,30,ethanol,1,Orthoptera,Rhaphidophoridae,NA,Ceuthophilus,fossor,Ceuthophilus fossor
194,Panoche,PAN1,ephedra,34,pinned,1,Orthoptera,Rhaphidophoridae,NA,Ceuthophilus,fossor,Ceuthophilus fossor
195,Panoche,PAN2,open,6,pinned,1,Orthoptera,Rhaphidophoridae,NA,Ceuthophilus,fossor,Ceuthophilus fossor
196,Panoche,PAN3,open,12,ethanol,2,Orthoptera,Rhaphidophoridae,NA,Ceuthophilus,fossor,Ceuthophilus fossor
197,Panoche,PAN3,open,28,ethanol,1,Orthoptera,Rhaphidophoridae,NA,Ceuthophilus,fossor,Ceuthophilus fossor
198,Panoche,PAN3,ephedra,23,ethanol,1,Orthoptera,Rhaphidophoridae,NA,Ceuthophilus,fossor,Ceuthophilus fossor
200,Mojave,M1,open,18,ethanol,4,Orthoptera,Rhaphidophoridae,NA,Ceuthophilus,lamellipes,Ceuthophilus lamellipes
201,Mojave,M2,open,2,ethanol,5,Orthoptera,Rhaphidophoridae,NA,Ceuthophilus,lamellipes,Ceuthophilus lamellipes
199,Mojave,M1,open,14,ethanol,1,Orthoptera,Rhaphidophoridae,NA,Ceutophilus,lamellipes,Ceuthophilus lamellipes
202,Mojave,M2,open,26,ethanol,1,Orthoptera,Rhaphidophoridae,NA,Ceutophilus,lamellipes,Ceuthophilus lamellipes
187,Panoche,PAN1,open,5,ethanol,6,Orthoptera,Rhaphidophoridae ,NA,Ceuthophilus,fossor,Ceuthophilus fossor
470,Cuyama,C2,ephedra,2,pinned,1,Orthoptera,Tettigonidae,Tettigoniinae,Idiostatus,aequalis,Idiostatus aequalis
471,Cuyama,C2,ephedra,6,pinned,1,Orthoptera,Tettigonidae,Tettigoniinae,Idiostatus,aequalis,Idiostatus aequalis
472,Cuyama,C2,ephedra,26,ethanol,1,Orthoptera,Tettigonidae,Tettigoniinae,Idiostatus,aequalis,Idiostatus aequalis
811,Cuyama,C1,ephedra,18,ethanol,1,Pseudoscorpionida,NA,NA,NA,NA,Pseudoscorpionida
849,Cuyama,C2,open,14,ethanol,1,Psocoptera,NA,NA,NA,NA,Psocoptera
850,Cuyama,C3,ephedra,9,ethanol,1,Psocoptera,NA,NA,NA,NA,Psocoptera
871,Mojave,M2,ephedra,14,ethanol,1,Scolopendromorpha,Scolopendridae,NA,Scolopendra,polymorpha,Scolopendra polymorpha
872,Panoche,PAN3,open,19,ethanol,1,Scolopendromorpha,Scolopendridae,NA,Scolopendra,polymorpha,Scolopendra polymorpha
691,Mojave,M1,open,22,ethanol,1,Scorpiones,Vaejovidae,NA,Paravaejovis,NA,Paravaejovis
692,Mojave,M2,ephedra,30,ethanol,1,Scorpiones,Vaejovidae,NA,Paravaejovis,NA,Paravaejovis
693,Mojave,M3,ephedra,26,ethanol,1,Scorpiones,Vaejovidae,NA,Paravaejovis,NA,Paravaejovis
694,Mojave,M3,open,6,ethanol,1,Scorpiones,Vaejovidae,NA,Paravaejovis,NA,Paravaejovis
695,Panoche,PAN1,open,34,ethanol,1,Scorpiones,Vaejovidae,NA,Paravaejovis,NA,Paravaejovis
696,Panoche,PAN1,ephedra,1,ethanol,1,Scorpiones,Vaejovidae,NA,Paravaejovis,NA,Paravaejovis
697,Panoche,PAN1,ephedra,9,ethanol,1,Scorpiones,Vaejovidae,NA,Paravaejovis,NA,Paravaejovis
698,Panoche,PAN2,open,6,ethanol,1,Scorpiones,Vaejovidae,NA,Paravaejovis,NA,Paravaejovis
699,Panoche,PAN3,open,16,ethanol,2,Scorpiones,Vaejovidae,NA,Paravaejovis,NA,Paravaejovis
358,Cuyama,C2,open,29,ethanol,1,Solfugidae,Eremobatidae,NA,NA,NA,Eremobatidae
359,Mojave,M1,ephedra,6,ethanol,1,Solfugidae,Eremobatidae,NA,NA,NA,Eremobatidae
360,Mojave,M2,ephedra,18,ethanol,1,Solfugidae,Eremobatidae,NA,NA,NA,Eremobatidae
361,Mojave,M2,ephedra,26,ethanol,1,Solfugidae,Eremobatidae,NA,NA,NA,Eremobatidae
362,Mojave,M2,open,18,ethanol,1,Solfugidae,Eremobatidae,NA,NA,NA,Eremobatidae
363,Mojave,M3,ephedra,2,ethanol,3,Solfugidae,Eremobatidae,NA,NA,NA,Eremobatidae
364,Mojave,M3,ephedra,14,ethanol,1,Solfugidae,Eremobatidae,NA,NA,NA,Eremobatidae
365,Mojave,M3,ephedra,18,ethanol,1,Solfugidae,Eremobatidae,NA,NA,NA,Eremobatidae
366,Mojave,M3,ephedra,22,ethanol,1,Solfugidae,Eremobatidae,NA,NA,NA,Eremobatidae
367,Mojave,M3,open,18,ethanol,1,Solfugidae,Eremobatidae,NA,NA,NA,Eremobatidae
368,Mojave,M3,open,30,ethanol,1,Solfugidae,Eremobatidae,NA,NA,NA,Eremobatidae
937,Mojave,M1,ephedra,6,ethanol,1,Zygentoma,Lepismatidae,NA,Thermobia,domestica,Thermobia domestica
938,Mojave,M1,open,14,ethanol,1,Zygentoma,Lepismatidae,NA,Thermobia,domestica,Thermobia domestica
