Region,site,ID,Microsite,RDM,x,y,z,bur.drip,bur.buf,max.veg.height,rdm.cov,green.cov,non.veg.cov,largewood.cov,lrgrocks.cov,AT,PF,PF.out,PF.in,RDM.date,comments
Panoche,PAN3,1,ephedra,9.9629,355,275,160,3,4,59,80,0,20,0,,,,,,june.24.morning,
Panoche,PAN3,1,open,2.5404,,,,15,,27,25,0,75,0,,,,,,june.24.morning,
Panoche,PAN3,2,ephedra,5.7949,430,420,160,5,1,42,90,0,10,0,,,,,,june.24.morning,
Panoche,PAN3,2,open,4.2242,,,,1,,30,100,0,0,0,,,,,,june.24.morning,
Panoche,PAN3,3,ephedra,3.4054,520,455,170,5,1,37,90,0,10,0,,,,,,june.24.morning,
Panoche,PAN3,3,open,3.4871,,,,0,,36,95,1,4,0,,,,,,june.24.morning,
Panoche,PAN3,4,ephedra,1.7951,370,325,120,3,2,21,60,0,40,0,,,,,,june.24.morning,
Panoche,PAN3,4,open,3.6813,,,,0,,35,75,0,25,0,,,,,,june.24.morning,
Panoche,PAN3,5,ephedra,4.2586,455,375,140,1,2,43,90,0,10,0,,,,,,june.24.morning,
Panoche,PAN3,5,open,3.4074,,,,0,,25,96,4,0,0,,,,,,june.24.morning,
Panoche,PAN3,6,ephedra,2.5606,275,255,130,1,1,40,85,0,15,0,,,N,june.23.morning,june.26.morning,june.26.morning,
Panoche,PAN3,6,open,1.8807,,,,7,,27,15,2,8,0,,,Y,june.23.morning,june.26.morning,june.26.morning,
Panoche,PAN3,7,ephedra,2.9023,275,250,95,3,2,43,80,0,20,0,,,,,,june.24.morning,
Panoche,PAN3,7,open,0.6083,,,,5,,25,30,6,54,0,,,,,,june.24.morning,
Panoche,PAN3,8,ephedra,5.9177,310,245,110,1,4,62,80,0,20,0,,,Y,june.23.morning,june.26.morning,june.26.morning,
Panoche,PAN3,8,open,2.8928,,,,0,,17,15,2,83,0,,,Y,june.23.morning,june.26.morning,june.26.morning,
Panoche,PAN3,9,ephedra,4.4364,135,115,110,2,0,28,95,0,0,5,,,,,,june.24.morning,
Panoche,PAN3,9,open,0.36,,,,5,,28,10,5,85,0,,,,,,june.24.morning,
Panoche,PAN3,10,ephedra,5.0709,355,345,130,0,1,44,90,0,10,0,,,,,,june.24.morning,
Panoche,PAN3,10,open,5.1255,,,,2,,37,100,0,0,0,,,,,,june.24.morning,
Panoche,PAN3,11,ephedra,2.1237,280,270,95,0,2,24,100,0,0,0,,,,,,june.24.morning,
Panoche,PAN3,11,open,1.7287,,,,6,,32,95,0,5,0,,,,,,june.24.morning,
Panoche,PAN3,12,ephedra,6.6892,320,300,155,1,1,55,60,0,40,0,,,Y,june.23.morning,june.26.morning,june.26.morning,
Panoche,PAN3,12,open,4.8548,,,,0,,29,90,0,10,0,,,Y,june.23.morning,june.26.morning,june.26.morning,
Panoche,PAN3,13,ephedra,4.7471,175,90,115,0,0,46,80,0,20,0,,,,,,june.24.morning,
Panoche,PAN3,13,open,1.8114,,,,0,,24,100,0,0,0,,,,,,june.24.morning,
Panoche,PAN3,14,ephedra,4.0217,530,420,160,5,4,39,100,0,0,0,,,,,,june.24.morning,
Panoche,PAN3,14,open,1.1736,,,,1,,29,60,0,40,0,,,,,,june.24.morning,
Panoche,PAN3,15,ephedra,4.8584,565,440,130,0,3,27,90,0,10,0,,,,,,june.24.morning,
Panoche,PAN3,15,open,2.6166,,,,1,,28,50,0,50,0,,,,,,june.24.morning,
Panoche,PAN3,16,ephedra,1.9786,580,410,115,3,2,35,75,0,25,0,,,Y,june.23.morning,june.26.morning,june.26.morning,
Panoche,PAN3,16,open,4.6701,,,,0,,26,85,3,12,0,,,Y,june.23.morning,june.26.morning,june.26.morning,
Panoche,PAN3,17,ephedra,4.28,265,210,120,0,1,46,80,0,20,0,,,,,,june.24.morning,
Panoche,PAN3,17,open,1.8539,,,,2,,29,50,4,46,0,,,,,,june.24.morning,
Panoche,PAN3,18,ephedra,3.487,255,235,125,1,1,23,80,0,20,0,,,,,,june.24.morning,
Panoche,PAN3,18,open,2.2605,,,,0,,10,45,0,55,0,,,,,,june.24.morning,
Panoche,PAN3,19,ephedra,6.4622,280,265,115,0,1,24,50,0,50,,,,Y,june.23.morning,june.26.morning,june.26.morning,
Panoche,PAN3,19,open,0.9935,,,,0,,18,25,0,75,,,,Y,june.23.morning,june.26.morning,june.26.morning,
Panoche,PAN3,20,ephedra,1.3472,170,150,95,1,0,20,50,0,50,,,,,,,june.24.morning,
Panoche,PAN3,20,open,1.0427,,,,2,,18,35,0,65,,,,,,,june.24.morning,
Panoche,PAN3,21,ephedra,1.2114,275,210,120,0,1,14,40,0,60,,,,,,,june.24.morning,
Panoche,PAN3,21,open,0.4232,,,,2,,14,15,0,85,,,,,,,june.24.morning,
Panoche,PAN3,22,ephedra,3.5656,275,260,100,4,0,38,75,0,25,,,,,,,june.24.morning,
Panoche,PAN3,22,open,0.6936,,,,1,,20,10,0,90,,,,,,,june.24.morning,
Panoche,PAN3,23,ephedra,4.5986,395,390,165,0,1,28,100,0,0,,,,Y,june.23.morning,june.26.morning,june.26.morning,
Panoche,PAN3,23,open,0.7017,,,,0,,22,20,0,80,,,,Y,june.23.morning,june.26.morning,june.26.morning,
Panoche,PAN3,24,ephedra,3.6632,220,205,95,0,0,30,70,0,30,,,,,,,june.24.morning,
Panoche,PAN3,24,open,0.7845,,,,2,,5,8,0,92,,,,,,,june.24.morning,
Panoche,PAN3,25,ephedra,2.1737,235,185,95,0,3,30,95,0,5,,,,,,,june.24.morning,
Panoche,PAN3,25,open,4.2989,,,,3,,29,50,0,50,,,,,,,june.24.morning,
Panoche,PAN3,27,ephedra,4.233,210,130,85,0,0,27,80,0,20,,,,,,,june.24.morning,
Panoche,PAN3,27,open,2.4416,,,,1,,15,60,2,38,,,,,,,june.24.morning,
Panoche,PAN3,28,ephedra,12.145,175,75,115,0,0,48,70,0,30,,,,Y,june.23.morning,june.26.morning,june.26.morning,
Panoche,PAN3,28,open,7.7265,,,,1,,50,65,0,35,,,,Y,june.23.morning,june.26.morning,june.26.morning,
Panoche,PAN3,29,ephedra,6.0101,330,205,80,2,0,49,80,0,20,,,,,,,june.24.morning,
Panoche,PAN3,29,open,1.6076,,,,0,,15,60,0,40,,,,,,,june.24.morning,
Panoche,PAN3,31,ephedra,3.0023,265,210,100,2,0,20,85,0,15,,,,,,,june.24.morning,
Panoche,PAN3,31,open,2.8165,,,,2,,30,20,0,80,,,,,,,june.24.morning,
Panoche,PAN3,32,ephedra,3.8002,350,330,165,1,0,50,85,0,15,,,,Y,june.23.morning,june.26.morning,june.26.morning,
Panoche,PAN3,32,open,15.7999,,,,0,,44,95,0,5,,,,Y,june.23.morning,june.26.morning,june.26.morning,
Panoche,PAN3,36,ephedra,7.9182,360,330,105,4,0,16,40,0,60,,,,Y,june.23.morning,june.26.morning,june.26.morning,
Panoche,PAN3,36,open,3.5543,,,,1,,45,90,0,10,,,,N,june.23.morning,june.26.morning,june.26.morning,
Panoche,PAN3,40,ephedra,10.0419,465,370,130,,,40,90,0,10,,,,Y,june.23.morning,june.26.morning,june.26.morning,
Panoche,PAN3,40,open,4.8733,,,,1,,59,85,0,15,,,,Y,june.23.morning,june.26.morning,june.26.morning,
Panoche,PAN2,40,ephedra,6.5164,435,405,225,2,6,32,90,0,10,,,,,,,june.25,
Panoche,PAN2,40,open,2.8868,,,,1,,23,80,0,20,,,,,,,june.25,
Panoche,PAN2,39,ephedra,3.0141,280,275,130,5,2,25,95,0,5,,,,,,,june.25,
Panoche,PAN2,39,open,1.7504,,,,3,,25,40,0,60,,,,,,,june.25,
Panoche,PAN2,38,ephedra,3.3995,390,325,130,9,1,23,60,0,40,,,,,,,june.25,
Panoche,PAN2,38,open,0.5456,,,,4,,10,20,0,80,,,,,,,june.25,
Panoche,PAN2,37,ephedra,3.4578,205,180,80,2,3,28,65,0,35,,,,,,,june.25,
Panoche,PAN2,37,open,1.0474,,,,8,,18,20,0,80,,,,,,,june.25,
Panoche,PAN2,36,ephedra,2.8605,420,300,90,4,0,28,85,0,15,,,,,,,june.25,
Panoche,PAN2,36,open,1.0907,,,,7,,17,15,0,85,,,,,,,june.25,
Panoche,PAN2,35,ephedra,7.0913,250,245,90,1,2,49,100,0,0,,,,,,,june.25,
Panoche,PAN2,35,open,0.7195,,,,6,,18,10,0,90,,,,,,,june.25,
Panoche,PAN2,34,ephedra,1.7295,235,200,95,3,0,19,15,0,85,,,,,,,june.25,
Panoche,PAN2,34,open,0.8061,,,,4,,19,10,0,90,,,,,,,june.25,
Panoche,PAN2,33,ephedra,4.1675,325,260,115,1,6,33,95,0,5,,,,,,,june.25,
Panoche,PAN2,33,open,1.4642,,,,7,,16,4,0,96,,,,,,,june.25,
Panoche,PAN2,32,ephedra,8.1265,230,170,130,2,4,36,75,0,25,,,,Y,june.23.morning,june.26,june.26,
Panoche,PAN2,32,open,0.3189,,,,9,,6,5,0,95,,,,N,june.23.morning,june.26,june.26,open pitfall pushed out
Panoche,PAN2,31,ephedra,4.3405,250,200,95,1,3,27,80,0,20,,,,,,,june.25,
Panoche,PAN2,31,open,0.453,,,,8,,14,15,0,85,,,,,,,june.25,
Panoche,PAN2,30,ephedra,0.8877,285,260,110,2,0,26,40,0,60,,,,,,,june.25,
Panoche,PAN2,30,open,0.5227,,,,5,,9,5,0,95,,,,,,,june.25,
Panoche,PAN2,29,ephedra,4.1709,270,235,130,1,0,32,75,0,25,,,,,,,june.25,
Panoche,PAN2,29,open,0.5685,,,,16,,12,3,0,97,,,,,,,june.25,
Panoche,PAN2,28,ephedra,3.2799,240,235,80,2,5,25,40,0,60,,,,,,,june.25,
Panoche,PAN2,28,open,0.5148,,,,0,,13,10,0,90,,,,,,,june.25,
Panoche,PAN2,27,ephedra,5.8751,420,375,200,4,1,35,80,0,20,,,,,,,june.25,
Panoche,PAN2,27,open,7.1014,,,,3,,29,70,0,30,,,,,,,june.25,
Panoche,PAN2,26,ephedra,1.4861,240,220,115,0,2,18,30,0,70,,,,,,,june.25,
Panoche,PAN2,26,open,0.763,,,,2,,18,15,0,85,,,,,,,june.25,
Panoche,PAN2,25,ephedra,3.8503,190,185,105,4,0,28,65,0,35,,,,,,,june.25,
Panoche,PAN2,25,open,1.0897,,,,4,,15,10,0,90,,,,,,,june.25,
Panoche,PAN2,24,ephedra,4.3369,275,230,135,0,3,30,85,0,15,,,,Y,june.23.morning,june.26,june.26,
Panoche,PAN2,24,open,0.9645,,,,7,,29,5,0,95,,,,Y,june.23.morning,june.26,june.26,
Panoche,PAN2,23,ephedra,1.5616,215,185,115,2,0,24,35,0,65,,,,,,,june.25,
Panoche,PAN2,23,open,0.5671,,,,3,,19,5,0,95,,,,,,,june.25,
Panoche,PAN2,22,ephedra,3.1243,240,210,145,2,2,25,70,0,30,,,,,,,june.25,
Panoche,PAN2,22,open,0.757,,,,5,,9,5,0,95,,,,,,,june.25,
Panoche,PAN2,21,ephedra,4.5241,255,225,95,0,3,35,75,0,25,,,,,,,june.25,
Panoche,PAN2,21,open,0.3179,,,,7,,13,8,0,92,,,,,,,june.25,
Panoche,PAN2,20,ephedra,3.8188,230,175,90,0,2,43,85,0,15,,,,,,,june.25,
Panoche,PAN2,20,open,1.6036,,,,7,,13,45,0,55,,,,,,,june.25,
Panoche,PAN2,19,ephedra,8.2381,180,120,125,1,4,40,65,0,35,,,,,,,june.25,
Panoche,PAN2,19,open,0.7001,,,,6,,15,15,0,85,,,,,,,june.25,
Panoche,PAN2,18,ephedra,1.6608,190,175,135,2,0,21,20,0,80,,,,N,june.23.morning,june.26,june.26,ephedra pitfall pushed out
Panoche,PAN2,18,open,1.2587,,,,3,,14,8,0,92,,,,Y,june.23.morning,june.26,june.26,
Panoche,PAN2,17,ephedra,3.5405,185,175,135,1,0,45,60,0,40,,,,,,,june.25,
Panoche,PAN2,17,open,0,,,,4,,22,5,0,95,,,,,,,june.25,
Panoche,PAN2,16,ephedra,5.1817,220,165,85,3,0,32,70,0,30,,,,,,,june.25,
Panoche,PAN2,16,open,0.0641,,,,4,,4,3,0,97,,,,,,,june.25,
Panoche,PAN2,15,ephedra,1.3083,270,250,110,0,1,19,35,0,65,,,,Y,june.23.morning,june.26,june.26,
Panoche,PAN2,15,open,1.6032,,,,5,,28,15,0,85,,,,Y,june.23.morning,june.26,june.26,
Panoche,PAN2,13,ephedra,3.3122,315,220,120,3,0,23,65,0,35,,,,,,,june.25,
Panoche,PAN2,13,open,0.5846,,,,2,,22,9,1,90,,,,,,,june.25,
Panoche,PAN2,12,ephedra,2.9567,260,245,95,3,1,42,75,0,25,,,,,,,june.25,
Panoche,PAN2,12,open,0.6304,,,,5,,8,10,0,90,,,,,,,june.25,
Panoche,PAN2,11,ephedra,4.4621,200,175,105,0,1,32,40,0,30,30,,,Y,june.23.morning,june.26,june.26,
Panoche,PAN2,11,open,1.4673,,,,5,,20,5,0,95,,,,Y,june.23.morning,june.26,june.26,
Panoche,PAN2,6,ephedra,7.0433,225,200,80,1,1,46,65,0,35,,,,Y,june.23.morning,june.26,june.26,
Panoche,PAN2,6,open,0.8285,,,,13,,13,8,0,92,,,,Y,june.23.morning,june.26,june.26,
Panoche,PAN1,1,ephedra,5.3291,235,225,105,1,0,46,80,0,20,,,,Y,june.23.morning,june.26,june.26,
Panoche,PAN1,1,open,1.1074,,,,4,,17,20,4,76,,,,Y,june.23.morning,june.26,june.26,
Panoche,PAN1,2,ephedra,4.4463,265,220,110,5,0,36,100,0,0,,,,,,,june.25,
Panoche,PAN1,2,open,1.4048,,,,2,,20,25,0,75,,,,,,,june.25,
Panoche,PAN1,3,ephedra,3.6283,380,345,100,1,2,28,90,0,10,,,,,,,june.25,
Panoche,PAN1,3,open,1.3072,,,,0,,25,60,0,40,,,,,,,june.25,
Panoche,PAN1,4,ephedra,2.2264,185,175,125,0,1,33,70,0,30,,,,,,,june.25,
Panoche,PAN1,4,open,2.0382,,,,1,,20,35,0,65,,,,,,,june.25,
Panoche,PAN1,5,ephedra,9.142,220,170,90,1,2,36,80,0,20,,,,Y,june.23.morning,june.26,june.26,
Panoche,PAN1,5,open,7.3657,,,,6,,21,35,0,65,,,,Y,june.23.morning,june.26,june.26,
Panoche,PAN1,6,ephedra,2.1283,205,185,100,1,1,30,50,0,50,,,,,,,june.25,
Panoche,PAN1,6,open,0.5515,,,,2,,9,5,0,95,,,,,,,june.25,
Panoche,PAN1,7,ephedra,3.0862,325,265,110,3,2,40,60,0,40,,,,,,,june.25,
Panoche,PAN1,7,open,0.9347,,,,2,,22,5,0,95,,,,,,,june.25,
Panoche,PAN1,8,ephedra,4.948,235,150,95,4,0,39,55,0,45,,,,,,,june.25,
Panoche,PAN1,8,open,1.3063,,,,3,,22,5,0,95,,,,,,,june.25,
Panoche,PAN1,9,ephedra,2.5443,455,280,125,2,0,26,70,0,30,,,,Y,june.23.morning,june.26,june.26,
Panoche,PAN1,9,open,1.1459,,,,4,,20,15,5,80,,,,Y,june.23.morning,june.26,june.26,
Panoche,PAN1,10,ephedra,2.1032,305,285,105,2,0,34,50,0,50,,,,,,,june.25,
Panoche,PAN1,10,open,0.4749,,,,3,,12,8,0,92,,,,,,,june.25,
Panoche,PAN1,11,ephedra,4.4488,315,275,110,1,1,43,45,0,55,,,,,,,june.25,
Panoche,PAN1,11,open,0.6183,,,,2,,20,4,1,95,,,,,,,june.25,
Panoche,PAN1,12,ephedra,2.9528,230,230,115,3,4,35,40,0,60,,,,,,,june.25,
Panoche,PAN1,12,open,5.2739,,,,4,,29,60,0,40,,,,,,,june.25,
Panoche,PAN1,13,ephedra,2.3784,375,260,70,1,0,36,80,0,20,,,,Y,june.23.morning,june.26,june.26,
Panoche,PAN1,13,open,1.9239,,,,0,,18,15,0,85,,,,Y,june.23.morning,june.26,june.26,
Panoche,PAN1,14,ephedra,2.3717,295,275,110,1,3,23,50,0,50,,,,,,,june.25,
Panoche,PAN1,14,open,3.6708,,,,3,,17,15,2,83,,,,,,,june.25,
Panoche,PAN1,15,ephedra,6.185,355,325,115,1,2,49,85,0,15,,,,,,,june.25,
Panoche,PAN1,15,open,1.2243,,,,5,,25,35,0,65,,,,,,,june.25,
Panoche,PAN1,16,ephedra,5.7347,375,290,95,2,0,28,90,0,10,,,Y,,,,june.25,
Panoche,PAN1,16,open,1.6578,,,,1,,30,55,0,45,,,,,,,june.25,
Panoche,PAN1,17,ephedra,2.8932,335,300,95,3,1,37,60,0,40,,,,Y,june.23,june.26,june.26,
Panoche,PAN1,17,open,0.8596,,,,1,,13,5,0,95,,,,Y,june.23,june.26,june.26,
Panoche,PAN1,18,ephedra,2.3187,335,240,110,2,0,44,65,0,35,,,,,,,june.25,
Panoche,PAN1,18,open,1.1917,,,,0,,13,6,4,90,,,,,,,june.25,
Panoche,PAN1,19,ephedra,0.5476,230,175,125,3,4,22,25,0,75,,,,,,,june.25,
Panoche,PAN1,19,open,0.5882,,,,0,,23,8,0,92,,,,,,,june.25,
Panoche,PAN1,20,ephedra,1.2769,280,240,130,2,1,36,80,0,20,,,,,,,june.25,
Panoche,PAN1,20,open,5.0624,,,,3,,12,20,4,76,,,,,,,june.25,
Panoche,PAN1,21,ephedra,0.0756,355,345,195,4,0,23,5,0,95,,,,,,,june.25,
Panoche,PAN1,21,open,0.3511,,,,0,,8,8,0,92,,,,,,,june.25,
Panoche,PAN1,22,ephedra,2.0379,315,245,80,3,4,33,45,0,55,,,Y,Y,june.23,june.26,june.26,
Panoche,PAN1,22,open,4.159,,,,2,,23,35,0,65,,,,Y,june.23,june.26,june.26,
Panoche,PAN1,23,ephedra,3.5762,695,585,185,5,3,49,65,0,35,,,Y,,,,june.25,
Panoche,PAN1,23,open,1.7868,,,,1,,16,50,0,50,,,,,,,june.25,
Panoche,PAN1,24,ephedra,5.537,455,325,155,4,3,40,95,0,5,,,,,,,june.25,
Panoche,PAN1,24,open,1.3747,,,,3,,19,35,0,65,,,,,,,june.25,
Panoche,PAN1,25,ephedra,4.5535,265,215,115,2,0,34,95,0,5,,,,,,,june.25,
Panoche,PAN1,25,open,1.3756,,,,1,,25,35,0,65,,,,,,,june.25,
Panoche,PAN1,26,ephedra,3.49,290,240,125,3,3,37,35,0,65,,,,Y,june.23,june.26,june.26,
Panoche,PAN1,26,open,0.9438,,,,4,,22,15,0,85,,,,Y,june.23,june.26,june.26,
Panoche,PAN1,27,ephedra,3.6248,190,165,90,2,0,25,75,0,25,,,Y,,,,june.25,
Panoche,PAN1,27,open,4.9685,,,,3,,20,70,0,30,,,,,,,june.25,
Panoche,PAN1,30,ephedra,6.6091,270,260,130,3,0,36,45,0,55,,,,Y,june.23,june.26,june.26,
Panoche,PAN1,30,open,1.3946,,,,1,,23,35,0,65,,,,Y,june.23,june.26,june.26,
Panoche,PAN1,34,ephedra,2.341,360,280,145,3,2,30,60,0,4,,,,Y,june.23,june.26,june.26,"mutillid, wasp etc"
Panoche,PAN1,34,open,0.9116,,,,2,,8,11,4,85,,,,Y,june.23,june.26,june.26,
Panoche,PAN1,38,ephedra,5.2312,285,265,90,4,0,30,70,0,30,,,,Y,june.23,june.26,june.26,
Panoche,PAN1,38,open,0.6151,,,,2,,7,5,0,95,,,,Y,june.23,june.26,june.26,
Cuyama,C1,1,ephedra,7.4961,370,320,155,2,1,37,25,0,75,,,,,,,june.29,
Cuyama,C1,1,open,1.9574,,,,0,,17,60,0,40,,,,,,,june.29,
Cuyama,C1,2,ephedra,2.5613,410,405,210,1,0,31,80,0,5,15,,,Y,june.28,july.1,july.1,
Cuyama,C1,2,open,0.6139,,,,1,,19,20,0,80,,,,Y,june.28,july.1,july.1,
Cuyama,C1,3,ephedra,2.0635,620,475,190,4,1,30,20,0,80,,,Y,,,,june.29,
Cuyama,C1,3,open,0.7376,,,,3,,8,5,0,95,,,,,,,june.29,
Cuyama,C1,4,ephedra,5.2461,685,605,185,6,1,28,75,0,25,,,,,,,june.29,
Cuyama,C1,4,open,0.3916,,,,4,,28,20,25,55,,,,,,,june.29,
Cuyama,C1,5,ephedra,0.1332,205,200,125,2,1,23,15,0,85,,,Y,,,,june.29,
Cuyama,C1,5,open,3.5223,,,,0,,40,3,15,72,,,,,,,june.29,
Cuyama,C1,6,ephedra,2.7842,225,195,160,1,0,32,45,0,55,,,Y,Y,june.28,july.1,july.1,
Cuyama,C1,6,open,10.1174,,,,0,,37,85,0,15,,,,Y,june.28,july.1,july.1,
Cuyama,C1,7,ephedra,0.2611,450,360,155,3,0,42,20,0,80,,,,,,,june.29,
Cuyama,C1,7,open,3.7234,,,,3,,13,35,0,65,,,,,,,june.29,
Cuyama,C1,8,ephedra,3.3871,400,335,140,3,0,38,50,0,50,,,,,,,june.29,
Cuyama,C1,8,open,2.0704,,,,3,,32,15,0,65,20,,,,,,june.29,
Cuyama,C1,9,ephedra,5.1924,455,395,170,1,0,33,90,0,10,,,,,,,june.29,
Cuyama,C1,9,open,0.6063,,,,1,,26,15,5,80,,,,,,,june.29,
Cuyama,C1,10,ephedra,5.0761,295,245,170,2,0,49,85,0,15,,,Y,Y,june.28,july.1,july.1,
Cuyama,C1,10,open,2.1315,,,,1,,20,40,5,55,,,,Y,june.28,july.1,july.1,
Cuyama,C1,11,ephedra,1.8273,575,510,210,0,3,55,60,5,35,,,,,,,june.29,
Cuyama,C1,11,open,0.571,,,,4,,18,10,5,85,,,,,,,june.29,
Cuyama,C1,12,ephedra,3.1016,315,315,160,0,0,19,85,0,15,,,,,,,june.29,
Cuyama,C1,12,open,0.2557,,,,1,,10,5,5,90,,,,,,,june.29,
Cuyama,C1,13,ephedra,4.5273,270,220,135,3,0,26,30,0,64,10,,,,,,june.29,
Cuyama,C1,13,open,0.9587,,,,2,,25,40,4,56,,,,,,,june.29,
Cuyama,C1,14,ephedra,2.9378,425,400,195,3,0,32,50,0,20,30,,,Y,june.28,july.1,july.1,
Cuyama,C1,14,open,0.4433,,,,1,,28,5,10,85,,,,N,june.28,july.1,july.1,open pitfall popped out
Cuyama,C1,15,ephedra,2.8709,415,355,200,2,1,49,80,0,15,5,,,,,,june.29,
Cuyama,C1,15,open,1.131,,,,1,,9,8,0,92,,,,,,,june.29,
Cuyama,C1,16,ephedra,0,315,310,180,0,0,18,5,0,95,,,,,,,june.29,0 rdm
Cuyama,C1,16,open,0.2642,,,,1,,20,2,30,68,,,,,,,june.29,
Cuyama,C1,17,ephedra,0.9063,470,450,215,2,3,23,30,0,50,20,,,,,,june.29,
Cuyama,C1,17,open,0.6414,,,,,,9,8,5,87,,,,,,,june.29,
Cuyama,C1,18,ephedra,0.2944,375,365,120,1,0,20,7,0,91,,,,Y,june.28,july.1,july.1,
Cuyama,C1,18,open,0.2734,,,,0,,7,5,0,95,,,,Y,june.28,july.1,july.1,
Cuyama,C1,19,ephedra,2.9319,415,385,185,0,0,32,50,0,50,,,,,,,june.29,
Cuyama,C1,19,open,0.6842,,,,1,,9,15,0,85,,,,,,,june.29,
Cuyama,C1,20,ephedra,1.4156,520,320,165,1,0,24,45,0,55,,,,,,,june.29,
Cuyama,C1,20,open,0.5986,,,,0,,6,5,0,95,,,,,,,june.29,
Cuyama,C1,21,ephedra,0.6647,305,260,160,2,0,17,5,0,85,15,,,N,june.28,july.1,july.1,ephedra pitfall popped out
Cuyama,C1,21,open,3.7783,,,,2,,23,20,10,70,,,,Y,june.28,july.1,july.1,
Cuyama,C1,22,ephedra,1.8625,320,260,130,0,1,15,70,0,25,5,,,,,,june.29,
Cuyama,C1,22,open,0.2141,,,,2,,16,5,10,85,,,,,,,june.29,
Cuyama,C1,23,ephedra,1.0859,290,245,150,3,2,52,35,0,65,,,,,,,june.29,
Cuyama,C1,23,open,1.6071,,,,0,,9,25,3,72,,,,,,,june.29,
Cuyama,C1,24,ephedra,0,320,285,170,2,1,23,8,0,92,,,,,,,june.29,0 rdm
Cuyama,C1,24,open,2.7367,,,,0,,28,4,45,50,,,,,,,june.29,
Cuyama,C1,25,ephedra,3.9423,320,320,185,6,0,34,70,0,30,,,,,,,june.29,
Cuyama,C1,25,open,6.0029,,,,4,,34,75,0,25,,,,,,,june.29,
Cuyama,C1,26,ephedra,1.6736,380,280,115,2,0,16,20,0,75,5,,,Y,june.28,july.1,july.1,
Cuyama,C1,26,open,8.5927,,,,3,,12,75,0,25,,,,Y,june.28,july.1,july.1,
Cuyama,C1,27,ephedra,1.0719,380,315,190,3,0,30,40,0,60,,,,,,,june.29,
Cuyama,C1,27,open,2.6381,,,,3,,2,15,8,77,,,,,,,june.29,
Cuyama,C1,28,ephedra,3.1129,470,405,275,1,0,34,75,0,25,,,Y,,,,june.29,
Cuyama,C1,28,open,1.9097,,,,3,,18,50,0,50,,,,,,,june.29,burrow in q
Cuyama,C1,29,ephedra,1.2349,485,375,265,5,0,30,45,0,55,,,Y,,,,june.29,
Cuyama,C1,29,open,0.1645,,,,4,,14,4,4,92,,,,,,,june.29,
Cuyama,C1,30,ephedra,0,425,375,190,1,0,NA,0,0,0,0,,,Y,june.28,july.1,july.1,0 rdm
Cuyama,C1,30,open,1.6039,,,,0,,12,8,0,92,,,,Y,june.28,july.1,july.1,
Cuyama,C2,1,ephedra,3.2859,355,290,160,0,0,28,40,0,60,,,,,,,june.29,
Cuyama,C2,1,open,1.1911,,,,0,,9,5,5,90,,,,,,,june.29,
Cuyama,C2,2,ephedra,3.7826,295,250,150,0,0,29,70,0,10,20,,,Y,june.28,july.1,july.1,
Cuyama,C2,2,open,4.4772,,,,1,,16,15,15,70,,,,Y,june.28,july.1,july.1,
Cuyama,C2,3,ephedra,5.3977,460,450,130,2,0,44,95,0,5,,,,,,,june.29,
Cuyama,C2,3,open,0.5908,,,,2,,13,10,0,90,,,,,,,june.29,
Cuyama,C2,4,ephedra,13.5774,305,180,130,1,1,53,100,0,0,,,,,,,june.29,
Cuyama,C2,4,open,1.4731,,,,1,,14,10,5,85,,,,,,,june.29,
Cuyama,C2,5,ephedra,4.949,230,135,115,0,0,30,60,0,40,,,,,,,june.29,
Cuyama,C2,5,open,0.8319,,,,2,,12,8,0,92,,,,,,,june.29,
Cuyama,C2,6,ephedra,3.8107,420,375,185,1,0,33,65,0,0,35,,,Y,june.28,july.1,july.1,
Cuyama,C2,6,open,0.9305,,,,2,,10,15,0,85,,,,Y,june.28,july.1,july.1,
Cuyama,C2,7,ephedra,8.1944,460,405,120,2,0,39,90,0,10,,,,,,,june.29,
Cuyama,C2,7,open,0.7748,,,,2,,15,15,0,85,,,,,,,june.29,
Cuyama,C2,8,ephedra,5.5412,375,305,115,1,0,45,85,0,15,,,,,,,june.29,
Cuyama,C2,8,open,1.2378,,,,3,,15,8,5,85,,,,,,,june.29,
Cuyama,C2,9,ephedra,3.4197,290,210,120,2,1,33,40,0,60,,,Y,,,,june.29,
Cuyama,C2,9,open,1.5697,,,,0,,15,15,0,85,,,,,,,june.29,
Cuyama,C2,10,ephedra,1.9667,435,425,155,2,2,32,50,0,35,15,,,Y,june.28,july.1,july.1,
Cuyama,C2,10,open,0.2603,,,,2,,8,5,0,95,,,,Y,june.28,july.1,july.1,
Cuyama,C2,11,ephedra,2.6026,440,325,170,0,2,29,25,0,75,,,,,,,june.29,
Cuyama,C2,11,open,0.4184,,,,3,,12,4,5,91,,,,,,,june.29,
Cuyama,C2,12,ephedra,8.0742,455,395,160,2,1,40,85,0,15,,,,,,,june.29,
Cuyama,C2,12,open,1.3882,,,,0,,15,5,4,91,,,,,,,june.29,
Cuyama,C2,13,ephedra,0.2918,290,290,115,1,1,23,8,0,52,40,,,,,,june.29,
Cuyama,C2,13,open,0.7618,,,,2,,12,5,5,90,,,,,,,june.29,
Cuyama,C2,14,ephedra,4.2574,265,210,180,4,0,46,80,0,20,,,,Y,june.28,july.1,july.1,
Cuyama,C2,14,open,0.9522,,,,2,,12,45,0,55,,,,Y,june.28,july.1,july.1,
Cuyama,C2,15,ephedra,5.0363,435,420,155,0,0,44,50,0,20,30,,,,,,june.29,
Cuyama,C2,15,open,1.058,,,,0,,12,8,5,87,,,,,,,june.29,
Cuyama,C2,16,ephedra,8.0553,330,300,155,1,3,45,95,0,5,,,,,,,june.29,
Cuyama,C2,16,open,0.8078,,,,6,,7,4,0,71,25,,,,,,june.29,2 burrows in rdm circle
Cuyama,C2,17,ephedra,0.673,410,355,195,0,1,18,20,0,80,,,,,,,june.29,
Cuyama,C2,17,open,2.2943,,,,,,2,8,0,92,,,,,,,june.29,
Cuyama,C2,18,ephedra,0.1271,530,510,120,0,2,11,5,0,95,,,,Y,june.28,july.1,july.1,
Cuyama,C2,18,open,1.1367,,,,3,,12,6,2,92,,,,Y,june.28,july.1,july.1,
Cuyama,C2,19,ephedra,0,260,240,140,0,0,10,4,0,96,,,,,,,june.29,
Cuyama,C2,19,open,1.8268,,,,0,,10,4,8,88,,,,,,,june.29,
Cuyama,C2,20,ephedra,6.9348,425,380,190,0,0,15,50,0,30,20,,,,,,june.29,
Cuyama,C2,20,open,0.4401,,,,1,,19,10,5,85,,,,,,,june.29,
Cuyama,C2,21,ephedra,0.9334,255,210,145,1,1,30,20,0,80,,,,,,,june.29,
Cuyama,C2,21,open,1.1987,,,,1,,13,8,0,92,,,,,,,june.29,
Cuyama,C2,22,ephedra,2.6233,325,265,165,0,0,22,60,0,40,,,,Y,june.28,july.1,july.1,
Cuyama,C2,22,open,0.6583,,,,0,,9,8,0,92,,,,Y,june.28,july.1,july.1,
Cuyama,C2,23,ephedra,1.6146,295,245,120,0,0,16,30,0,70,,,,,,,june.29,
Cuyama,C2,23,open,2.2701,,,,0,,18,50,5,45,,,,,,,june.29,
Cuyama,C2,24,ephedra,1.9497,605,510,155,0,1,17,60,0,40,,,Y,,,,june.29,
Cuyama,C2,24,open,1.8531,,,,0,,15,40,5,55,,,,,,,june.29,
Cuyama,C2,25,ephedra,1.3644,280,240,175,0,0,30,35,0,10,55,,,,,,june.29,woody cover is yucca
Cuyama,C2,25,open,0.1771,,,,3,,NA,2,0,98,,,,,,,june.29,
Cuyama,C2,26,ephedra,0.7654,350,340,165,0,0,26,60,0,10,30,,,Y,june.28,july.1,july.1,
Cuyama,C2,26,open,0.2095,,,,3,,8,4,2,94,,,,Y,june.28,july.1,july.1,
Cuyama,C2,27,ephedra,3.7827,355,265,130,1,1,26,55,0,40,5,,,,,,june.29,
Cuyama,C2,27,open,0.2937,,,,1,,7,5,0,95,,,,,,,june.29,
Cuyama,C2,28,ephedra,4.2096,480,415,160,0,0,30,30,0,70,,,,,,,june.29,
Cuyama,C2,28,open,0.0459,,,,0,,5,3,0,97,,,,,,,june.29,
Cuyama,C2,29,ephedra,1.6225,430,420,195,3,0,37,80,0,20,,,Y,Y,june.28,july.1,july.1,
Cuyama,C2,29,open,0.1884,,,,0,,9,3,0,97,,,,Y,june.28,july.1,july.1,
Cuyama,C2,30,ephedra,0.951,580,460,255,1,0,23,35,0,65,,,,,,,june.29,
Cuyama,C2,30,open,0.1604,,,,0,,4,1,2,97,,,,,,,june.29,
Cuyama,C3,1,ephedra,1.0388,290,285,210,0,0,45,25,0,75,,,,,,,june.30,
Cuyama,C3,1,open,0.6668,,,,3,,13,5,30,65,,,,,,,june.30,
Cuyama,C3,2,ephedra,1.143,310,290,165,2,0,31,45,0,55,,,,Y,june.28,july.1,july.1,
Cuyama,C3,2,open,1.4325,,,,2,,21,30,5,65,,,,Y,june.28,july.1,july.1,
Cuyama,C3,3,ephedra,0.7657,390,360,140,0,2,22,25,0,75,,,,,,,june.30,
Cuyama,C3,3,open,2.1853,,,,1,,17,20,10,70,,,,,,,june.30,
Cuyama,C3,4,ephedra,1.748,180,160,160,0,0,27,45,0,55,,,Y,,,,june.30,
Cuyama,C3,4,open,3.7241,,,,0,,32,65,0,35,,,,,,,june.30,
Cuyama,C3,5,ephedra,0.912,485,460,205,1,1,31,35,0,65,,,,,,,june.30,
Cuyama,C3,5,open,0.6526,,,,2,,21,20,15,65,,,,,,,june.30,
Cuyama,C3,6,ephedra,0.2893,235,220,105,1,0,28,25,0,75,,,,N,june.28,july.1,july.1,
Cuyama,C3,6,open,1.3074,,,,8,,13,5,0,95,,,,N,N,july.1,july.1,pitfall pushed out
Cuyama,C3,7,ephedra,1.9657,450,415,240,0,2,59,95,0,5,,,,,,,june.30,
Cuyama,C3,7,open,4.0563,,,,4,,24,40,20,40,,,,,,,june.30,
Cuyama,C3,8,ephedra,1.1774,495,475,195,0,0,23,25,0,75,,,,,,,june.30,
Cuyama,C3,8,open,2.6384,,,,1,,25,15,0,85,,,,,,,june.30,
Cuyama,C3,9,ephedra,2.7813,305,130,115,0,0,34,30,0,70,,,Y,Y,june.28,july.1,july.1,
Cuyama,C3,9,open,4.3929,,,,1,,25,100,0,0,,,,Y,june.28,july.1,july.1,
Cuyama,C3,10,ephedra,3.6168,250,240,145,1,1,37,95,0,50,,,,,,,june.30,
Cuyama,C3,10,open,8.5572,,,,1,,49,60,5,35,,,,,,,june.30,
Cuyama,C3,11,ephedra,1.3977,265,260,170,0,0,38,30,0,70,,,,,,,june.30,
Cuyama,C3,11,open,1.2338,,,,3,,19,35,0,65,,,,,,,june.30,
Cuyama,C3,12,ephedra,4.7047,235,235,130,1,1,30,50,0,80,,,Y,,,,june.30,
Cuyama,C3,12,open,0.2105,,,,3,,12,4,0,96,,,,,,,june.30,
Cuyama,C3,13,ephedra,0.3357,340,295,195,2,1,22,25,0,75,,,Y,,,,june.30,
Cuyama,C3,13,open,1.1342,,,,1,,30,20,0,80,,,,,,,june.30,
Cuyama,C3,14,ephedra,4.5376,315,305,155,1,0,36,75,0,25,,,,Y,june.28,july.1,july.1,
Cuyama,C3,14,open,3.7626,,,,2,,20,25,0,75,,,,Y,june.28,july.1,july.1,
Cuyama,C3,15,ephedra,0.2191,280,250,145,1,0,26,20,0,80,,,,,,,june.30,
Cuyama,C3,15,open,1.2497,,,,2,,46,30,0,70,,,,,,,june.30,
Cuyama,C3,16,ephedra,2.8092,295,340,295,0,0,36,55,0,45,,,,,,,june.30,
Cuyama,C3,16,open,1.6453,,,,1,,27,10,5,85,,,,,,,june.30,
Cuyama,C3,17,ephedra,1.1654,390,350,165,2,0,41,40,0,50,10,,Y,,,,june.30,
Cuyama,C3,17,open,0.3232,,,,1,,23,10,0,90,,,,,,,june.30,
Cuyama,C3,18,ephedra,4.2681,455,425,235,0,0,24,50,0,50,,,,Y,june.28,july.1,july.1,
Cuyama,C3,18,open,3.4095,,,,2,,7,3,10,87,,,,N,N,july.1,july.1,open pitfall tipped
Cuyama,C3,19,ephedra,0.5014,260,255,160,0,2,13,15,0,85,,,,,,,june.30,
Cuyama,C3,19,open,11.7578,,,,1,,36,65,5,30,,,,,,,june.30,
Cuyama,C3,20,ephedra,0.4918,400,355,180,0,1,19,25,0,75,,,,,,,june.30,
Cuyama,C3,20,open,7.1545,,,,0,,38,79,4,20,,,,,,,june.30,
Cuyama,C3,21,ephedra,2.862,490,450,235,3,3,40,15,0,65,20,,,,,,june.30,
Cuyama,C3,21,open,2.4092,,,,2,,54,75,5,20,,,,,,,june.30,
Cuyama,C3,22,ephedra,5.6561,220,210,145,0,0,39,30,0,70,,,Y,Y,june.28,july.1,july.1,
Cuyama,C3,22,open,15.1671,,,,2,,33,97,0,3,,,,Y,june.28,july.1,july.1,
Cuyama,C3,23,ephedra,2.5221,310,290,225,0,1,34,55,0,45,,,,,,,june.30,
Cuyama,C3,23,open,0.6934,,,,2,,7,2,5,93,,,,,,,june.30,
Cuyama,C3,24,ephedra,0.7988,630,440,245,2,0,22,8,0,92,,,,,,,june.30,
Cuyama,C3,24,open,1.3747,,,,1,,23,8,5,87,,,,,,,june.30,
Cuyama,C3,25,ephedra,0.7348,455,415,175,2,1,35,15,0,70,15,,,,,,june.30,
Cuyama,C3,25,open,0,,,,3,,27,4,0,96,,,,,,,june.30,
Cuyama,C3,26,ephedra,0.0992,360,320,200,1,0,26,20,0,80,,,,Y,june.28,july.1,july.1,
Cuyama,C3,26,open,0,,,,0,,0,0,0,100,,,,Y,june.28,july.1,july.1,
Cuyama,C3,27,ephedra,0.2813,470,410,245,0,2,9,10,0,90,,,,,,,june.30,
Cuyama,C3,27,open,1.8422,,,,5,,24,25,0,75,,,,,,,june.30,
Cuyama,C3,28,ephedra,6.6993,330,310,155,1,0,39,70,0,30,,,,,,,june.30,
Cuyama,C3,28,open,1.1675,,,,2,,24,,,,,,,,,,june.30,
Cuyama,C3,29,ephedra,3.197,375,360,185,1,0,33,35,0,65,,,,Y,june.28,july.1,july.1,
Cuyama,C3,29,open,4.2314,,,,6,,4,2,10,88,,,,Y,june.28,july.1,july.1,
Cuyama,C3,30,ephedra,3.5355,370,360,185,3,0,26,75,0,25,,,Y,,,,june.30,
Cuyama,C3,30,open,1.9924,,,,1,,14,25,5,70,,,,,,,june.30,
Mojave,M1,1,ephedra,2.4279,160,75,90,0,1,46,20,0,80,,,,,,,july.6,
Mojave,M1,1,larrea,0,390,270,190,5,1,0,0,0,0,,,,,,,july.6,
Mojave,M1,1,open,0,,,,0,,6,5,0,95,,,,,,,july.6,
Mojave,M1,2,ephedra,0.8236,140,140,75,0,1,34,15,0,85,,,,Y,july.4,july.7,july.7,
Mojave,M1,2,larrea,2.5099,245,215,155,3,1,26,15,0,65,25,,,Y,july.4,july.7,july.7,
Mojave,M1,2,open,0,,,,2,,0,0,0,100,,,,Y,july.4,july.7,july.7,
Mojave,M1,3,ephedra,0,130,75,90,0,0,8,4,0,96,,,,,,,july.6,
Mojave,M1,3,larrea,1.2452,260,220,180,7,1,24,10,0,65,25,,,,,,july.6,
Mojave,M1,3,open,2.7014,,,,4,,14,8,0,92,,,,,,,july.6,
Mojave,M1,4,ephedra,1.6438,110,65,80,1,0,22,25,0,75,,,,,,,july.6,
Mojave,M1,4,larrea,0,280,230,230,2,0,30,10,0,90,,,,,,,july.6,
Mojave,M1,4,open,1.6199,,,,3,,15,20,0,80,,,,,,,july.6,
Mojave,M1,5,ephedra,2.8529,215,135,110,0,1,55,20,0,60,20,,,,,,july.6,
Mojave,M1,5,larrea,1.3455,235,165,90,8,1,15,2,0,98,,,,,,,july.6,
Mojave,M1,5,open,0,,,,1,,0,0,0,100,,,,,,,july.6,
Mojave,M1,6,ephedra,0.8026,235,205,100,0,2,23,5,0,95,,,,Y,july.4,july.7,july.7,
Mojave,M1,6,larrea,0,395,270,280,0,0,30,8,0,92,,,,Y,july.4,july.7,july.7,
Mojave,M1,6,open,0.228,,,,3,,4,5,0,94,,,,Y,july.4,july.7,july.7,
Mojave,M1,7,ephedra,0,100,85,75,3,0,29,15,0,85,,,,,,,july.6,
Mojave,M1,7,larrea,0.871,180,170,90,0,0,20,15,0,85,,,,,,,july.6,
Mojave,M1,7,open,3.238,,,,1,,17,15,0,85,5,,,,,,july.6,
Mojave,M1,8,ephedra,1.6012,95,85,70,2,0,15,40,0,60,,,Y,,,,july.6,
Mojave,M1,8,larrea,0,375,320,295,3,1,0,0,0,100,,,,,,,july.6,
Mojave,M1,8,open,4.6173,,,,4,,10,25,0,75,,,,,,,july.6,
Mojave,M1,9,ephedra,4.5079,210,180,85,2,0,29,15,0,85,,,,,,,july.6,
Mojave,M1,9,larrea,6.8569,310,215,215,0,0,34,20,0,75,5,,,,,,july.6,
Mojave,M1,9,open,0,,,,1,,0,0,0,100,,,,,,,july.6,
Mojave,M1,10,ephedra,1.5888,185,175,120,1,0,15,15,0,85,,,,Y,july.4,july.7,july.7,
Mojave,M1,10,larrea,0.9346,180,175,95,5,1,15,10,0,65,25,,,Y,july.4,july.7,july.7,
Mojave,M1,10,open,5.2662,,,,0,,29,4,0,96,,,,Y,july.4,july.7,july.7,
Mojave,M1,11,ephedra,0.9155,100,70,80,1,0,16,20,0,80,,,,,,,july.6,
Mojave,M1,11,larrea,2.6625,160,125,105,0,0,15,10,0,90,,,,,,,july.6,
Mojave,M1,11,open,9.6249,,,,3,,19,35,0,65,,,,,,,july.6,
Mojave,M1,12,ephedra,0.2082,185,130,80,0,0,29,10,0,64,30,,,,,,july.6,
Mojave,M1,12,larrea,0.6364,185,185,100,1,1,20,8,0,92,,,,,,,july.6,
Mojave,M1,12,open,0,,,,0,,0,0,0,100,,,,,,,july.6,
Mojave,M1,13,ephedra,4.6911,125,105,100,2,0,25,30,0,70,,,,,,,july.6,
Mojave,M1,13,larrea,0,230,170,165,2,0,13,4,0,96,,,,,,,july.6,
Mojave,M1,13,open,0,,,,0,,0,0,0,100,,,,,,,july.6,
Mojave,M1,14,ephedra,2.4993,275,210,150,0,5,40,25,0,75,,,,Y,july.4,july.7,july.7,
Mojave,M1,14,larrea,0.6417,180,150,140,0,1,5,6,0,94,,,,Y,july.4,july.7,july.7,
Mojave,M1,14,open,0,,,,5,,5,5,,95,,,,Y,july.4,july.7,july.7,
Mojave,M1,15,ephedra,1.4538,240,125,120,3,1,35,25,0,50,5,20,,,,,july.6,
Mojave,M1,15,larrea,0.4407,280,205,200,9,1,19,20,0,80,,,,,,,july.6,
Mojave,M1,15,open,0,,,,3,,10,3,0,97,,,,,,,july.6,
Mojave,M1,16,ephedra,1.7304,140,120,110,1,0,17,15,0,85,,,,,,,july.6,
Mojave,M1,16,larrea,0.8109,325,270,180,4,0,13,15,0,85,,,,,,,july.6,
Mojave,M1,16,open,1.902,,,,1,,13,8,0,92,,,,,,,july.6,
Mojave,M1,17,ephedra,1.6714,180,125,120,0,0,20,10,0,90,,,,,,,july.6,
Mojave,M1,17,larrea,0.591,315,210,205,2,0,11,15,0,85,,,,,,,july.6,
Mojave,M1,17,open,0.674,,,,7,,13,15,0,85,,,,,,,july.6,
Mojave,M1,18,ephedra,2.9426,160,130,70,2,1,26,8,0,92,,,,Y,july.4,july.7,july.7,
Mojave,M1,18,larrea,1.8698,170,155,145,1,1,20,20,0,80,,,,Y,july.4,july.7,july.7,
Mojave,M1,18,open,3.0682,,,,4,,15,20,0,80,,,,Y,july.4,july.7,july.7,
Mojave,M1,19,ephedra,4.3501,215,210,115,3,0,29,25,0,75,,,,,,,july.6,
Mojave,M1,19,larrea,0.9825,325,245,180,1,0,14,5,0,95,,,,,,,july.6,
Mojave,M1,19,open,0.1117,,,,6,,19,8,0,92,,,,,,,july.6,
Mojave,M1,20,ephedra,0.6141,160,105,110,0,1,27,15,0,85,,,,,,,july.6,
Mojave,M1,20,larrea,2.5858,260,160,175,1,0,19,15,0,85,,,,,,,july.6,
Mojave,M1,20,open,2.9508,,,,1,,15,6,0,94,,,,,,,july.6,
Mojave,M1,21,ephedra,1.2349,225,155,110,2,1,39,20,0,65,15,,,,,,july.6,
Mojave,M1,21,larrea,1.8758,195,110,160,2,0,17,10,,65,25,,,,,,july.6,
Mojave,M1,21,open,2.2011,,,,9,,16,4,0,96,,,,,,,july.7,
Mojave,M1,22,ephedra,0.7263,240,225,140,6,1,25,10,0,70,20,,,Y,july.4,july.7,july.7,
Mojave,M1,22,larrea,0,190,150,135,1,0,14,5,0,90,5,,,Y,july.4,july.7,july.7,
Mojave,M1,22,open,0.7843,,,,5,,5,3,0,97,,,,Y,july.4,july.7,july.6,
Mojave,M1,23,ephedra,0.071,120,115,90,0,0,19,5,0,95,,,,,,,july.6,
Mojave,M1,23,larrea,1.9347,250,225,190,1,0,15,8,0,92,,,,,,,july.6,
Mojave,M1,23,open,0,,,,0,0,0,0,0,100,,,,,,,july.6,
Mojave,M1,24,ephedra,2.1408,155,140,85,2,0,28,20,0,80,,,,,,,july.6,
Mojave,M1,24,larrea,1.4506,365,335,180,4,0,16,8,0,91,,,,,,,july.6,
Mojave,M1,24,open,1.3611,,,,4,,7,5,0,95,,,,,,,july.6,
Mojave,M1,25,ephedra,1.1267,225,180,100,6,0,18,2,0,98,,,,,,,july.6,
Mojave,M1,25,larrea,0.1722,310,270,195,2,1,15,8,0,92,,,,,,,july.6,
Mojave,M1,25,open,0.9924,,,,1,,9,10,0,90,,,,,,,july.6,
Mojave,M1,26,ephedra,0,150,145,95,1,1,6,3,0,97,,,,Y,july.4,july.7,july.7,
Mojave,M1,26,larrea,1.229,185,100,135,2,0,5,15,0,85,,,,Y,july.4,july.7,july.7,
Mojave,M1,26,open,0.9276,,,,3,,7,5,0,95,,,,Y,july.4,july.7,july.7,
Mojave,M1,27,ephedra,2.1819,220,180,105,6,0,32,15,0,85,,,,,,,july.6,a lot of branches but they don't touch ground
Mojave,M1,27,larrea,1.2824,340,335,230,4,0,12,10,0,90,,,,,,,july.6,
Mojave,M1,27,open,0.1353,,,,2,,6,3,0,97,,,,,,,july.6,
Mojave,M1,28,ephedra,1.3746,190,170,115,1,1,28,5,0,95,,,,,,,july.6,
Mojave,M1,28,larrea,1.3898,245,170,145,3,0,19,15,0,85,,,,,,,july.6,
Mojave,M1,28,open,0,,,,4,,6,3,0,97,,,,,,,july.6,
Mojave,M1,29,ephedra,4.7343,220,145,95,0,0,37,35,0,65,,,,,,,july.6,
Mojave,M1,29,larrea,1.1369,425,380,175,2,0,15,8,0,92,,,,,,,july.6,
Mojave,M1,29,open,0,,,,4,0,0,0,0,80,,20,,,,,july.6,
Mojave,M1,30,ephedra,0,260,145,100,0,0,36,30,0,70,,,,Y,july.4,july.7,july.7,
Mojave,M1,30,larrea,2.2264,335,300,250,5,1,29,20,0,0,80,,,Y,july.4,july.7,july.7,
Mojave,M1,30,open,9.976,,,,0,,30,30,0,70,,,,Y,july.4,july.7,july.7,
Mojave,M2,1,ephedra,0.185,115,55,65,0,0,6,5,0,95,,,,,,,july.7,
Mojave,M2,1,larrea,2.0139,465,445,485,1,1,23,15,0,85,,,,,,,july.6,
Mojave,M2,1,open,0.0849,,,,0,,8,3,0,97,,,,,,,july.6,
Mojave,M2,2,ephedra,0.9947,255,210,115,0,0,24,10,0,90,,,,Y,july.4,july.7,july.7,
Mojave,M2,2,larrea,1.1659,375,270,250,5,2,15,15,0,85,,,,Y,july.4,july.7,july.7,
Mojave,M2,2,open,2.75,,,,4,,15,8,0,92,,,,Y,july.4,july.7,july.7,
Mojave,M2,3,ephedra,2.3849,265,255,140,2,0,20,20,0,80,,,,,,,july.7,
Mojave,M2,3,larrea,3.601,390,200,205,0,0,16,10,0,70,20,,,,,,july.6,
Mojave,M2,3,open,0,,,,1,,0,0,0,100,,,,,,,july.6,
Mojave,M2,4,ephedra,1.5931,180,180,100,0,0,26,25,0,75,,,,,,,july.7,
Mojave,M2,4,larrea,0.6842,305,285,175,1,1,15,10,0,90,,,,,,,july.6,
Mojave,M2,4,open,0.1435,,,,0,,25,3,0,98,,,,,,,july.6,
Mojave,M2,5,ephedra,1.7682,120,105,70,0,0,29,15,0,85,,,,,,,july.7,
Mojave,M2,5,larrea,0.8517,270,255,215,0,0,12,20,0,80,,,,,,,july.6,
Mojave,M2,5,open,0.3618,,,,0,,13,3,0,97,,,,,,,july.6,
Mojave,M2,6,ephedra,1.3521,200,200,110,0,0,23,20,0,80,,,,Y,july.4,july.7,july.7,
Mojave,M2,6,larrea,0.2227,535,330,260,0,2,8,10,0,90,,,,Y,july.4,july.7,july.7,
Mojave,M2,6,open,0.0637,,,,0,,9,5,0,95,,,,Y,july.4,july.7,july.7,
Mojave,M2,7,ephedra,4.0722,235,200,135,0,0,40,35,0,65,,,,,,,july.7,
Mojave,M2,7,larrea,0.2513,275,195,120,1,0,15,12,0,88,,,,,,,july.6,
Mojave,M2,7,open,0.636,,,,1,,14,4,0,96,,,,,,,july.6,
Mojave,M2,8,ephedra,1.118,305,205,130,1,0,26,20,0,80,,,,,,,july.7,
Mojave,M2,8,larrea,0.6816,245,335,290,4,1,10,15,0,75,10,,,,,,july.6,
Mojave,M2,8,open,0,,,,1,,0,0,,100,,,,,,,july.6,
Mojave,M2,9,ephedra,5.4802,155,115,100,1,0,29,35,0,65,,,,,,,july.7,
Mojave,M2,9,larrea,0,310,165,145,4,0,10,1,0,99,,,,,,,july.6,
Mojave,M2,9,open,0,,,,0,,0,0,0,100,,,,,,,july.6,
Mojave,M2,10,ephedra,0.9115,315,180,130,0,0,27,20,0,80,,,,Y,july.4,july.7,july.7,
Mojave,M2,10,larrea,1.1214,280,155,205,1,0,20,15,0,85,,,,Y,july.4,july.7,july.7,
Mojave,M2,10,open,0,,,,2,,0,0,0,100,,,,Y,july.4,july.7,july.7,
Mojave,M2,11,ephedra,1.7677,225,215,110,0,0,19,20,0,80,,,,,,,july.7,
Mojave,M2,11,larrea,2.7213,295,295,165,0,0,28,35,0,65,,,,,,,july.6,
Mojave,M2,11,open,0.4568,,,,1,,14,6,0,94,,,,,,,july.6,
Mojave,M2,12,ephedra,0.8416,155,135,95,0,0,16,10,0,90,,,,,,,july.7,
Mojave,M2,12,larrea,1.3665,270,150,175,0,0,22,25,0,75,,,,,,,july.6,
Mojave,M2,12,open,0.0001,,,,0,,12,3,0,97,,,,,,,july.6,
Mojave,M2,13,ephedra,0.6451,205,150,125,0,1,22,15,0,85,,,,,,,july.7,
Mojave,M2,13,larrea,3.0386,265,195,190,1,1,23,30,0,70,,,,,,,july.6,
Mojave,M2,13,open,0.2047,,,,0,,5,8,0,92,,,,,,,july.6,
Mojave,M2,14,ephedra,0.3475,220,190,110,0,0,29,25,0,75,,,,Y,july.4,july.7,july.7,
Mojave,M2,14,larrea,0.1926,315,245,185,0,0,11,10,0,90,,,,N,july.4,july.7,july.7,pitfall out
Mojave,M2,14,open,0.0872,,,,2,,3,4,0,96,,,,Y,july.4,july.7,july.7,
Mojave,M2,15,ephedra,2.0914,225,225,105,0,1,29,25,0,75,,,,,,,july.7,
Mojave,M2,15,larrea,5.6184,355,235,245,1,0,26,45,0,55,,,,,,,july.6,
Mojave,M2,15,open,0,,,,0,,0,0,0,100,,,,,,,july.6,
Mojave,M2,16,ephedra,3.1928,190,160,95,0,0,28,25,0,75,,,,,,,july.7,
Mojave,M2,16,larrea,2.0947,375,350,235,2,1,20,55,0,45,,,,,,,july.6,
Mojave,M2,16,open,0.0448,,,,0,,10,3,0,97,,,,,,,july.7,
Mojave,M2,17,ephedra,3.4664,165,145,115,0,0,28,25,0,75,,,,,,,july.7,
Mojave,M2,17,larrea,3.2979,145,140,110,2,1,20,65,0,35,,,,,,,july.6,
Mojave,M2,17,open,0,,,,0,,6,6,0,94,,,,,,,july.7,
Mojave,M2,18,ephedra,0.8202,185,175,85,0,0,28,35,0,65,,,,Y,july.5,july.8,july.8,
Mojave,M2,18,larrea,0.5234,330,240,245,11,0,10,15,0,85,,,,Y,july.5,july.8,july.8,
Mojave,M2,18,open,0.3986,,,,0,,5,3,0,97,,,,Y,july.5,july.8,july.8,
Mojave,M2,19,ephedra,3.0165,245,190,115,2,0,3,20,0,80,,,,,,,july.7,
Mojave,M2,19,larrea,1.3883,385,300,210,4,0,19,20,0,80,,,,,,,july.6,
Mojave,M2,19,open,0.2375,,,,0,,9,5,0,95,,,,,,,july.7,
Mojave,M2,20,ephedra,2.6693,180,170,95,0,0,28,30,0,70,,,,,,,july.7,
Mojave,M2,20,larrea,3.5251,305,370,205,2,0,19,40,0,60,,,,,,,july.6,
Mojave,M2,20,open,0.107,,,,0,6,0,8,0,92,,,,,,,july.7,
Mojave,M2,21,ephedra,0.4835,140,115,110,0,0,21,2,0,53,45,,,,,,july.7,
Mojave,M2,21,larrea,0.3851,260,260,145,0,0,7,20,0,80,,,,,,,july.6,
Mojave,M2,21,open,0.1647,,,,0,,12,3,0,97,,,,,,,july.7,
Mojave,M2,22,ephedra,1.9529,170,120,75,0,0,24,20,0,80,,,,N,july.5,july.8,july.8,pitfall out
Mojave,M2,22,larrea,2.5442,325,130,250,2,0,23,30,0,70,,,,Y,july.5,july.8,july.8,
Mojave,M2,22,open,1.7835,,,,1,,12,15,0,85,,,,Y,july.5,july.8,july.8,
Mojave,M2,23,ephedra,0.2881,110,110,85,0,2,16,15,0,85,,,,,,,july.7,
Mojave,M2,23,larrea,0.6458,280,205,215,1,3,15,25,0,75,,,,,,,july.6,
Mojave,M2,23,open,0.814,,,,1,,11,10,0,90,,,,,,,july.7,
Mojave,M2,24,ephedra,1.3882,130,80,100,0,0,25,25,0,75,,,,,,,july.7,
Mojave,M2,24,larrea,2.6099,325,320,235,0,0,24,50,0,50,,,,,,,july.6,
Mojave,M2,24,open,0.7022,,,,1,,14,8,0,92,,,,,,,july.7,
Mojave,M2,25,ephedra,1.9464,220,145,115,1,0,26,30,0,70,,,,,,,july.7,
Mojave,M2,25,larrea,1.5516,215,170,135,2,8,19,20,0,80,,,,,,,july.6,
Mojave,M2,25,open,0.2133,,,,0,,12,4,0,96,,,,,,,july.7,
Mojave,M2,26,ephedra,1.7379,130,130,110,0,0,13,25,0,75,,,,Y,july.5,july.8,july.8,
Mojave,M2,26,larrea,4.1079,280,225,180,0,0,20,20,0,80,,,,N,july.5,july.8,july.8,pitfall filled with soil
Mojave,M2,26,open,0.4663,,,,1,,5,6,0,94,,,,Y,july.5,july.8,july.8,
Mojave,M2,27,ephedra,1.4249,190,185,95,0,0,14,25,0,75,,,,,,,july.7,
Mojave,M2,27,larrea,2.1894,185,180,100,0,0,26,15,0,65,20,,,,,,july.6,
Mojave,M2,27,open,0.3067,,,,5,,18,15,0,85,,,,,,,july.7,
Mojave,M2,28,ephedra,1.2152,260,220,155,0,0,28,8,0,92,,,,,,,july.7,
Mojave,M2,28,larrea,1.1963,385,375,205,3,0,13,15,0,85,,,,,,,july.6,
Mojave,M2,28,open,0,,,,3,,0,0,0,100,,,,,,,july.7,
Mojave,M2,29,ephedra,0.9648,110,95,70,0,0,15,6,0,94,,,,,,,july.7,
Mojave,M2,29,larrea,0.613,500,400,270,2,0,22,15,0,85,,,,,,,july.6,
Mojave,M2,29,open,0.4313,,,,1,,10,5,0,95,,,,,,,july.7,
Mojave,M2,30,ephedra,1.2223,210,170,130,0,0,20,10,0,65,25,,,Y,july.5,july.8,july.8,
Mojave,M2,30,larrea,0,385,380,250,1,0,0,0,0,100,,,,Y,july.5,july.8,july.8,
Mojave,M2,30,open,0.086,,,,3,,15,8,0,92,,,,N,july.5,july.8,july.8,
Mojave,M3,1,ephedra,0.7797,245,145,120,0,2,20,5,0,95,,,,,,,july.8,
Mojave,M3,1,larrea,4.0735,155,130,130,0,0,23,15,0,85,,,,,,,july.8,
Mojave,M3,1,open,0.0969,,,,0,,5,4,0,96,,,,,,,july.8,
Mojave,M3,2,ephedra,0.0436,215,180,110,1,0,8,3,0,97,,,,Y,july.5,july.8,july.8,
Mojave,M3,2,larrea,0,155,140,115,0,0,26,5,0,95,,,,Y,july.5,july.8,july.8,
Mojave,M3,2,open,0.04,,,,0,,6,4,0,96,,,,Y,july.5,july.8,july.8,
Mojave,M3,3,ephedra,1.2947,175,120,80,1,1,29,5,0,95,,,,,,,july.8,
Mojave,M3,3,larrea,0.8913,225,120,150,1,0,13,20,0,80,,,,,,,july.8,
Mojave,M3,3,open,0,,,,0,,0,0,0,100,,,,,,,july.8,
Mojave,M3,4,ephedra,0.1101,195,145,105,0,0,13,5,0,95,,,,,,,july.8,
Mojave,M3,4,larrea,0.3044,245,175,155,5,0,37,15,0,75,15,,,,,,july.8,
Mojave,M3,4,open,0.219,,,,0,,6,4,0,96,,,,,,,july.8,
Mojave,M3,5,ephedra,0.1489,140,115,80,0,0,11,4,0,96,,,,,,,july.8,
Mojave,M3,5,larrea,0.7496,115,80,175,0,0,9,8,0,92,,,,,,,july.8,
Mojave,M3,5,open,0,,,,0,,0,0,0,100,,,,,,,july.8,
Mojave,M3,6,ephedra,0.2875,140,95,65,0,0,6,8,0,47,45,,,Y,july.5,july.8,july.8,
Mojave,M3,6,larrea,1.0139,370,255,130,9,2,24,6,0,94,,,,Y,july.5,july.8,july.8,
Mojave,M3,6,open,0.3769,,,,0,,13,5,0,95,,,,Y,july.5,july.8,july.8,
Mojave,M3,7,ephedra,0.7204,115,65,60,0,0,6,10,0,90,,,,,,,july.8,
Mojave,M3,7,larrea,0.9576,255,220,155,1,0,8,15,0,85,,,,,,,july.8,
Mojave,M3,7,open,0,,,,1,,4,1,0,99,,,,,,,july.8,
Mojave,M3,8,ephedra,2.5926,75,40,55,0,0,17,10,0,90,,,,,,,july.8,
Mojave,M3,8,larrea,1.1535,245,165,165,2,1,14,25,0,75,,,,,,,july.8,
Mojave,M3,8,open,0.4606,,,,0,,10,4,0,96,,,,,,,july.8,
Mojave,M3,9,ephedra,0.352,75,60,55,0,0,22,10,0,90,,,,,,,july.8,
Mojave,M3,9,larrea,0.2869,95,90,55,1,2,14,8,0,92,,,,,,,july.8,
Mojave,M3,9,open,0.028,,,,1,,6,2,0,98,,,,,,,july.8,
Mojave,M3,10,ephedra,2.0942,135,55,55,0,0,16,30,0,70,,,,Y,july.5,july.8,july.8,
Mojave,M3,10,larrea,0.6731,160,95,75,1,2,9,15,0,85,,,,Y,july.5,july.8,july.8,
Mojave,M3,10,open,0.0657,,,,0,,5,3,0,97,,,,N,july.5,july.8,july.8,
Mojave,M3,11,ephedra,0.9534,145,140,80,0,0,28,20,0,80,,,,,,,july.8,
Mojave,M3,11,larrea,0.3809,185,150,150,1,0,10,20,0,80,,,,,,,july.8,
Mojave,M3,11,open,0.2319,,,,0,,5,3,0,97,,,,,,,july.8,
Mojave,M3,12,ephedra,0.6614,110,85,55,0,1,5,15,0,85,,,,,,,july.8,
Mojave,M3,12,larrea,3.41,150,135,95,1,0,19,35,0,65,,,,,,,july.8,
Mojave,M3,12,open,0.0675,,,,0,,5,3,0,97,,,,,,,july.8,
Mojave,M3,13,ephedra,0.2934,85,55,60,0,0,28,5,0,95,,,,,,,july.8,
Mojave,M3,13,larrea,1.0712,240,471,110,4,1,21,25,0,75,,,,,,,july.8,
Mojave,M3,13,open,0.0843,,,,1,,2,3,0,97,,,,,,,july.8,
Mojave,M3,14,ephedra,0.2098,135,115,85,0,0,4,61,0,14,25,,,Y,july.5,july.8,july.8,
Mojave,M3,14,larrea,1.6792,220,155,140,1,0,7,10,0,90,,,,Y,july.5,july.8,july.8,
Mojave,M3,14,open,0,,,,0,,0,0,0,100,,,,N,july.5,july.8,july.8,pitfall gone
Mojave,M3,15,ephedra,2.6082,75,60,55,0,0,19,15,0,85,,,,,,,july.8,
Mojave,M3,15,larrea,0.984,275,270,170,3,0,24,20,0,80,,,,,,,july.8,
Mojave,M3,15,open,0.2894,,,,0,,3,3,0,97,,,,,,,july.8,
Mojave,M3,16,ephedra,1.1774,115,95,65,0,0,20,20,0,80,,,,,,,july.8,
Mojave,M3,16,larrea,0.2961,210,175,135,4,1,10,20,0,80,,,,,,,july.8,
Mojave,M3,16,open,0.0691,,,,1,,5,2,0,98,,,,,,,july.8,
Mojave,M3,17,ephedra,2.301,100,85,75,0,0,24,15,0,85,,,,,,,july.8,
Mojave,M3,17,larrea,1.3755,240,170,90,3,0,15,25,0,75,,,,,,,july.8,
Mojave,M3,17,open,0.0821,,,,0,,3,3,0,97,,,,,,,july.8,
Mojave,M3,18,ephedra,0.3958,95,60,55,0,0,14,15,0,85,,,,Y,july.5,july.8,july.8,
Mojave,M3,18,larrea,0.7412,145,130,85,0,0,17,20,0,80,,,,Y,july.5,july.8,july.8,
Mojave,M3,18,open,0,,,,0,,4,2,0,98,,,,Y,july.5,july.8,july.8,
Mojave,M3,19,ephedra,0.8759,85,60,55,0,0,25,15,0,85,,,,,,,july.8,
Mojave,M3,19,larrea,0.8193,295,245,155,4,0,6,25,0,75,,,,,,,july.8,
Mojave,M3,19,open,0.0448,,,,0,,3,2,0,98,,,,,,,july.8,
Mojave,M3,20,ephedra,2.1173,115,105,50,2,3,20,15,0,85,,,,,,,july.8,
Mojave,M3,20,larrea,2.4635,420,250,155,3,0,16,30,0,70,,,,,,,july.8,
Mojave,M3,20,open,0,,,,0,,0,0,0,100,,,,,,,july.8,
Mojave,M3,21,ephedra,0.5774,125,85,70,0,0,21,15,0,85,,,,,,,july.8,
Mojave,M3,21,larrea,1.2936,120,70,75,1,0,24,15,0,85,,,,,,,july.8,
Mojave,M3,21,open,0.0843,,,,0,,5,3,0,97,,,,,,,july.8,
Mojave,M3,22,ephedra,0.3622,105,85,70,0,0,4,8,0,92,,,,Y,july.5,july.8,july.8,
Mojave,M3,22,larrea,1.5863,190,140,105,0,0,17,25,0,75,,,,N,july.5,july.8,july.8,
Mojave,M3,22,open,0,,,,0,,0,0,0,100,,,,Y,july.5,july.8,july.8,
Mojave,M3,23,ephedra,0.1757,155,115,80,2,0,12,10,0,90,,,,,,,july.8,
Mojave,M3,23,larrea,2.9641,185,175,135,0,0,25,35,0,65,,,,,,,july.8,
Mojave,M3,23,open,0,,,,1,,3,1,0,99,,,,,,,july.8,
Mojave,M3,24,ephedra,1.2513,100,60,60,0,0,16,4,0,96,,,,,,,july.8,
Mojave,M3,24,larrea,0.4791,130,120,110,2,0,24,15,0,85,,,,,,,july.8,
Mojave,M3,24,open,0,,,,0,,0,0,0,100,,,,,,,july.8,
Mojave,M3,25,ephedra,0.5845,75,55,65,0,0,6,10,0,90,,,,,,,july.8,
Mojave,M3,25,larrea,0.2839,75,65,65,0,0,15,25,0,75,,,,,,,july.8,
Mojave,M3,25,open,0.2118,,,,0,,3,3,0,97,,,,,,,july.8,
Mojave,M3,26,ephedra,0.7399,85,55,65,0,0,12,10,0,90,,,,Y,july.5,july.8,july.8,
Mojave,M3,26,larrea,0.7124,125,115,75,1,1,12,15,0,85,,,,Y,july.5,july.8,july.8,
Mojave,M3,26,open,0.1819,,,,0,,6,4,0,96,,,,Y,july.5,july.8,july.8,
Mojave,M3,27,ephedra,0.8534,75,55,45,2,1,16,15,0,85,,,,,,,july.8,
Mojave,M3,27,larrea,2.1562,145,140,80,1,0,58,15,0,85,,,,,,,july.8,
Mojave,M3,27,open,0.0982,,,,0,,5,3,0,97,,,,,,,july.8,
Mojave,M3,28,ephedra,1.7276,135,125,70,0,0,22,10,0,55,35,,,,,,july.8,
Mojave,M3,28,larrea,0.1588,160,150,125,1,3,13,10,0,80,,,,,,,july.8,
Mojave,M3,28,open,0.1957,,,,0,,4,2,0,98,,,,,,,july.8,
Mojave,M3,29,ephedra,0.5032,105,85,65,0,0,23,20,0,80,,,,,,,july.8,
Mojave,M3,29,larrea,0.6598,170,140,125,0,0,6,60,0,25,15,,,,,,july.8,
Mojave,M3,29,open,0.1613,,,,0,,4,3,0,97,,,,,,,july.8,
Mojave,M3,30,ephedra,0,180,135,85,1,0,22,15,0,85,,,,Y,july.5,july.8,july.8,
Mojave,M3,30,larrea,0.8907,240,145,100,6,0,20,25,0,75,,,,Y,july.5,july.8,july.8,
Mojave,M3,30,open,0.1353,,,,0,,3,5,0,95,,,,Y,july.5,july.8,july.8,
